departement,code_commune,nom
01,001,L'Abergement-Clémenciat
01,002,L'Abergement-de-Varey
01,004,Ambérieu-en-Bugey
01,005,Ambérieux-en-Dombes
01,006,Ambléon
01,007,Ambronay
01,008,Ambutrix
01,009,Andert-et-Condon
01,010,Anglefort
01,011,Apremont
01,012,Aranc
01,013,Arandas
01,014,Arbent
01,015,Arboys en Bugey
01,016,Arbigny
01,017,Argis
01,019,Armix
01,021,Ars-sur-Formans
01,022,Artemare
01,023,Asnières-sur-Saône
01,024,Attignat
01,025,Bâgé-Dommartin
01,026,Bâgé-le-Châtel
01,027,Balan
01,028,Baneins
01,029,Beaupont
01,030,Beauregard
01,031,Bellignat
01,032,Béligneux
01,033,Valserhône
01,034,Belley
01,035,Belleydoux
01,036,Valromey-sur-Séran
01,037,Bénonces
01,038,Bény
01,040,Béréziat
01,041,Bettant
01,042,Bey
01,043,Beynost
01,044,Billiat
01,045,Birieux
01,046,Biziat
01,047,Blyes
01,049,La Boisse
01,050,Boissey
01,051,Bolozon
01,052,Bouligneux
01,053,Bourg-en-Bresse
01,054,Bourg-Saint-Christophe
01,056,Boyeux-Saint-Jérôme
01,057,Boz
01,058,Brégnier-Cordon
01,060,Brénod
01,061,Brens
01,062,Bressolles
01,063,Brion
01,064,Briord
01,065,Buellas
01,066,La Burbanche
01,067,Ceignes
01,068,Cerdon
01,069,Certines
01,071,Cessy
01,072,Ceyzériat
01,073,Ceyzérieu
01,074,Chalamont
01,075,Chaleins
01,076,Chaley
01,077,Challes-la-Montagne
01,078,Challex
01,079,Champagne-en-Valromey
01,080,Champdor-Corcelles
01,081,Champfromier
01,082,Chanay
01,083,Chaneins
01,084,Chanoz-Châtenay
01,085,La Chapelle-du-Châtelard
01,087,Charix
01,088,Charnoz-sur-Ain
01,089,Château-Gaillard
01,090,Châtenay
01,092,Châtillon-la-Palud
01,093,Châtillon-sur-Chalaronne
01,094,Chavannes-sur-Reyssouze
01,095,Nivigne et Suran
01,096,Chaveyriat
01,098,Chazey-Bons
01,099,Chazey-sur-Ain
01,100,Cheignieu-la-Balme
01,101,Chevillard
01,102,Chevroux
01,103,Chevry
01,104,Chézery-Forens
01,105,Civrieux
01,106,Cize
01,107,Cleyzieu
01,108,Coligny
01,109,Collonges
01,110,Colomieu
01,111,Conand
01,112,Condamine
01,113,Condeissiat
01,114,Confort
01,115,Confrançon
01,116,Contrevoz
01,117,Conzieu
01,118,Corbonod
01,121,Corlier
01,123,Cormoranche-sur-Saône
01,124,Cormoz
01,125,Corveissiat
01,127,Courmangoux
01,128,Courtes
01,129,Crans
01,130,Bresse Vallons
01,133,Cressin-Rochefort
01,134,Crottet
01,135,Crozet
01,136,Cruzilles-lès-Mépillat
01,138,Culoz-Béon
01,139,Curciat-Dongalon
01,140,Curtafond
01,141,Cuzieu
01,142,Dagneux
01,143,Divonne-les-Bains
01,145,Dompierre-sur-Veyle
01,146,Dompierre-sur-Chalaronne
01,147,Domsure
01,148,Dortan
01,149,Douvres
01,150,Drom
01,151,Druillat
01,152,Échallon
01,153,Échenevex
01,155,Évosges
01,156,Faramans
01,157,Fareins
01,158,Farges
01,159,Feillens
01,160,Ferney-Voltaire
01,162,Flaxieu
01,163,Foissiat
01,165,Francheleins
01,166,Frans
01,167,Garnerans
01,169,Genouilleux
01,170,Béard-Géovreissiat
01,171,Géovreisset
01,173,Gex
01,174,Giron
01,175,Gorrevod
01,177,Grand-Corent
01,179,Grièges
01,180,Grilly
01,181,Groissiat
01,183,Guéreins
01,184,Hautecourt-Romanèche
01,185,Plateau d'Hauteville
01,187,Haut Valromey
01,188,Illiat
01,189,Injoux-Génissiat
01,190,Innimond
01,191,Izenave
01,192,Izernore
01,193,Izieu
01,194,Jassans-Riottier
01,195,Jasseron
01,196,Jayat
01,197,Journans
01,198,Joyeux
01,199,Jujurieux
01,200,Labalme
01,202,Lagnieu
01,203,Laiz
01,204,Le Poizat-Lalleyriat
01,206,Lantenay
01,207,Lapeyrouse
01,208,Lavours
01,209,Léaz
01,210,Lélex
01,211,Lent
01,212,Lescheroux
01,213,Leyment
01,214,Leyssard
01,215,Surjoux-Lhopital
01,216,Lhuis
01,219,Lompnas
01,224,Loyettes
01,225,Lurcy
01,227,Magnieu
01,228,Maillat
01,229,Malafretaz
01,230,Mantenay-Montlin
01,231,Manziat
01,232,Marboz
01,233,Marchamp
01,234,Marignieu
01,235,Marlieux
01,236,Marsonnas
01,237,Martignat
01,238,Massieux
01,239,Massignieu-de-Rives
01,240,Matafelon-Granges
01,241,Meillonnas
01,242,Mérignat
01,243,Messimy-sur-Saône
01,244,Meximieux
01,245,Bohas-Meyriat-Rignat
01,246,Mézériat
01,247,Mijoux
01,248,Mionnay
01,249,Miribel
01,250,Misérieux
01,252,Mogneneins
01,254,Montagnat
01,255,Montagnieu
01,257,Montanges
01,258,Montceaux
01,259,Montcet
01,260,Le Montellier
01,261,Monthieux
01,262,Montluel
01,263,Montmerle-sur-Saône
01,264,Montracol
01,265,Montréal-la-Cluse
01,266,Montrevel-en-Bresse
01,267,Nurieux-Volognat
01,268,Murs-et-Gélignieux
01,269,Nantua
01,272,Neuville-les-Dames
01,273,Neuville-sur-Ain
01,274,Les Neyrolles
01,275,Neyron
01,276,Niévroz
01,277,Nivollet-Montgriffon
01,279,Oncieu
01,280,Ordonnaz
01,281,Ornex
01,282,Outriaz
01,283,Oyonnax
01,284,Ozan
01,285,Parcieux
01,286,Parves et Nattages
01,288,Péron
01,289,Péronnas
01,290,Pérouges
01,291,Perrex
01,293,Peyriat
01,294,Peyrieu
01,295,Peyzieux-sur-Saône
01,296,Pirajoux
01,297,Pizay
01,298,Plagne
01,299,Le Plantay
01,301,Polliat
01,302,Pollieu
01,303,Poncin
01,304,Pont-d'Ain
01,305,Pont-de-Vaux
01,306,Pont-de-Veyle
01,307,Port
01,308,Pougny
01,309,Pouillat
01,310,Prémeyzel
01,311,Prémillieu
01,313,Prévessin-Moëns
01,314,Priay
01,317,Ramasse
01,318,Rancé
01,319,Relevant
01,320,Replonges
01,321,Revonnas
01,322,Reyrieux
01,323,Reyssouze
01,325,Rignieux-le-Franc
01,328,Romans
01,329,Rossillon
01,331,Saint-Alban
01,332,Saint-André-de-Bâgé
01,333,Saint-André-de-Corcy
01,334,Saint-André-d'Huiriat
01,335,Saint-André-le-Bouchoux
01,336,Saint-André-sur-Vieux-Jonc
01,337,Saint-Bénigne
01,338,Groslée-Saint-Benoit
01,339,Saint-Bernard
01,342,Sainte-Croix
01,343,Saint-Cyr-sur-Menthon
01,344,Saint-Denis-lès-Bourg
01,345,Saint-Denis-en-Bugey
01,346,Saint-Didier-d'Aussiat
01,347,Saint-Didier-de-Formans
01,348,Saint-Didier-sur-Chalaronne
01,349,Saint-Éloi
01,350,Saint-Étienne-du-Bois
01,351,Saint-Étienne-sur-Chalaronne
01,352,Saint-Étienne-sur-Reyssouze
01,353,Sainte-Euphémie
01,354,Saint-Genis-Pouilly
01,355,Saint-Genis-sur-Menthon
01,356,Saint-Georges-sur-Renon
01,357,Saint-Germain-de-Joux
01,358,Saint-Germain-les-Paroisses
01,359,Saint-Germain-sur-Renon
01,360,Saint-Jean-de-Gonville
01,361,Saint-Jean-de-Niost
01,362,Saint-Jean-de-Thurigneux
01,363,Saint-Jean-le-Vieux
01,364,Saint-Jean-sur-Reyssouze
01,365,Saint-Jean-sur-Veyle
01,366,Sainte-Julie
01,367,Saint-Julien-sur-Reyssouze
01,368,Saint-Julien-sur-Veyle
01,369,Saint-Just
01,370,Saint-Laurent-sur-Saône
01,371,Saint-Marcel
01,372,Saint-Martin-de-Bavel
01,373,Saint-Martin-du-Frêne
01,374,Saint-Martin-du-Mont
01,375,Saint-Martin-le-Châtel
01,376,Saint-Maurice-de-Beynost
01,378,Saint-Maurice-de-Gourdans
01,379,Saint-Maurice-de-Rémens
01,380,Saint-Nizier-le-Bouchoux
01,381,Saint-Nizier-le-Désert
01,382,Sainte-Olive
01,383,Saint-Paul-de-Varax
01,384,Saint-Rambert-en-Bugey
01,385,Saint-Rémy
01,386,Saint-Sorlin-en-Bugey
01,387,Saint-Sulpice
01,388,Saint-Trivier-de-Courtes
01,389,Saint-Trivier-sur-Moignans
01,390,Saint-Vulbas
01,391,Salavre
01,392,Samognat
01,393,Sandrans
01,396,Sault-Brénaz
01,397,Sauverny
01,398,Savigneux
01,399,Ségny
01,400,Seillonnaz
01,401,Sergy
01,402,Sermoyer
01,403,Serrières-de-Briord
01,404,Serrières-sur-Ain
01,405,Servas
01,406,Servignat
01,407,Seyssel
01,408,Simandre-sur-Suran
01,410,Sonthonnax-la-Montagne
01,411,Souclin
01,412,Sulignat
01,415,Talissieu
01,416,Tenay
01,418,Thil
01,419,Thoiry
01,420,Thoissey
01,421,Torcieu
01,422,Tossiat
01,423,Toussieux
01,424,Tramoyes
01,425,La Tranclière
01,426,Val-Revermont
01,427,Trévoux
01,428,Valeins
01,429,Vandeins
01,430,Varambon
01,431,Vaux-en-Bugey
01,432,Verjon
01,433,Vernoux
01,434,Versailleux
01,435,Versonnex
01,436,Vesancy
01,437,Vescours
01,439,Vésines
01,441,Vieu-d'Izenave
01,443,Villars-les-Dombes
01,444,Villebois
01,445,Villemotier
01,446,Villeneuve
01,447,Villereversure
01,448,Villes
01,449,Villette-sur-Ain
01,450,Villieu-Loyes-Mollon
01,451,Viriat
01,452,Virieu-le-Grand
01,453,Arvière-en-Valromey
01,454,Virignin
01,456,Vongnes
01,457,Vonnas
02,001,Abbécourt
02,002,Achery
02,003,Acy
02,004,Agnicourt-et-Séchelles
02,005,Aguilcourt
02,006,Aisonville-et-Bernoville
02,007,Aizelles
02,008,Aizy-Jouy
02,009,Alaincourt
02,010,Allemant
02,011,Ambleny
02,012,Ambrief
02,013,Amifontaine
02,014,Amigny-Rouy
02,015,Ancienville
02,016,Andelain
02,017,Anguilcourt-le-Sart
02,018,Anizy-le-Grand
02,019,Annois
02,020,Any-Martin-Rieux
02,021,Archon
02,022,Arcy-Sainte-Restitue
02,023,Armentières-sur-Ourcq
02,024,Arrancy
02,025,Artemps
02,027,Assis-sur-Serre
02,028,Athies-sous-Laon
02,029,Attilly
02,030,Aubencheul-aux-Bois
02,031,Aubenton
02,032,Aubigny-aux-Kaisnes
02,033,Aubigny-en-Laonnois
02,034,Audignicourt
02,035,Audigny
02,036,Augy
02,037,Aulnois-sous-Laon
02,038,Les Autels
02,039,Autremencourt
02,040,Autreppes
02,041,Autreville
02,042,Azy-sur-Marne
02,043,Bagneux
02,044,Bancigny
02,046,Barenton-Bugny
02,047,Barenton-Cel
02,048,Barenton-sur-Serre
02,049,Barisis-aux-Bois
02,050,Barzy-en-Thiérache
02,051,Barzy-sur-Marne
02,052,Bassoles-Aulers
02,053,Vallées en Champagne
02,054,Bazoches-et-Saint-Thibaut
02,055,Beaumé
02,056,Beaumont-en-Beine
02,057,Beaurevoir
02,058,Beaurieux
02,059,Beautor
02,060,Beauvois-en-Vermandois
02,061,Becquigny
02,062,Belleau
02,063,Bellenglise
02,064,Belleu
02,065,Bellicourt
02,066,Benay
02,067,Bergues-sur-Sambre
02,068,Berlancourt
02,069,Berlise
02,070,Bernot
02,071,Berny-Rivière
02,072,Berrieux
02,073,Berry-au-Bac
02,074,Bertaucourt-Epourdon
02,075,Berthenicourt
02,076,Bertricourt
02,078,Besmé
02,079,Besmont
02,080,Besny-et-Loizy
02,081,Béthancourt-en-Vaux
02,082,Beugneux
02,083,Beuvardes
02,084,Bézu-le-Guéry
02,085,Bézu-Saint-Germain
02,086,Bichancourt
02,087,Bieuxy
02,088,Bièvres
02,089,Billy-sur-Aisne
02,090,Billy-sur-Ourcq
02,091,Blanzy-lès-Fismes
02,093,Blérancourt
02,094,Blesmes
02,095,Bohain-en-Vermandois
02,096,Bois-lès-Pargny
02,097,Boncourt
02,098,Bonneil
02,099,Bonnesvalyn
02,100,Bony
02,101,Bosmont-sur-Serre
02,102,Bouconville-Vauclair
02,103,Boué
02,104,Bouffignereux
02,105,Bouresches
02,106,Bourg-et-Comin
02,107,Bourguignon-sous-Coucy
02,108,Bourguignon-sous-Montbavin
02,109,La Bouteille
02,110,Braine
02,111,Brancourt-en-Laonnois
02,112,Brancourt-le-Grand
02,114,Brasles
02,115,Braye-en-Laonnois
02,116,Braye-en-Thiérache
02,117,Bray-Saint-Christophe
02,118,Braye
02,119,Brécy
02,120,Brenelle
02,121,Breny
02,122,Brie
02,123,Brissay-Choigny
02,124,Brissy-Hamégicourt
02,125,Brumetz
02,126,Brunehamel
02,127,Bruyères-sur-Fère
02,128,Bruyères-et-Montbérault
02,129,Bruys
02,130,Bucilly
02,131,Bucy-le-Long
02,132,Bucy-lès-Cerny
02,133,Bucy-lès-Pierrepont
02,134,Buire
02,135,Buironfosse
02,136,Burelles
02,137,Bussiares
02,138,Buzancy
02,139,Caillouël-Crépigny
02,140,Camelin
02,141,La Capelle
02,142,Castres
02,143,Le Catelet
02,144,Caulaincourt
02,145,Caumont
02,146,Celles-lès-Condé
02,148,Celles-sur-Aisne
02,149,Cerizy
02,150,Cerny-en-Laonnois
02,151,Cerny-lès-Bucy
02,152,Cerseuil
02,153,Cessières-Suzy
02,154,Chacrise
02,155,Chaillevois
02,156,Chalandry
02,157,Chambry
02,158,Chamouille
02,159,Champs
02,160,Chaourse
02,162,La Chapelle-sur-Chézy
02,163,Charly-sur-Marne
02,164,Le Charmel
02,165,Charmes
02,166,Chartèves
02,167,Chassemy
02,168,Château-Thierry
02,169,Châtillon-lès-Sons
02,170,Châtillon-sur-Oise
02,171,Chaudardes
02,172,Chaudun
02,173,Chauny
02,174,Chavignon
02,175,Chavigny
02,176,Chavonne
02,177,Chérêt
02,178,Chermizy-Ailles
02,179,Chéry-Chartreuve
02,180,Chéry-lès-Pouilly
02,181,Chéry-lès-Rozoy
02,182,Chevennes
02,183,Chevregny
02,184,Chevresis-Monceau
02,185,Chézy-en-Orxois
02,186,Chézy-sur-Marne
02,187,Chierry
02,188,Chigny
02,189,Chivres-en-Laonnois
02,190,Chivres-Val
02,191,Chivy-lès-Étouvelles
02,192,Chouy
02,193,Cierges
02,194,Cilly
02,195,Ciry-Salsogne
02,196,Clacy-et-Thierret
02,197,Clairfontaine
02,198,Clamecy
02,199,Clastres
02,200,Clermont-les-Fermes
02,201,Cœuvres-et-Valsery
02,203,Coincy
02,204,Coingt
02,205,Colligis-Crandelain
02,206,Colonfay
02,207,Commenchon
02,208,Concevreux
02,209,Condé-en-Brie
02,210,Condé-sur-Aisne
02,211,Condé-sur-Suippe
02,212,Condren
02,213,Connigis
02,214,Contescourt
02,215,Corbeny
02,216,Corcy
02,217,Coucy-le-Château-Auffrique
02,218,Coucy-lès-Eppes
02,219,Coucy-la-Ville
02,220,Coulonges-Cohan
02,221,Coupru
02,222,Courbes
02,223,Courboin
02,224,Courcelles-sur-Vesle
02,225,Courchamps
02,226,Courmelles
02,227,Courmont
02,228,Courtemont-Varennes
02,229,Courtrizy-et-Fussigny
02,230,Couvrelles
02,231,Couvron-et-Aumencourt
02,232,Coyolles
02,233,Cramaille
02,234,Craonne
02,235,Craonnelle
02,236,Crécy-au-Mont
02,237,Crécy-sur-Serre
02,238,Crépy
02,239,Crézancy
02,240,Croix-Fonsomme
02,241,La Croix-sur-Ourcq
02,242,Crouttes-sur-Marne
02,243,Crouy
02,244,Crupilly
02,245,Cuffies
02,246,Cugny
02,248,Cuirieux
02,249,Cuiry-Housse
02,250,Cuiry-lès-Chaudardes
02,251,Cuiry-lès-Iviers
02,252,Cuissy-et-Geny
02,253,Cuisy-en-Almont
02,254,Cutry
02,255,Cys-la-Commune
02,256,Dagny-Lambercy
02,257,Dallon
02,258,Dammard
02,259,Dampleux
02,260,Danizy
02,261,Dercy
02,262,Deuillet
02,263,Dhuizel
02,264,Dizy-le-Gros
02,265,Dohis
02,266,Dolignon
02,267,Dommiers
02,268,Domptin
02,269,Dorengt
02,270,Douchy
02,271,Dravegny
02,272,Droizy
02,273,Dury
02,274,Ébouleau
02,275,Effry
02,276,Englancourt
02,277,Épagny
02,278,Éparcy
02,279,Épaux-Bézu
02,280,Épieds
02,281,L'Épine-aux-Bois
02,282,Eppes
02,283,Erlon
02,284,Erloy
02,286,Esquéhéries
02,287,Essigny-le-Grand
02,288,Essigny-le-Petit
02,289,Essises
02,290,Essômes-sur-Marne
02,291,Estrées
02,292,Étampes-sur-Marne
02,293,Étaves-et-Bocquiaux
02,294,Étouvelles
02,295,Étréaupont
02,296,Étreillers
02,297,Étrépilly
02,298,Étreux
02,299,Évergnicourt
02,302,Faverolles
02,303,Fayet
02,304,La Fère
02,305,Fère-en-Tardenois
02,306,La Ferté-Chevresis
02,307,La Ferté-Milon
02,308,Fesmy-le-Sart
02,309,Festieux
02,310,Fieulaine
02,312,La Flamengrie
02,313,Flavigny-le-Grand-et-Beaurain
02,315,Flavy-le-Martel
02,316,Fleury
02,317,Fluquières
02,318,Folembray
02,319,Fonsomme
02,320,Fontaine-lès-Clercs
02,321,Fontaine-lès-Vervins
02,322,Fontaine-Notre-Dame
02,323,Fontaine-Uterte
02,324,Fontenelle
02,326,Fontenoy
02,327,Foreste
02,328,Fossoy
02,329,Fourdrain
02,330,Francilly-Selency
02,331,Franqueville
02,332,Fresnes-en-Tardenois
02,333,Fresnes-sous-Coucy
02,334,Fresnoy-le-Grand
02,335,Fressancourt
02,336,Frières-Faillouël
02,337,Froidestrées
02,338,Froidmont-Cohartille
02,339,Gandelu
02,340,Gauchy
02,341,Gercy
02,342,Gergny
02,343,Germaine
02,345,Gibercourt
02,346,Gizy
02,347,Gland
02,349,Goudelancourt-lès-Berrieux
02,350,Goudelancourt-lès-Pierrepont
02,351,Goussancourt
02,352,Gouy
02,353,Grandlup-et-Fay
02,354,Grandrieux
02,355,Gricourt
02,356,Grisolles
02,357,Gronard
02,358,Grougis
02,359,Grugies
02,360,Villeneuve-sur-Aisne
02,361,Guise
02,362,Guivry
02,363,Guny
02,364,Guyencourt
02,366,Hannapes
02,367,Happencourt
02,368,Haramont
02,369,Harcigny
02,370,Hargicourt
02,371,Harly
02,372,Hartennes-et-Taux
02,373,Hary
02,374,Lehaucourt
02,375,Hautevesnes
02,376,Hauteville
02,377,Haution
02,378,La Hérie
02,379,Le Hérie-la-Viéville
02,380,Hinacourt
02,381,Hirson
02,382,Holnon
02,383,Homblières
02,384,Houry
02,385,Housset
02,386,Iron
02,387,Itancourt
02,388,Iviers
02,389,Jaulgonne
02,390,Jeancourt
02,391,Jeantes
02,392,Joncourt
02,393,Jouaignes
02,395,Jumencourt
02,396,Jumigny
02,397,Jussy
02,398,Juvigny
02,399,Juvincourt-et-Damary
02,400,Laffaux
02,401,Laigny
02,402,Lanchy
02,403,Landifay-et-Bertaignemont
02,404,Landouzy-la-Cour
02,405,Landouzy-la-Ville
02,406,Landricourt
02,407,Laniscourt
02,408,Laon
02,409,Lappion
02,410,Largny-sur-Automne
02,411,Latilly
02,412,Launoy
02,413,Laval-en-Laonnois
02,414,Lavaqueresse
02,415,Laversine
02,416,Lemé
02,417,Lempire
02,418,Lerzy
02,419,Leschelle
02,420,Lesdins
02,421,Lesges
02,422,Lesquielles-Saint-Germain
02,423,Leuilly-sous-Coucy
02,424,Leury
02,425,Leuze
02,426,Levergies
02,427,Lhuys
02,428,Licy-Clignon
02,429,Lierval
02,430,Liesse-Notre-Dame
02,431,Liez
02,432,Limé
02,433,Lislet
02,435,Logny-lès-Aubenton
02,438,Longpont
02,439,Les Septvallons
02,440,Lor
02,441,Louâtre
02,442,Loupeigne
02,443,Lucy-le-Bocage
02,444,Lugny
02,445,Luzoir
02,446,Ly-Fontaine
02,447,Maast-et-Violaine
02,448,Mâchecourt
02,449,Macogny
02,450,Macquigny
02,451,Magny-la-Fosse
02,452,Maissemy
02,453,Maizy
02,454,La Malmaison
02,455,Malzy
02,456,Manicamp
02,457,Marchais
02,458,Dhuys et Morin-en-Brie
02,459,Marcy
02,460,Marcy-sous-Marle
02,461,Marest-Dampcourt
02,462,Mareuil-en-Dôle
02,463,Marfontaine
02,464,Margival
02,465,Marigny-en-Orxois
02,466,Marizy-Sainte-Geneviève
02,467,Marizy-Saint-Mard
02,468,Marle
02,469,Marly-Gomont
02,470,Martigny
02,471,Martigny-Courpierre
02,472,Mauregny-en-Haye
02,473,Mayot
02,474,Mennessis
02,476,Mennevret
02,477,Mercin-et-Vaux
02,478,Merlieux-et-Fouquerolles
02,480,Mesbrecourt-Richecourt
02,481,Mesnil-Saint-Laurent
02,482,Meurival
02,483,Mézières-sur-Oise
02,484,Mézy-Moulins
02,485,Missy-aux-Bois
02,486,Missy-lès-Pierrepont
02,487,Missy-sur-Aisne
02,488,Molain
02,489,Molinchart
02,490,Monampteuil
02,491,Monceau-le-Neuf-et-Faucouzy
02,492,Monceau-lès-Leups
02,493,Monceau-le-Waast
02,494,Monceau-sur-Oise
02,495,Mondrepuis
02,496,Monnes
02,497,Mons-en-Laonnois
02,498,Montaigu
02,499,Montbavin
02,500,Montbrehain
02,501,Montchâlons
02,502,Montcornet
02,503,Mont-d'Origny
02,504,Montescourt-Lizerolles
02,505,Montfaucon
02,506,Montgobert
02,507,Montgru-Saint-Hilaire
02,508,Monthenault
02,509,Monthiers
02,510,Monthurel
02,511,Montigny-en-Arrouaise
02,512,Montigny-l'Allier
02,513,Montigny-le-Franc
02,514,Montigny-Lengrain
02,515,Montigny-lès-Condé
02,516,Montigny-sous-Marle
02,517,Montigny-sur-Crécy
02,518,Montlevon
02,519,Montloué
02,520,Mont-Notre-Dame
02,521,Montreuil-aux-Lions
02,522,Mont-Saint-Jean
02,523,Mont-Saint-Martin
02,524,Mont-Saint-Père
02,525,Morcourt
02,526,Morgny-en-Thiérache
02,527,Morsain
02,528,Mortefontaine
02,529,Mortiers
02,530,Moulins
02,531,Moussy-Verneuil
02,532,Moÿ-de-l'Aisne
02,533,Muret-et-Crouttes
02,534,Muscourt
02,535,Nampcelles-la-Cour
02,536,Nampteuil-sous-Muret
02,537,Nanteuil-la-Fosse
02,538,Nanteuil-Notre-Dame
02,539,Nauroy
02,540,Nesles-la-Montagne
02,541,Neufchâtel-sur-Aisne
02,542,Neuflieux
02,543,Neuilly-Saint-Front
02,544,Neuve-Maison
02,545,La Neuville-Bosmont
02,546,La Neuville-en-Beine
02,547,La Neuville-Housset
02,548,La Neuville-lès-Dorengt
02,549,Neuville-Saint-Amand
02,550,Neuville-sur-Ailette
02,551,Neuville-sur-Margival
02,552,Neuvillette
02,553,Nizy-le-Comte
02,554,Nogentel
02,555,Nogent-l'Artaud
02,556,Noircourt
02,557,Noroy-sur-Ourcq
02,558,Le Nouvion-en-Thiérache
02,559,Nouvion-et-Catillon
02,560,Nouvion-le-Comte
02,561,Nouvion-le-Vineux
02,562,Nouvron-Vingré
02,563,Noyales
02,564,Bernoy-le-Château
02,565,Œuilly
02,566,Ognes
02,567,Ohis
02,568,Oigny-en-Valois
02,569,Oisy
02,570,Ollezy
02,571,Omissy
02,572,Orainville
02,573,Orgeval
02,574,Origny-en-Thiérache
02,575,Origny-Sainte-Benoite
02,576,Osly-Courtil
02,577,Ostel
02,578,Oulches-la-Vallée-Foulon
02,579,Oulchy-la-Ville
02,580,Oulchy-le-Château
02,581,Paars
02,582,Paissy
02,583,Pancy-Courtecon
02,584,Papleux
02,585,Parcy-et-Tigny
02,586,Parfondeval
02,587,Parfondru
02,588,Pargnan
02,589,Pargny-et-Filain
02,590,Pargny-la-Dhuys
02,591,Pargny-les-Bois
02,592,Parpeville
02,593,Pasly
02,594,Passy-en-Valois
02,595,Passy-sur-Marne
02,596,Pavant
02,598,Pernant
02,599,Pierremande
02,600,Pierrepont
02,601,Pignicourt
02,602,Pinon
02,604,Pithon
02,605,Pleine-Selve
02,606,Le Plessier-Huleu
02,607,Ploisy
02,608,Plomion
02,609,Ployart-et-Vaurseine
02,610,Pommiers
02,612,Pont-Arcy
02,613,Pontavert
02,614,Pontru
02,615,Pontruet
02,616,Pont-Saint-Mard
02,617,Pouilly-sur-Serre
02,618,Prémont
02,619,Prémontré
02,620,Presles-et-Boves
02,621,Presles-et-Thierny
02,622,Priez
02,623,Prisces
02,624,Proisy
02,625,Proix
02,626,Prouvais
02,627,Proviseux-et-Plesnoy
02,628,Puiseux-en-Retz
02,629,Puisieux-et-Clanlieu
02,631,Quierzy
02,632,Quincy-Basse
02,633,Quincy-sous-le-Mont
02,634,Raillimont
02,635,Ramicourt
02,636,Regny
02,637,Remaucourt
02,638,Remies
02,639,Remigny
02,640,Renansart
02,641,Renneval
02,642,Résigny
02,643,Ressons-le-Long
02,644,Retheuil
02,645,Reuilly-Sauvigny
02,647,Ribeauville
02,648,Ribemont
02,649,Rocourt-Saint-Martin
02,650,Rocquigny
02,651,Rogécourt
02,652,Rogny
02,653,Romeny-sur-Marne
02,654,Romery
02,655,Ronchères
02,656,Roucy
02,657,Rougeries
02,658,Roupy
02,659,Rouvroy
02,660,Rouvroy-sur-Serre
02,661,Royaucourt-et-Chailvet
02,662,Rozet-Saint-Albin
02,663,Rozières-sur-Crise
02,664,Rozoy-Bellevalle
02,665,Grand-Rozoy
02,666,Rozoy-sur-Serre
02,667,Saconin-et-Breuil
02,668,Sains-Richaumont
02,670,Saint-Algis
02,671,Saint-Aubin
02,672,Saint-Bandry
02,673,Saint-Christophe-à-Berry
02,674,Saint-Clément
02,675,Sainte-Croix
02,676,Saint-Erme-Outre-et-Ramecourt
02,677,Saint-Eugène
02,678,Sainte-Geneviève
02,679,Saint-Gengoulph
02,680,Saint-Gobain
02,681,Saint-Gobert
02,682,Saint-Mard
02,683,Saint-Martin-Rivière
02,684,Saint-Michel
02,685,Saint-Nicolas-aux-Bois
02,686,Saint-Paul-aux-Bois
02,687,Saint-Pierre-Aigle
02,688,Saint-Pierre-lès-Franqueville
02,689,Saint-Pierremont
02,690,Sainte-Preuve
02,691,Saint-Quentin
02,693,Saint-Rémy-Blanzy
02,694,Saint-Simon
02,696,Saint-Thomas
02,697,Samoussy
02,698,Sancy-les-Cheminots
02,699,Saponay
02,701,Saulchery
02,702,Savy
02,703,Seboncourt
02,704,Selens
02,705,La Selve
02,706,Septmonts
02,707,Septvaux
02,708,Sequehart
02,709,Serain
02,710,Seraucourt-le-Grand
02,711,Serches
02,712,Sergy
02,713,Seringes-et-Nesles
02,714,Sermoise
02,715,Serval
02,716,Servais
02,717,Séry-lès-Mézières
02,718,Silly-la-Poterie
02,719,Sinceny
02,720,Sissonne
02,721,Sissy
02,722,Soissons
02,723,Soize
02,724,Sommelans
02,725,Sommeron
02,726,Sommette-Eaucourt
02,727,Sons-et-Ronchères
02,728,Sorbais
02,729,Soucy
02,730,Soupir
02,731,Le Sourd
02,732,Surfontaine
02,734,Taillefontaine
02,735,Tannières
02,736,Tartiers
02,737,Tavaux-et-Pontséricourt
02,738,Tergnier
02,739,Terny-Sorny
02,740,Thenailles
02,741,Thenelles
02,742,Thiernu
02,743,Le Thuel
02,744,Torcy-en-Valois
02,745,Toulis-et-Attencourt
02,746,Travecy
02,747,Trefcon
02,748,Trélou-sur-Marne
02,749,Troësnes
02,750,Trosly-Loire
02,751,Trucy
02,752,Tugny-et-Pont
02,753,Tupigny
02,754,Ugny-le-Gay
02,755,Urcel
02,756,Urvillers
02,757,Vadencourt
02,758,Vailly-sur-Aisne
02,759,La Vallée-au-Blé
02,760,La Vallée-Mulâtre
02,761,Variscourt
02,762,Vassens
02,763,Vasseny
02,764,Vassogne
02,765,Vaucelles-et-Beffecourt
02,766,Vaudesson
02,767,Vauxrezis
02,768,Vauxaillon
02,769,Vaux-Andigny
02,770,Vauxbuin
02,772,Vaux-en-Vermandois
02,773,Vauxtin
02,774,Vendelles
02,775,Vendeuil
02,776,Vendhuile
02,777,Vendières
02,778,Vendresse-Beaulne
02,779,Vénérolles
02,780,Venizel
02,781,Verdilly
02,782,Le Verguier
02,783,Grand-Verly
02,784,Petit-Verly
02,785,Vermand
02,786,Verneuil-sous-Coucy
02,787,Verneuil-sur-Serre
02,788,Versigny
02,789,Vervins
02,790,Vesles-et-Caumont
02,791,Veslud
02,792,Veuilly-la-Poterie
02,793,Vézaponin
02,794,Vézilly
02,795,Vic-sur-Aisne
02,796,Vichel-Nanteuil
02,797,Viel-Arcy
02,798,Viels-Maisons
02,799,Vierzy
02,800,Viffort
02,801,Vigneux-Hocquet
02,802,La Ville-aux-Bois-lès-Dizy
02,803,La Ville-aux-Bois-lès-Pontavert
02,804,Villemontoire
02,805,Villeneuve-Saint-Germain
02,806,Villeneuve-sur-Fère
02,807,Villequier-Aumont
02,808,Villeret
02,809,Villers-Agron-Aiguizy
02,810,Villers-Cotterêts
02,812,Villers-Hélon
02,813,Villers-le-Sec
02,814,Villers-lès-Guise
02,815,Villers-Saint-Christophe
02,816,Villers-sur-Fère
02,817,Ville-Savoye
02,818,Villiers-Saint-Denis
02,819,Vincy-Reuil-et-Magny
02,820,Viry-Noureuil
02,821,Vivaise
02,822,Vivières
02,823,Voharies
02,824,Vorges
02,826,Voulpaix
02,827,Voyenne
02,828,Vregny
02,829,Vuillery
02,830,Wassigny
02,831,Watigny
02,832,Wiège-Faty
02,833,Wimy
02,834,Wissignicourt
03,001,Abrest
03,002,Agonges
03,003,Ainay-le-Château
03,004,Andelaroche
03,005,Archignat
03,006,Arfeuilles
03,007,Arpheuilles-Saint-Priest
03,008,Arronnes
03,009,Aubigny
03,010,Audes
03,011,Aurouër
03,012,Autry-Issards
03,013,Avermes
03,014,Avrilly
03,015,Bagneux
03,016,Barberier
03,017,Barrais-Bussolles
03,018,Bayet
03,019,Beaulon
03,020,Beaune-d'Allier
03,021,Bègues
03,022,Bellenaves
03,023,Bellerive-sur-Allier
03,024,Bert
03,025,Bessay-sur-Allier
03,026,Besson
03,027,Bézenet
03,028,Billezois
03,029,Billy
03,030,Biozat
03,031,Bizeneuille
03,032,Blomard
03,033,Bost
03,034,Boucé
03,035,Le Bouchaud
03,036,Bourbon-l'Archambault
03,037,Braize
03,038,Bransat
03,039,Bresnay
03,040,Bressolles
03,041,Le Brethon
03,042,Le Breuil
03,043,Broût-Vernet
03,044,Brugheas
03,045,Busset
03,046,Buxières-les-Mines
03,047,La Celle
03,048,Cérilly
03,049,Cesset
03,050,La Chabanne
03,051,Chambérat
03,052,Chamblet
03,053,Chantelle
03,054,Chapeau
03,055,La Chapelaude
03,056,La Chapelle
03,057,La Chapelle-aux-Chasses
03,058,Chappes
03,059,Chareil-Cintrat
03,060,Charmeil
03,061,Charmes
03,062,Charroux
03,063,Chassenard
03,064,Château-sur-Allier
03,065,Châtel-de-Neuvre
03,066,Châtel-Montagne
03,067,Châtelperron
03,068,Châtelus
03,069,Châtillon
03,070,Chavenon
03,071,Chavroches
03,072,Chazemais
03,073,Chemilly
03,074,Chevagnes
03,075,Chezelle
03,076,Chézy
03,077,Chirat-l'Église
03,078,Chouvigny
03,079,Cindré
03,080,Cognat-Lyonne
03,081,Colombier
03,082,Commentry
03,083,Contigny
03,084,Cosne-d'Allier
03,085,Coulandon
03,086,Coulanges
03,087,Couleuvre
03,088,Courçais
03,089,Coutansouze
03,090,Couzon
03,091,Créchy
03,092,Cressanges
03,093,Creuzier-le-Neuf
03,094,Creuzier-le-Vieux
03,095,Cusset
03,096,Deneuille-lès-Chantelle
03,097,Deneuille-les-Mines
03,098,Désertines
03,099,Deux-Chaises
03,100,Diou
03,101,Domérat
03,102,Dompierre-sur-Besbre
03,103,Le Donjon
03,104,Doyet
03,105,Droiturier
03,106,Durdat-Larequille
03,107,Ébreuil
03,108,Échassières
03,109,Escurolles
03,110,Espinasse-Vozelle
03,111,Estivareilles
03,112,Étroussat
03,113,Ferrières-sur-Sichon
03,114,La Ferté-Hauterive
03,115,Fleuriel
03,116,Fourilles
03,117,Franchesse
03,118,Gannat
03,119,Gannay-sur-Loire
03,120,Garnat-sur-Engièvre
03,121,Gennetines
03,122,Gipcy
03,124,Gouise
03,125,La Guillermie
03,126,Hauterive
03,127,Hérisson
03,128,Huriel
03,129,Hyds
03,130,Isle-et-Bardais
03,131,Isserpent
03,132,Jaligny-sur-Besbre
03,133,Jenzat
03,134,Laféline
03,135,Lalizolle
03,136,Lamaids
03,137,Langy
03,138,Lapalisse
03,139,Laprugne
03,140,Lavault-Sainte-Anne
03,141,Lavoine
03,142,Lenax
03,143,Lételon
03,144,Liernolles
03,145,Lignerolles
03,146,Limoise
03,147,Loddes
03,148,Loriges
03,149,Louchy-Montfand
03,150,Louroux-Bourbonnais
03,151,Louroux-de-Beaune
03,152,Louroux-de-Bouble
03,154,Luneau
03,155,Lurcy-Lévis
03,156,Lusigny
03,157,Magnet
03,158,Haut-Bocage
03,159,Malicorne
03,160,Marcenat
03,161,Marcillat-en-Combraille
03,162,Marigny
03,163,Mariol
03,164,Le Mayet-d'École
03,165,Le Mayet-de-Montagne
03,166,Mazerier
03,167,Mazirat
03,168,Meaulne-Vitray
03,169,Meillard
03,170,Meillers
03,171,Mercy
03,172,Mesples
03,173,Molinet
03,174,Molles
03,175,Monestier
03,176,Monétay-sur-Allier
03,177,Monétay-sur-Loire
03,178,Montaiguët-en-Forez
03,179,Montaigu-le-Blin
03,180,Montbeugny
03,181,Montcombroux-les-Mines
03,182,Monteignet-sur-l'Andelot
03,183,Le Montet
03,184,Montilly
03,185,Montluçon
03,186,Montmarault
03,187,Montoldre
03,188,Montord
03,189,Montvicq
03,190,Moulins
03,191,Murat
03,192,Nades
03,193,Nassigny
03,194,Naves
03,195,Néris-les-Bains
03,196,Neuilly-en-Donjon
03,197,Neuilly-le-Réal
03,198,Neure
03,200,Neuvy
03,201,Nizerolles
03,202,Noyant-d'Allier
03,203,Paray-le-Frésil
03,204,Paray-sous-Briailles
03,205,Périgny
03,206,La Petite-Marche
03,207,Pierrefitte-sur-Loire
03,208,Le Pin
03,209,Poëzat
03,210,Pouzy-Mésangy
03,211,Prémilhat
03,212,Quinssaines
03,213,Reugny
03,214,Rocles
03,215,Rongères
03,216,Ronnet
03,217,Saint-Angel
03,218,Saint-Aubin-le-Monial
03,219,Saint-Bonnet-de-Four
03,220,Saint-Bonnet-de-Rochefort
03,221,Saint-Bonnet-Tronçais
03,222,Saint-Caprais
03,223,Saint-Christophe-en-Bourbonnais
03,224,Saint-Clément
03,225,Saint-Désiré
03,226,Saint-Didier-en-Donjon
03,227,Saint-Didier-la-Forêt
03,228,Saint-Éloy-d'Allier
03,229,Saint-Ennemond
03,230,Saint-Étienne-de-Vicq
03,231,Saint-Fargeol
03,232,Saint-Félix
03,233,Saint-Genest
03,234,Saint-Gérand-de-Vaux
03,235,Saint-Gérand-le-Puy
03,236,Saint-Germain-des-Fossés
03,237,Saint-Germain-de-Salles
03,238,Saint-Hilaire
03,239,Saint-Léger-sur-Vouzance
03,240,Saint-Léon
03,241,Saint-Léopardin-d'Augy
03,242,Saint-Loup
03,243,Saint-Marcel-en-Murat
03,244,Saint-Marcel-en-Marcillat
03,245,Saint-Martin-des-Lais
03,246,Saint-Martinien
03,247,Saint-Menoux
03,248,Saint-Nicolas-des-Biefs
03,249,Saint-Palais
03,250,Saint-Pierre-Laval
03,251,Saint-Plaisir
03,252,Saint-Pont
03,253,Saint-Pourçain-sur-Besbre
03,254,Saint-Pourçain-sur-Sioule
03,255,Saint-Priest-d'Andelot
03,256,Saint-Priest-en-Murat
03,257,Saint-Prix
03,258,Saint-Rémy-en-Rollat
03,259,Saint-Sauvier
03,260,Saint-Sornin
03,261,Sainte-Thérence
03,262,Saint-Victor
03,263,Saint-Voir
03,264,Saint-Yorre
03,265,Saligny-sur-Roudon
03,266,Sanssat
03,267,Saulcet
03,268,Saulzet
03,269,Sauvagny
03,270,Sazeret
03,271,Serbannes
03,272,Servilly
03,273,Seuillet
03,274,Sorbier
03,275,Souvigny
03,276,Sussat
03,277,Target
03,278,Taxat-Senat
03,279,Teillet-Argenty
03,280,Terjat
03,281,Le Theil
03,282,Theneuille
03,283,Thiel-sur-Acolin
03,284,Thionne
03,285,Tortezais
03,286,Toulon-sur-Allier
03,287,Treban
03,288,Treignat
03,289,Treteau
03,290,Trévol
03,291,Trézelles
03,292,Tronget
03,293,Urçay
03,294,Ussel-d'Allier
03,295,Valignat
03,296,Valigny
03,297,Vallon-en-Sully
03,298,Varennes-sur-Allier
03,299,Varennes-sur-Tèche
03,300,Vaumas
03,301,Vaux
03,302,Veauce
03,303,Venas
03,304,Vendat
03,305,Verneix
03,306,Le Vernet
03,307,Verneuil-en-Bourbonnais
03,308,Vernusse
03,309,Le Veurdre
03,310,Vichy
03,311,Vicq
03,312,Vieure
03,313,Le Vilhain
03,314,Villebret
03,315,Villefranche-d'Allier
03,316,Villeneuve-sur-Allier
03,317,Viplaix
03,319,Voussac
03,320,Ygrande
03,321,Yzeure
04,001,Aiglun
04,004,Allemagne-en-Provence
04,005,Allons
04,006,Allos
04,007,Angles
04,008,Annot
04,009,Archail
04,012,Aubenas-les-Alpes
04,013,Aubignosc
04,016,Authon
04,017,Auzet
04,018,Banon
04,019,Barcelonnette
04,020,Barles
04,021,Barras
04,022,Barrême
04,023,Bayons
04,024,Beaujeu
04,025,Beauvezer
04,026,Bellaffaire
04,027,Bevons
04,028,Beynes
04,030,Blieux
04,031,Bras-d'Asse
04,032,Braux
04,033,Ubaye-Serre-Ponçon
04,034,La Brillanne
04,035,Brunet
04,036,Le Brusquet
04,037,Le Caire
04,039,Castellane
04,040,Le Castellard-Mélan
04,041,Le Castellet
04,042,Castellet-lès-Sausses
04,043,Val-de-Chalvagne
04,045,Céreste-en-Luberon
04,046,Le Chaffaut-Saint-Jurson
04,047,Champtercier
04,049,Château-Arnoux-Saint-Auban
04,050,Châteaufort
04,051,Châteauneuf-Miravail
04,053,Châteauneuf-Val-Saint-Donat
04,054,Châteauredon
04,055,Chaudon-Norante
04,057,Clamensane
04,058,Claret
04,059,Clumanc
04,061,Colmars
04,062,La Condamine-Châtelard
04,063,Corbières-en-Provence
04,065,Cruis
04,066,Curbans
04,067,Curel
04,068,Dauphin
04,069,Demandolx
04,070,Digne-les-Bains
04,072,Draix
04,073,Enchastrayes
04,074,Entrages
04,075,Entrepierres
04,076,Entrevaux
04,077,Entrevennes
04,079,L'Escale
04,081,Esparron-de-Verdon
04,084,Estoublon
04,085,Faucon-du-Caire
04,086,Faucon-de-Barcelonnette
04,087,Fontienne
04,088,Forcalquier
04,090,Le Fugeret
04,091,Ganagobie
04,092,La Garde
04,093,Gigors
04,094,Gréoux-les-Bains
04,095,L'Hospitalet
04,096,Jausiers
04,097,La Javie
04,099,Lambruisse
04,101,Lardiers
04,102,Le Lauzet-Ubaye
04,104,Limans
04,106,Lurs
04,107,Majastres
04,108,Malijai
04,109,Mallefougasse-Augès
04,110,Mallemoisson
04,111,Mane
04,112,Manosque
04,113,Marcoux
04,115,Méailles
04,116,Les Mées
04,118,Melve
04,120,Val d'Oronaye
04,121,Mézel
04,122,Mirabeau
04,123,Mison
04,124,Montagnac-Montpezat
04,126,Montclar
04,127,Montfort
04,128,Montfuron
04,129,Montjustin
04,130,Montlaux
04,132,Montsalier
04,133,Moriez
04,134,La Motte-du-Caire
04,135,Moustiers-Sainte-Marie
04,136,La Mure-Argens
04,137,Nibles
04,138,Niozelles
04,139,Noyers-sur-Jabron
04,140,Les Omergues
04,141,Ongles
04,142,Oppedette
04,143,Oraison
04,144,La Palud-sur-Verdon
04,145,Peipin
04,148,Peyroules
04,149,Peyruis
04,150,Piégut
04,151,Pierrerue
04,152,Pierrevert
04,154,Pontis
04,155,Prads-Haute-Bléone
04,156,Puimichel
04,157,Puimoisson
04,158,Quinson
04,159,Redortiers
04,160,Reillanne
04,161,Méolans-Revel
04,162,Revest-des-Brousses
04,163,Revest-du-Bion
04,164,Revest-Saint-Martin
04,166,Riez
04,167,La Robine-sur-Galabre
04,169,La Rochegiron
04,170,La Rochette
04,171,Rougon
04,172,Roumoules
04,173,Saint-André-les-Alpes
04,174,Saint-Benoît
04,175,Sainte-Croix-à-Lauze
04,176,Sainte-Croix-du-Verdon
04,177,Hautes-Duyes
04,178,Saint-Étienne-les-Orgues
04,179,Saint-Geniez
04,180,Saint-Jacques
04,181,Saint-Jeannet
04,182,Saint-Julien-d'Asse
04,183,Saint-Julien-du-Verdon
04,184,Saint-Jurs
04,186,Saint-Laurent-du-Verdon
04,187,Saint-Lions
04,188,Saint-Maime
04,189,Saint-Martin-de-Brômes
04,190,Saint-Martin-les-Eaux
04,191,Saint-Martin-lès-Seyne
04,192,Saint-Michel-l'Observatoire
04,193,Saint-Paul-sur-Ubaye
04,194,Saint-Pierre
04,195,Saint-Pons
04,197,Sainte-Tulle
04,199,Saint-Vincent-sur-Jabron
04,200,Salignac
04,201,Saumane
04,202,Sausses
04,203,Selonnet
04,204,Senez
04,205,Seyne
04,206,Sigonce
04,207,Sigoyer
04,208,Simiane-la-Rotonde
04,209,Sisteron
04,210,Soleilhas
04,211,Sourribes
04,214,Tartonne
04,216,Thèze
04,217,Thoard
04,218,Thorame-Basse
04,219,Thorame-Haute
04,220,Les Thuiles
04,222,Turriers
04,224,Ubraye
04,226,Uvernet-Fours
04,227,Vachères
04,228,Valavoire
04,229,Valbelle
04,230,Valensole
04,231,Valernes
04,233,Vaumeilh
04,234,Venterol
04,235,Verdaches
04,236,Vergons
04,237,Le Vernet
04,240,Villars-Colmars
04,241,Villemus
04,242,Villeneuve
04,244,Volonne
04,245,Volx
05,001,Abriès-Ristolas
05,003,Aiguilles
05,004,Ancelle
05,006,L'Argentière-la-Bessée
05,007,Arvieux
05,008,Aspremont
05,009,Aspres-lès-Corps
05,010,Aspres-sur-Buëch
05,011,Avançon
05,012,Baratier
05,013,Barcillonnette
05,014,Barret-sur-Méouge
05,016,La Bâtie-Montsaléon
05,017,La Bâtie-Neuve
05,018,La Bâtie-Vieille
05,019,La Beaume
05,021,Le Bersac
05,022,Bréziers
05,023,Briançon
05,024,Valdoule
05,025,Buissard
05,026,Ceillac
05,027,Cervières
05,028,Chabestan
05,029,Chabottes
05,031,Champcella
05,032,Champoléon
05,033,Chanousse
05,035,Châteauneuf-d'Oze
05,036,Châteauroux-les-Alpes
05,037,Châteauvieux
05,038,Château-Ville-Vieille
05,039,Aubessagne
05,040,Chorges
05,044,Crévoux
05,045,Crots
05,046,Embrun
05,047,Éourres
05,048,L'Épine
05,049,Esparron
05,050,Espinasses
05,051,Étoile-Saint-Cyrice
05,052,Eygliers
05,053,Garde-Colombe
05,054,La Fare-en-Champsaur
05,055,La Faurie
05,056,Forest-Saint-Julien
05,057,Fouillouse
05,058,Freissinières
05,059,La Freissinouse
05,060,Furmeyer
05,061,Gap
05,062,Le Glaizil
05,063,La Grave
05,064,La Chapelle-en-Valgaudémar
05,065,Guillestre
05,066,La Haute-Beaume
05,068,Jarjayes
05,070,Laragne-Montéglin
05,071,Lardier-et-Valença
05,072,Laye
05,073,Lazer
05,074,Lettret
05,075,Manteyer
05,076,Méreuil
05,077,Molines-en-Queyras
05,078,Monêtier-Allemont
05,079,Le Monêtier-les-Bains
05,080,Montbrand
05,081,Montclus
05,082,Mont-Dauphin
05,084,Montgardin
05,085,Montgenèvre
05,086,Montjay
05,087,Montmaur
05,089,Montrond
05,090,La Motte-en-Champsaur
05,091,Moydans
05,092,Neffes
05,093,Névache
05,094,Nossage-et-Bénévent
05,095,Le Noyer
05,096,Orcières
05,097,Orpierre
05,098,Les Orres
05,099,Oze
05,100,Pelleautier
05,101,Vallouise-Pelvoux
05,102,La Piarre
05,103,Le Poët
05,104,Poligny
05,106,Prunières
05,107,Puy-Saint-André
05,108,Puy-Saint-Eusèbe
05,109,Puy-Saint-Pierre
05,110,Puy-Saint-Vincent
05,111,Puy-Sanières
05,112,Rabou
05,113,Rambaud
05,114,Réallon
05,115,Remollon
05,116,Réotier
05,117,Ribeyret
05,118,Val Buëch-Méouge
05,119,Risoul
05,121,Rochebrune
05,122,La Roche-de-Rame
05,123,La Roche-des-Arnauds
05,124,La Rochette
05,126,Rosans
05,127,Rousset-Serre-Ponçon
05,128,Saint-André-d'Embrun
05,129,Saint-André-de-Rosans
05,130,Saint-Apollinaire
05,131,Saint-Auban-d'Oze
05,132,Saint-Bonnet-en-Champsaur
05,133,Saint-Chaffrey
05,134,Saint-Clément-sur-Durance
05,135,Sainte-Colombe
05,136,Saint-Crépin
05,139,Dévoluy
05,140,Saint-Étienne-le-Laus
05,142,Saint-Firmin
05,144,Saint-Jacques-en-Valgodemard
05,145,Saint-Jean-Saint-Nicolas
05,146,Saint-Julien-en-Beauchêne
05,147,Saint-Julien-en-Champsaur
05,148,Saint-Laurent-du-Cros
05,149,Saint-Léger-les-Mélèzes
05,151,Saint-Martin-de-Queyrières
05,152,Saint-Maurice-en-Valgodemard
05,153,Saint-Michel-de-Chaillol
05,154,Saint-Pierre-d'Argençon
05,155,Saint-Pierre-Avez
05,156,Saint-Sauveur
05,157,Saint-Véran
05,158,Le Saix
05,159,Saléon
05,160,Salérans
05,161,La Salle-les-Alpes
05,162,La Saulce
05,163,Le Sauze-du-Lac
05,164,Savines-le-Lac
05,165,Savournon
05,166,Serres
05,167,Sigottier
05,168,Sigoyer
05,169,Sorbiers
05,170,Tallard
05,171,Théus
05,172,Trescléoux
05,173,Upaix
05,174,Val-des-Prés
05,176,Valserres
05,177,Vars
05,178,Ventavon
05,179,Veynes
05,180,Les Vigneaux
05,181,Villar-d'Arêne
05,182,Villar-Loubière
05,183,Villar-Saint-Pancrace
05,184,Vitrolles
06,001,Aiglun
06,002,Amirat
06,003,Andon
06,004,Antibes
06,005,Ascros
06,006,Aspremont
06,007,Auribeau-sur-Siagne
06,008,Auvare
06,009,Bairols
06,010,Le Bar-sur-Loup
06,011,Beaulieu-sur-Mer
06,012,Beausoleil
06,013,Belvédère
06,014,Bendejun
06,015,Berre-les-Alpes
06,016,Beuil
06,017,Bézaudun-les-Alpes
06,018,Biot
06,019,Blausasc
06,020,La Bollène-Vésubie
06,021,Bonson
06,022,Bouyon
06,023,Breil-sur-Roya
06,024,Briançonnet
06,025,Le Broc
06,026,Cabris
06,027,Cagnes-sur-Mer
06,028,Caille
06,029,Cannes
06,030,Le Cannet
06,031,Cantaron
06,032,Cap-d'Ail
06,033,Carros
06,034,Castagniers
06,035,Castellar
06,036,Castillon
06,037,Caussols
06,038,Châteauneuf-Grasse
06,039,Châteauneuf-Villevieille
06,040,Châteauneuf-d'Entraunes
06,041,Cipières
06,042,Clans
06,043,Coaraze
06,044,La Colle-sur-Loup
06,045,Collongues
06,046,Colomars
06,047,Conségudes
06,048,Contes
06,049,Courmes
06,050,Coursegoules
06,051,La Croix-sur-Roudoule
06,052,Cuébris
06,053,Daluis
06,054,Drap
06,055,Duranus
06,056,Entraunes
06,057,L'Escarène
06,058,Escragnolles
06,059,Èze
06,060,Falicon
06,061,Les Ferres
06,062,Fontan
06,063,Gars
06,064,Gattières
06,065,La Gaude
06,066,Gilette
06,067,Gorbio
06,068,Gourdon
06,069,Grasse
06,070,Gréolières
06,071,Guillaumes
06,072,Ilonse
06,073,Isola
06,074,Lantosque
06,075,Levens
06,076,Lieuche
06,077,Lucéram
06,078,Malaussène
06,079,Mandelieu-la-Napoule
06,080,Marie
06,081,Le Mas
06,082,Massoins
06,083,Menton
06,084,Mouans-Sartoux
06,085,Mougins
06,086,Moulinet
06,087,Les Mujouls
06,088,Nice
06,089,Opio
06,090,Pégomas
06,091,Peille
06,092,Peillon
06,093,La Penne
06,094,Péone
06,095,Peymeinade
06,096,Pierlas
06,097,Pierrefeu
06,098,Puget-Rostang
06,099,Puget-Théniers
06,100,Revest-les-Roches
06,101,Rigaud
06,102,Rimplas
06,103,Roquebillière
06,104,Roquebrune-Cap-Martin
06,105,Roquefort-les-Pins
06,106,Roquestéron
06,107,La Roque-en-Provence
06,108,La Roquette-sur-Siagne
06,109,La Roquette-sur-Var
06,110,Roubion
06,111,Roure
06,112,Le Rouret
06,113,Sainte-Agnès
06,114,Saint-André-de-la-Roche
06,115,Saint-Antonin
06,116,Saint-Auban
06,117,Saint-Blaise
06,118,Saint-Cézaire-sur-Siagne
06,119,Saint-Dalmas-le-Selvage
06,120,Saint-Étienne-de-Tinée
06,121,Saint-Jean-Cap-Ferrat
06,122,Saint-Jeannet
06,123,Saint-Laurent-du-Var
06,124,Saint-Léger
06,125,Saint-Martin-d'Entraunes
06,126,Saint-Martin-du-Var
06,127,Saint-Martin-Vésubie
06,128,Saint-Paul-de-Vence
06,129,Saint-Sauveur-sur-Tinée
06,130,Saint-Vallier-de-Thiey
06,131,Sallagriffon
06,132,Saorge
06,133,Sauze
06,134,Séranon
06,135,Sigale
06,136,Sospel
06,137,Spéracèdes
06,138,Théoule-sur-Mer
06,139,Thiéry
06,140,Le Tignet
06,141,Toudon
06,142,Touët-de-l'Escarène
06,143,Touët-sur-Var
06,144,La Tour
06,145,Tourette-du-Château
06,146,Tournefort
06,147,Tourrette-Levens
06,148,Tourrettes-sur-Loup
06,149,La Trinité
06,150,La Turbie
06,151,Utelle
06,152,Valbonne
06,153,Valdeblore
06,154,Valderoure
06,155,Vallauris
06,156,Venanson
06,157,Vence
06,158,Villars-sur-Var
06,159,Villefranche-sur-Mer
06,160,Villeneuve-d'Entraunes
06,161,Villeneuve-Loubet
06,162,La Brigue
06,163,Tende
07,001,Accons
07,002,Ailhon
07,003,Aizac
07,004,Ajoux
07,005,Alba-la-Romaine
07,006,Albon-d'Ardèche
07,007,Alboussière
07,008,Alissas
07,009,Andance
07,010,Annonay
07,011,Vallées-d'Antraigues-Asperjoc
07,012,Arcens
07,013,Ardoix
07,014,Arlebosc
07,015,Arras-sur-Rhône
07,017,Les Assions
07,018,Astet
07,019,Aubenas
07,020,Aubignas
07,022,Baix
07,023,Balazuc
07,024,Banne
07,025,Barnas
07,026,Le Béage
07,027,Beauchastel
07,028,Beaulieu
07,029,Beaumont
07,030,Beauvène
07,031,Berrias-et-Casteljau
07,032,Berzème
07,033,Bessas
07,034,Bidon
07,035,Boffres
07,036,Bogy
07,037,Borée
07,038,Borne
07,039,Bozas
07,040,Boucieu-le-Roi
07,041,Boulieu-lès-Annonay
07,042,Bourg-Saint-Andéol
07,044,Brossainc
07,045,Burzet
07,047,Cellier-du-Luc
07,048,Chalencon
07,049,Le Chambon
07,050,Chambonas
07,051,Champagne
07,052,Champis
07,053,Chandolas
07,054,Chanéac
07,055,Charmes-sur-Rhône
07,056,Charnas
07,058,Chassiers
07,059,Châteaubourg
07,060,Châteauneuf-de-Vernoux
07,061,Chauzon
07,062,Chazeaux
07,063,Cheminas
07,064,Le Cheylard
07,065,Chirols
07,066,Chomérac
07,067,Colombier-le-Cardinal
07,068,Colombier-le-Jeune
07,069,Colombier-le-Vieux
07,070,Cornas
07,071,Coucouron
07,072,Coux
07,073,Le Crestet
07,074,Creysseilles
07,075,Cros-de-Géorand
07,076,Cruas
07,077,Darbres
07,078,Davézieux
07,079,Désaignes
07,080,Devesset
07,081,Dompnac
07,082,Dornas
07,083,Dunière-sur-Eyrieux
07,084,Eclassan
07,085,Empurany
07,086,Étables
07,087,Fabras
07,088,Faugères
07,089,Félines
07,090,Flaviac
07,091,Fons
07,092,Freyssenet
07,093,Genestelle
07,094,Gilhac-et-Bruzac
07,095,Gilhoc-sur-Ormèze
07,096,Gluiras
07,097,Glun
07,098,Gourdon
07,099,Gras
07,100,Gravières
07,101,Grospierres
07,102,Guilherand-Granges
07,103,Saint-Julien-d'Intres
07,104,Issamoulenc
07,105,Issanlas
07,106,Issarlès
07,107,Jaujac
07,108,Jaunac
07,109,Joannas
07,110,Joyeuse
07,111,Juvinas
07,112,Labastide-sur-Bésorgues
07,113,Labastide-de-Virac
07,114,Labatie-d'Andaure
07,115,Labeaume
07,116,Labégude
07,117,Lablachère
07,118,Laboule
07,119,Le Lac-d'Issarlès
07,120,Lachamp-Raphaël
07,121,Lachapelle-Graillouse
07,122,Lachapelle-sous-Aubenas
07,123,Lachapelle-sous-Chanéac
07,124,Lafarre
07,126,Lagorce
07,127,Lalevade-d'Ardèche
07,128,Lalouvesc
07,129,Lamastre
07,130,Lanarce
07,131,Lanas
07,132,Largentière
07,133,Larnas
07,134,Laurac-en-Vivarais
07,136,Laveyrune
07,137,Lavillatte
07,138,Lavilledieu
07,139,Laviolle
07,140,Lemps
07,141,Lentillères
07,142,Lespéron
07,143,Limony
07,144,Loubaresse
07,145,Lussas
07,146,Lyas
07,147,Malarce-sur-la-Thines
07,148,Malbosc
07,149,Marcols-les-Eaux
07,150,Mariac
07,151,Mars
07,152,Mauves
07,153,Mayres
07,154,Mazan-l'Abbaye
07,155,Mercuer
07,156,Meyras
07,157,Meysse
07,158,Mézilhac
07,159,Mirabel
07,160,Monestier
07,161,Montpezat-sous-Bauzon
07,162,Montréal
07,163,Montselgues
07,165,Belsentes
07,166,Nozières
07,167,Les Ollières-sur-Eyrieux
07,168,Orgnac-l'Aven
07,169,Ozon
07,170,Pailharès
07,171,Payzac
07,172,Peaugres
07,173,Péreyres
07,174,Peyraud
07,175,Le Plagnal
07,176,Planzolles
07,177,Plats
07,178,Pont-de-Labeaume
07,179,Pourchères
07,181,Le Pouzin
07,182,Prades
07,183,Pradons
07,184,Pranles
07,185,Préaux
07,186,Privas
07,187,Prunet
07,188,Quintenas
07,189,Ribes
07,190,Rochecolombe
07,191,Rochemaure
07,192,Rochepaule
07,193,Rocher
07,194,Rochessauve
07,195,La Rochette
07,196,Rocles
07,197,Roiffieux
07,198,Rompon
07,199,Rosières
07,200,Le Roux
07,201,Ruoms
07,202,Sablières
07,203,Sagnes-et-Goudoulet
07,204,Saint-Agrève
07,205,Saint-Alban-d'Ay
07,206,Saint-Alban-en-Montagne
07,207,Saint-Alban-Auriolles
07,208,Saint-Andéol-de-Berg
07,209,Saint-Andéol-de-Fourchades
07,210,Saint-Andéol-de-Vals
07,211,Saint-André-de-Cruzières
07,212,Saint-André-en-Vivarais
07,213,Saint-André-Lachamp
07,214,Saint-Apollinaire-de-Rias
07,215,Saint-Barthélemy-le-Meil
07,216,Saint-Barthélemy-Grozon
07,217,Saint-Barthélemy-le-Plain
07,218,Saint-Basile
07,219,Saint-Bauzile
07,220,Saint-Christol
07,221,Saint-Cierge-la-Serre
07,222,Saint-Cierge-sous-le-Cheylard
07,223,Saint-Cirgues-de-Prades
07,224,Saint-Cirgues-en-Montagne
07,225,Saint-Clair
07,226,Saint-Clément
07,227,Saint-Cyr
07,228,Saint-Désirat
07,229,Saint-Didier-sous-Aubenas
07,230,Saint-Étienne-de-Boulogne
07,231,Saint-Étienne-de-Fontbellon
07,232,Saint-Étienne-de-Lugdarès
07,233,Saint-Étienne-de-Serre
07,234,Saint-Étienne-de-Valoux
07,235,Sainte-Eulalie
07,236,Saint-Félicien
07,237,Saint-Fortunat-sur-Eyrieux
07,238,Saint-Genest-de-Beauzon
07,239,Saint-Genest-Lachamp
07,240,Saint-Georges-les-Bains
07,241,Saint-Germain
07,242,Saint-Gineys-en-Coiron
07,243,Saint-Jacques-d'Atticieux
07,244,Saint-Jean-Chambre
07,245,Saint-Jean-de-Muzols
07,247,Saint-Jean-le-Centenier
07,248,Saint-Jean-Roure
07,249,Saint-Jeure-d'Andaure
07,250,Saint-Jeure-d'Ay
07,251,Saint-Joseph-des-Bancs
07,253,Saint-Julien-du-Gua
07,254,Saint-Julien-du-Serre
07,255,Saint-Julien-en-Saint-Alban
07,257,Saint-Julien-le-Roux
07,258,Saint-Julien-Vocance
07,259,Saint-Just-d'Ardèche
07,260,Saint-Lager-Bressac
07,261,Saint-Laurent-du-Pape
07,262,Saint-Laurent-les-Bains-Laval-d'Aurelle
07,263,Saint-Laurent-sous-Coiron
07,264,Saint-Marcel-d'Ardèche
07,265,Saint-Marcel-lès-Annonay
07,266,Sainte-Marguerite-Lafigère
07,267,Saint-Martial
07,268,Saint-Martin-d'Ardèche
07,269,Saint-Martin-de-Valamas
07,270,Saint-Martin-sur-Lavezon
07,272,Saint-Maurice-d'Ardèche
07,273,Saint-Maurice-d'Ibie
07,274,Saint-Maurice-en-Chalencon
07,275,Saint-Mélany
07,276,Saint-Michel-d'Aurance
07,277,Saint-Michel-de-Boulogne
07,278,Saint-Michel-de-Chabrillanoux
07,279,Saint-Montan
07,280,Saint-Paul-le-Jeune
07,281,Saint-Péray
07,282,Saint-Pierre-de-Colombier
07,283,Saint-Pierre-la-Roche
07,284,Saint-Pierre-Saint-Jean
07,285,Saint-Pierre-sur-Doux
07,286,Saint-Pierreville
07,287,Saint-Pons
07,288,Saint-Priest
07,289,Saint-Privat
07,290,Saint-Prix
07,291,Saint-Remèze
07,292,Saint-Romain-d'Ay
07,293,Saint-Romain-de-Lerps
07,294,Saint-Sauveur-de-Cruzières
07,295,Saint-Sauveur-de-Montagut
07,296,Saint-Sernin
07,297,Saint-Sylvestre
07,298,Saint-Symphorien-sous-Chomérac
07,299,Saint-Symphorien-de-Mahun
07,300,Saint-Thomé
07,301,Saint-Victor
07,302,Saint-Vincent-de-Barrès
07,303,Saint-Vincent-de-Durfort
07,304,Salavas
07,305,Les Salelles
07,306,Sampzon
07,307,Sanilhac
07,308,Sarras
07,309,Satillieu
07,310,Savas
07,311,Sceautres
07,312,Sécheras
07,313,Serrières
07,314,Silhac
07,315,La Souche
07,316,Soyons
07,317,Talencieux
07,318,Tauriers
07,319,Le Teil
07,321,Thorrenc
07,322,Thueyts
07,323,Toulaud
07,324,Tournon-sur-Rhône
07,325,Ucel
07,326,Usclades-et-Rieutord
07,327,Uzer
07,328,Vagnas
07,329,Valgorge
07,330,Vallon-Pont-d'Arc
07,331,Vals-les-Bains
07,332,Valvignères
07,333,Vanosc
07,334,Les Vans
07,335,Vaudevant
07,336,Vernon
07,337,Vernosc-lès-Annonay
07,338,Vernoux-en-Vivarais
07,339,Vesseaux
07,340,Veyras
07,341,Villeneuve-de-Berg
07,342,Villevocance
07,343,Vinezac
07,344,Vinzieux
07,345,Vion
07,346,Viviers
07,347,Vocance
07,348,Vogüé
07,349,La Voulte-sur-Rhône
08,001,Acy-Romance
08,003,Aiglemont
08,004,Aire
08,005,Alincourt
08,006,Alland'Huy-et-Sausseuil
08,008,Amagne
08,010,Ambly-Fleury
08,011,Anchamps
08,013,Angecourt
08,014,Annelles
08,015,Antheny
08,016,Aouste
08,017,Apremont
08,018,Ardeuil-et-Montfauxelles
08,019,Les Grandes-Armoises
08,020,Les Petites-Armoises
08,021,Arnicourt
08,022,Arreux
08,023,Artaise-le-Vivier
08,024,Asfeld
08,025,Attigny
08,026,Aubigny-les-Pothées
08,027,Auboncourt-Vauzelles
08,028,Aubrives
08,029,Auflance
08,030,Auge
08,031,Aure
08,032,Aussonce
08,033,Authe
08,034,Autrecourt-et-Pourron
08,035,Autruche
08,036,Autry
08,037,Auvillers-les-Forges
08,038,Avançon
08,039,Avaux
08,040,Les Ayvelles
08,041,Baâlons
08,043,Balan
08,044,Balham
08,045,Ballay
08,046,Banogne-Recouvrance
08,047,Barbaise
08,048,Barby
08,049,Bar-lès-Buzancy
08,052,Bayonville
08,053,Bazeilles
08,055,Beaumont-en-Argonne
08,056,Beffu-et-le-Morthomme
08,057,Belleville-et-Châtillon-sur-Bar
08,058,Belval
08,059,Belval-Bois-des-Dames
08,060,Bergnicourt
08,061,La Berlière
08,062,Bertoncourt
08,063,La Besace
08,064,Biermes
08,065,Bièvres
08,066,Bignicourt
08,067,Blagny
08,069,Blanchefosse-et-Bay
08,070,Blanzy-la-Salonnaise
08,071,Blombay
08,073,Bossus-lès-Rumigny
08,074,Bouconville
08,075,Boult-aux-Bois
08,076,Boulzicourt
08,077,Bourcq
08,078,Bourg-Fidèle
08,080,Bouvellemont
08,081,Bogny-sur-Meuse
08,082,Brécy-Brières
08,083,Brévilly
08,084,Brienne-sur-Aisne
08,085,Brieulles-sur-Bar
08,086,Briquenay
08,087,Brognon
08,088,Bulson
08,089,Buzancy
08,090,Carignan
08,092,Cauroy
08,094,Cernion
08,095,Chagny
08,096,Chalandry-Elaire
08,097,Challerange
08,098,Champigneulle
08,099,Champigneul-sur-Vence
08,100,Champlin
08,101,La Chapelle
08,102,Chappes
08,103,Charbogne
08,104,Chardeny
08,105,Charleville-Mézières
08,106,Charnois
08,107,Château-Porcien
08,109,Chatel-Chéhéry
08,110,Le Châtelet-sur-Sormonne
08,111,Le Châtelet-sur-Retourne
08,113,Chaumont-Porcien
08,115,Chémery-Chéhéry
08,116,Bairon et ses environs
08,117,Chesnois-Auboncourt
08,119,Cheveuges
08,120,Chevières
08,121,Chilly
08,122,Chooz
08,123,Chuffilly-Roche
08,124,Clavy-Warby
08,125,Cliron
08,126,Condé-lès-Herpy
08,128,Condé-lès-Autry
08,130,Contreuve
08,131,Cornay
08,132,Corny-Machéroménil
08,133,Coucy
08,134,Coulommes-et-Marqueny
08,135,La Croix-aux-Bois
08,136,Daigny
08,137,Damouzy
08,138,Les Deux-Villes
08,139,Deville
08,140,Dom-le-Mesnil
08,141,Dommery
08,142,Donchery
08,143,Doumely-Bégny
08,144,Doux
08,145,Douzy
08,146,Draize
08,147,Dricourt
08,148,L'Écaille
08,149,L'Échelle
08,150,Écly
08,151,Écordal
08,153,Escombres-et-le-Chesnois
08,154,Estrebay
08,155,Étalle
08,156,Éteignières
08,158,Étrépigny
08,159,Euilly-et-Lombut
08,160,Évigny
08,161,Exermont
08,162,Fagnon
08,163,Faissault
08,164,Falaise
08,165,Faux
08,166,Fépin
08,167,La Férée
08,168,La Ferté-sur-Chiers
08,169,Flaignes-Havys
08,170,Fleigneux
08,171,Fléville
08,172,Fligny
08,173,Flize
08,174,Floing
08,175,Foisches
08,176,Fossé
08,178,Fraillicourt
08,179,Francheval
08,180,La Francheville
08,182,Le Fréty
08,183,Fromelennes
08,184,Fromy
08,185,Fumay
08,186,Germont
08,187,Gernelle
08,188,Gespunsart
08,189,Girondelle
08,190,Givet
08,191,Givonne
08,192,Givron
08,193,Givry
08,194,Glaire
08,195,Gomont
08,196,Grandchamp
08,197,Grandham
08,198,Grandpré
08,199,La Grandville
08,200,Grivy-Loisy
08,201,Gruyères
08,202,Gué-d'Hossus
08,203,Guignicourt-sur-Vence
08,204,Guincourt
08,205,Hagnicourt
08,206,Ham-les-Moines
08,207,Ham-sur-Meuse
08,208,Hannappes
08,209,Hannogne-Saint-Martin
08,210,Hannogne-Saint-Rémy
08,211,Haraucourt
08,212,Harcy
08,214,Hargnies
08,215,Harricourt
08,216,Haudrecy
08,217,Haulmé
08,218,Les Hautes-Rivières
08,219,Hauteville
08,220,Hauviné
08,222,Haybes
08,223,Herbeuval
08,225,Herpy-l'Arlésienne
08,226,Hierges
08,228,La Horgne
08,229,Houdilcourt
08,230,Houldizy
08,232,Illy
08,233,Imécourt
08,234,Inaumont
08,235,Issancourt-et-Rumel
08,236,Jandun
08,237,Joigny-sur-Meuse
08,238,Jonval
08,239,Juniville
08,240,Justine-Herbigny
08,242,Laifour
08,243,Lalobbe
08,244,Lametz
08,245,Lançon
08,246,Landres-et-Saint-Georges
08,247,Landrichamps
08,248,Launois-sur-Vence
08,249,Laval-Morency
08,250,Leffincourt
08,251,Lépron-les-Vallées
08,252,Létanne
08,254,Liart
08,255,Linay
08,256,Liry
08,257,Logny-Bogny
08,259,Longwé
08,260,Lonny
08,262,Lucquy
08,263,Lumes
08,264,Machault
08,268,Maisoncelle-et-Villers
08,269,Malandry
08,271,Manre
08,272,Maranwez
08,273,Marby
08,274,Marcq
08,275,Margny
08,276,Margut
08,277,Marlemont
08,278,Marquigny
08,279,Mars-sous-Bourcq
08,280,Marvaux-Vieux
08,281,Matton-et-Clémency
08,282,Maubert-Fontaine
08,283,Mazerny
08,284,Les Mazures
08,286,Ménil-Annelles
08,287,Ménil-Lépinois
08,288,Mesmont
08,289,Messincourt
08,291,Mogues
08,293,Moiry
08,295,Mondigny
08,296,Montcheutin
08,297,Montcornet
08,298,Montcy-Notre-Dame
08,301,Montgon
08,302,Monthermé
08,303,Monthois
08,304,Montigny-sur-Meuse
08,305,Montigny-sur-Vence
08,306,Mont-Laurent
08,307,Montmeillant
08,308,Mont-Saint-Martin
08,309,Mont-Saint-Remy
08,310,Mouron
08,311,Mouzon
08,312,Murtin-et-Bogny
08,313,Nanteuil-sur-Aisne
08,314,Neuflize
08,315,Neufmaison
08,316,Neufmanil
08,317,La Neuville-à-Maire
08,318,La Neuville-aux-Joûtes
08,319,Neuville-lez-Beaulieu
08,320,La Neuville-en-Tourne-à-Fuy
08,321,Neuville-Day
08,322,Neuville-lès-This
08,323,La Neuville-lès-Wasigny
08,324,Neuvizy
08,325,Noirval
08,326,Nouart
08,327,Nouvion-sur-Meuse
08,328,Nouzonville
08,329,Novion-Porcien
08,330,Novy-Chevrières
08,331,Noyers-Pont-Maugis
08,332,Oches
08,333,Olizy-Primat
08,334,Omicourt
08,335,Omont
08,336,Osnes
08,338,Pauvres
08,339,Perthes
08,340,Poilcourt-Sydney
08,341,Poix-Terron
08,342,Pouru-aux-Bois
08,343,Pouru-Saint-Remy
08,344,Prez
08,346,Prix-lès-Mézières
08,347,Puilly-et-Charbeaux
08,348,Puiseux
08,349,Pure
08,350,Quatre-Champs
08,351,Quilly
08,352,Raillicourt
08,353,Rancennes
08,354,Raucourt-et-Flaba
08,355,Regniowez
08,356,Remaucourt
08,357,Remilly-Aillicourt
08,358,Remilly-les-Pothées
08,360,Renneville
08,361,Renwez
08,362,Rethel
08,363,Revin
08,364,Rilly-sur-Aisne
08,365,Rimogne
08,366,Rocquigny
08,367,Rocroi
08,368,Roizy
08,369,La Romagne
08,370,Rouvroy-sur-Audry
08,372,Rubigny
08,373,Rumigny
08,374,La Sabotterie
08,375,Sachy
08,376,Sailly
08,377,Saint-Aignan
08,378,Saint-Clément-à-Arnes
08,379,Saint-Étienne-à-Arnes
08,380,Saint-Fergeux
08,381,Saint-Germainmont
08,382,Saint-Jean-aux-Bois
08,383,Saint-Juvin
08,384,Saint-Lambert-et-Mont-de-Jeux
08,385,Saint-Laurent
08,386,Saint-Loup-en-Champagne
08,387,Saint-Loup-Terrier
08,388,Saint-Marceau
08,389,Saint-Marcel
08,390,Sainte-Marie
08,391,Saint-Menges
08,392,Saint-Morel
08,393,Saint-Pierre-à-Arnes
08,394,Saint-Pierremont
08,395,Saint-Pierre-sur-Vence
08,396,Saint-Quentin-le-Petit
08,397,Saint-Remy-le-Petit
08,398,Sainte-Vaubourg
08,399,Sapogne-sur-Marche
08,400,Sapogne-et-Feuchères
08,401,Saulces-Champenoises
08,402,Saulces-Monclin
08,403,Sault-lès-Rethel
08,404,Sault-Saint-Remy
08,405,Sauville
08,406,Savigny-sur-Aisne
08,407,Séchault
08,408,Sécheval
08,409,Sedan
08,410,Semide
08,411,Semuy
08,412,Senuc
08,413,Seraincourt
08,415,Sery
08,416,Seuil
08,417,Sévigny-la-Forêt
08,418,Sévigny-Waleppe
08,419,Signy-l'Abbaye
08,420,Signy-le-Petit
08,421,Signy-Montlibert
08,422,Singly
08,424,Sommauthe
08,425,Sommerance
08,426,Son
08,427,Sorbon
08,428,Sorcy-Bauthémont
08,429,Sormonne
08,430,Stonne
08,431,Sugny
08,432,Sury
08,433,Suzanne
08,434,Sy
08,435,Tagnon
08,436,Taillette
08,437,Tailly
08,438,Taizy
08,439,Tannay-le-Mont-Dieu
08,440,Tarzy
08,444,Tétaigne
08,445,Thelonne
08,446,Thénorgues
08,448,Thilay
08,449,Thin-le-Moutier
08,450,This
08,451,Le Thour
08,452,Thugny-Trugny
08,453,Toges
08,454,Touligny
08,455,Tourcelles-Chaumont
08,456,Tournavaux
08,457,Tournes
08,458,Tourteron
08,459,Tremblois-lès-Carignan
08,460,Tremblois-lès-Rocroi
08,461,Vandy
08,462,Vaux-Champagne
08,463,Vaux-en-Dieulet
08,464,Vaux-lès-Mouron
08,465,Vaux-lès-Rubigny
08,466,Vaux-lès-Mouzon
08,467,Vaux-Montreuil
08,468,Vaux-Villaine
08,469,Vendresse
08,470,Verpel
08,471,Verrières
08,472,Viel-Saint-Remy
08,473,Vieux-lès-Asfeld
08,476,Villers-devant-le-Thour
08,477,Villers-devant-Mouzon
08,478,Villers-le-Tilleul
08,479,Villers-le-Tourneur
08,480,Villers-Semeuse
08,481,Villers-sur-Bar
08,482,Villers-sur-le-Mont
08,483,Ville-sur-Lumes
08,484,Ville-sur-Retourne
08,485,Villy
08,486,Vireux-Molhain
08,487,Vireux-Wallerand
08,488,Vivier-au-Court
08,489,Voncq
08,490,Vouziers
08,491,Vrigne aux Bois
08,492,Vrigne-Meuse
08,494,Wadelincourt
08,496,Wagnon
08,497,Warcq
08,498,Warnécourt
08,499,Wasigny
08,500,Wignicourt
08,501,Williers
08,502,Yoncq
08,503,Yvernaumont
09,001,Aigues-Juntes
09,002,Aigues-Vives
09,003,L'Aiguillon
09,004,Albiès
09,005,Aleu
09,006,Alliat
09,007,Allières
09,008,Alos
09,009,Alzen
09,011,Antras
09,012,Appy
09,013,Arabaux
09,014,Argein
09,015,Arignac
09,016,Arnave
09,017,Arrien-en-Bethmale
09,018,Arrout
09,019,Artigat
09,020,Artigues
09,021,Artix
09,022,Arvigna
09,023,Ascou
09,024,Aston
09,025,Aucazein
09,026,Audressein
09,027,Augirein
09,029,Aulus-les-Bains
09,030,Auzat
09,031,Axiat
09,032,Ax-les-Thermes
09,033,Bagert
09,034,Balacet
09,035,Balaguères
09,037,Barjac
09,038,La Bastide-de-Besplas
09,039,La Bastide-de-Bousignac
09,040,La Bastide-de-Lordat
09,041,La Bastide-du-Salat
09,042,La Bastide-de-Sérou
09,043,La Bastide-sur-l'Hers
09,044,Baulou
09,045,Bédeilhac-et-Aynat
09,046,Bédeille
09,047,Bélesta
09,048,Belloc
09,049,Bénac
09,050,Benagues
09,051,Bénaix
09,052,Besset
09,053,Bestiac
09,054,Betchat
09,055,Bethmale
09,056,Bézac
09,057,Biert
09,058,Bompas
09,059,Bonac-Irazein
09,060,Bonnac
09,061,Les Bordes-sur-Arize
09,062,Bordes-Uchentein
09,063,Le Bosc
09,064,Bouan
09,065,Boussenac
09,066,Brassac
09,067,Brie
09,068,Burret
09,069,Buzan
09,070,Les Cabannes
09,071,Cadarcet
09,072,Calzan
09,073,Camarade
09,074,Camon
09,075,Campagne-sur-Arize
09,076,Canté
09,077,Capoulet-et-Junac
09,078,Carcanières
09,079,Carla-Bayle
09,080,Carla-de-Roquefort
09,081,Le Carlaret
09,082,Castelnau-Durban
09,083,Castéras
09,084,Castex
09,085,Castillon-en-Couserans
09,086,Caumont
09,087,Caussou
09,088,Caychax-et-Senconac
09,089,Cazals-des-Baylès
09,090,Cazaux
09,091,Cazavet
09,092,Cazenave-Serres-et-Allens
09,093,Celles
09,094,Cérizols
09,095,Cescau
09,096,Château-Verdun
09,097,Clermont
09,098,Contrazy
09,099,Cos
09,100,Couflens
09,101,Coussa
09,102,Coutens
09,103,Crampagna
09,104,Dalou
09,105,Daumazan-sur-Arize
09,106,Dreuilhe
09,107,Dun
09,108,Durban-sur-Arize
09,109,Durfort
09,110,Encourtiech
09,111,Engomer
09,113,Ercé
09,114,Erp
09,115,Esclagne
09,116,Escosse
09,117,Esplas
09,118,Esplas-de-Sérou
09,119,Eycheil
09,120,Fabas
09,121,Ferrières-sur-Ariège
09,122,Foix
09,123,Fornex
09,124,Le Fossat
09,125,Fougax-et-Barrineuf
09,126,Freychenet
09,127,Gabre
09,128,Gajan
09,129,Galey
09,130,Ganac
09,131,Garanou
09,132,Gaudiès
09,133,Génat
09,134,Gestiès
09,136,Gourbit
09,137,Gudas
09,138,L'Herm
09,139,L'Hospitalet-près-l'Andorre
09,140,Ignaux
09,141,Illartein
09,142,Ilhat
09,143,Illier-et-Laramade
09,145,Les Issards
09,146,Justiniac
09,147,Labatut
09,148,Lacave
09,149,Lacourt
09,150,Lagarde
09,151,Lanoux
09,152,Lapège
09,153,Lapenne
09,154,Larbont
09,155,Larcat
09,156,Larnat
09,157,Laroque-d'Olmes
09,158,Lasserre
09,159,Lassur
09,160,Lavelanet
09,161,Léran
09,162,Lercoul
09,163,Lescousse
09,164,Lescure
09,165,Lesparrou
09,166,Leychert
09,167,Lézat-sur-Lèze
09,168,Lieurac
09,169,Limbrassac
09,170,Lissac
09,171,Lordat
09,172,Loubaut
09,173,Loubens
09,174,Loubières
09,175,Ludiès
09,176,Luzenac
09,177,Madière
09,178,Malegoude
09,179,Malléon
09,180,Manses
09,181,Le Mas-d'Azil
09,182,Massat
09,183,Mauvezin-de-Prat
09,184,Mauvezin-de-Sainte-Croix
09,185,Mazères
09,186,Méras
09,187,Mercenac
09,188,Mercus-Garrabet
09,189,Mérens-les-Vals
09,190,Mérigon
09,192,Miglos
09,193,Mijanès
09,194,Mirepoix
09,195,Monesple
09,196,Montagagne
09,197,Montaillou
09,198,Montardit
09,199,Montaut
09,200,Montbel
09,201,Montégut-en-Couserans
09,202,Montégut-Plantaurel
09,203,Montels
09,204,Montesquieu-Avantès
09,205,Montfa
09,206,Montferrier
09,207,Montgailhard
09,208,Montgauch
09,209,Montjoie-en-Couserans
09,210,Montoulieu
09,211,Montségur
09,212,Montseron
09,213,Moulin-Neuf
09,214,Moulis
09,215,Nalzen
09,216,Nescus
09,217,Niaux
09,218,Orgeix
09,219,Orgibet
09,220,Orlu
09,221,Ornolac-Ussat-les-Bains
09,222,Orus
09,223,Oust
09,224,Pailhès
09,225,Pamiers
09,226,Pech
09,227,Péreille
09,228,Perles-et-Castelet
09,229,Le Peyrat
09,230,Le Pla
09,231,Le Port
09,232,Prades
09,233,Pradettes
09,234,Pradières
09,235,Prat-Bonrepaux
09,236,Prayols
09,237,Le Puch
09,238,Les Pujols
09,239,Quérigut
09,240,Quié
09,241,Rabat-les-Trois-Seigneurs
09,242,Raissac
09,243,Régat
09,244,Rieucros
09,245,Rieux-de-Pelleport
09,246,Rimont
09,247,Rivèrenert
09,249,Roquefixade
09,250,Roquefort-les-Cascades
09,251,Roumengoux
09,252,Rouze
09,253,Sabarat
09,254,Saint-Amadou
09,256,Saint-Bauzeil
09,257,Sainte-Croix-Volvestre
09,258,Saint-Félix-de-Rieutord
09,259,Saint-Félix-de-Tournegat
09,260,Sainte-Foi
09,261,Saint-Girons
09,262,Saint-Jean-d'Aigues-Vives
09,263,Saint-Jean-du-Castillonnais
09,264,Saint-Jean-de-Verges
09,265,Saint-Jean-du-Falga
09,266,Saint-Julien-de-Gras-Capou
09,267,Saint-Lary
09,268,Saint-Lizier
09,269,Saint-Martin-de-Caralp
09,270,Saint-Martin-d'Oydes
09,271,Saint-Michel
09,272,Saint-Paul-de-Jarrat
09,273,Saint-Pierre-de-Rivière
09,274,Saint-Quentin-la-Tour
09,275,Saint-Quirc
09,276,Saint-Victor-Rouzaud
09,277,Saint-Ybars
09,279,Salsein
09,280,Saurat
09,281,Sautel
09,282,Saverdun
09,283,Savignac-les-Ormeaux
09,284,Ségura
09,285,Seix
09,289,Lorp-Sentaraille
09,290,Sentein
09,291,Sentenac-d'Oust
09,292,Sentenac-de-Sérou
09,293,Serres-sur-Arget
09,294,Sieuras
09,295,Siguer
09,296,Aulos-Sinsat
09,297,Sor
09,298,Sorgeat
09,299,Soueix-Rogalle
09,300,Soula
09,301,Soulan
09,303,Surba
09,304,Suzan
09,305,Tabre
09,306,Tarascon-sur-Ariège
09,307,Taurignan-Castet
09,308,Taurignan-Vieux
09,309,Teilhet
09,310,Thouars-sur-Arize
09,311,Tignac
09,312,La Tour-du-Crieu
09,313,Tourtouse
09,314,Tourtrol
09,315,Trémoulet
09,316,Troye-d'Ariège
09,318,Unac
09,319,Unzent
09,320,Urs
09,321,Ussat
09,322,Ustou
09,323,Vals
09,324,Varilhes
09,325,Vaychis
09,326,Vèbre
09,327,Ventenac
09,328,Verdun
09,329,Vernajoul
09,330,Vernaux
09,331,Le Vernet
09,332,Verniolle
09,334,Val-de-Sos
09,335,Villeneuve
09,336,Villeneuve-d'Olmes
09,338,Villeneuve-du-Latou
09,339,Villeneuve-du-Paréage
09,340,Vira
09,341,Viviès
09,342,Sainte-Suzanne
10,002,Ailleville
10,003,Aix-Villemaur-Pâlis
10,004,Allibaudières
10,005,Amance
10,006,Arcis-sur-Aube
10,007,Arconville
10,008,Argançon
10,009,Arrelles
10,010,Arrembécourt
10,011,Arrentières
10,012,Arsonval
10,013,Assenay
10,014,Assencières
10,015,Aubeterre
10,017,Aulnay
10,018,Auxon
10,019,Val-d'Auzon
10,020,Avant-lès-Marcilly
10,021,Avant-lès-Ramerupt
10,022,Avirey-Lingey
10,023,Avon-la-Pèze
10,024,Avreuil
10,025,Bagneux-la-Fosse
10,026,Bailly-le-Franc
10,027,Balignicourt
10,028,Balnot-la-Grange
10,029,Balnot-sur-Laignes
10,030,Barberey-Saint-Sulpice
10,031,Barbuise
10,032,Baroville
10,033,Bar-sur-Aube
10,034,Bar-sur-Seine
10,035,Bayel
10,037,Bercenay-en-Othe
10,038,Bercenay-le-Hayer
10,039,Bergères
10,040,Bernon
10,041,Bertignolles
10,042,Bérulle
10,043,Bessy
10,044,Bétignicourt
10,045,Beurey
10,046,Blaincourt-sur-Aube
10,047,Blignicourt
10,048,Bligny
10,049,Les Bordes-Aumont
10,050,Bossancourt
10,051,Bouilly
10,052,Boulages
10,053,Bouranton
10,054,Bourdenay
10,055,Bourguignons
10,056,Bouy-Luxembourg
10,057,Bouy-sur-Orvin
10,058,Bragelogne-Beauvoir
10,059,Braux
10,060,Bréviandes
10,061,Brévonnes
10,062,Briel-sur-Barse
10,063,Brienne-la-Vieille
10,064,Brienne-le-Château
10,065,Brillecourt
10,066,Bucey-en-Othe
10,067,Buchères
10,068,Buxeuil
10,069,Buxières-sur-Arce
10,070,Celles-sur-Ource
10,071,Chacenay
10,072,La Chaise
10,073,Chalette-sur-Voire
10,074,Chamoy
10,075,Champfleury
10,076,Champignol-lez-Mondeville
10,077,Champigny-sur-Aube
10,078,Champ-sur-Barse
10,079,Channes
10,080,Chaource
10,081,La Chapelle-Saint-Luc
10,082,Chapelle-Vallon
10,083,Chappes
10,084,Charmont-sous-Barbuise
10,085,Charmoy
10,086,Charny-le-Bachot
10,087,Chaserey
10,089,Châtres
10,090,Chauchigny
10,091,Chaudrey
10,092,Chauffour-lès-Bailly
10,093,Chaumesnil
10,094,Chavanges
10,095,Le Chêne
10,096,Chennegy
10,097,Chervey
10,098,Chesley
10,099,Chessy-les-Prés
10,100,Clérey
10,101,Coclois
10,102,Colombé-la-Fosse
10,103,Colombé-le-Sec
10,104,Cormost
10,105,Courcelles-sur-Voire
10,106,Courceroy
10,107,Coursan-en-Othe
10,108,Courtaoult
10,109,Courtenot
10,110,Courteranges
10,111,Courteron
10,112,Coussegrey
10,113,Couvignon
10,114,Crancey
10,115,Creney-près-Troyes
10,116,Crésantignes
10,117,Crespy-le-Neuf
10,118,Les Croûtes
10,119,Cunfin
10,120,Cussangy
10,121,Dampierre
10,122,Davrey
10,123,Dienville
10,124,Dierrey-Saint-Julien
10,125,Dierrey-Saint-Pierre
10,126,Dolancourt
10,127,Dommartin-le-Coq
10,128,Donnement
10,129,Dosches
10,130,Dosnon
10,131,Droupt-Saint-Basle
10,132,Droupt-Sainte-Marie
10,133,Eaux-Puiseaux
10,134,Échemines
10,135,Éclance
10,136,Éguilly-sous-Bois
10,137,Engente
10,138,Épagne
10,139,Épothémont
10,140,Ervy-le-Châtel
10,141,Essoyes
10,142,Estissac
10,143,Étourvy
10,144,Étrelles-sur-Aube
10,145,Faux-Villecerf
10,146,Fay-lès-Marcilly
10,147,Fays-la-Chapelle
10,148,Ferreux-Quincey
10,149,Feuges
10,150,Fontaine
10,151,Fontaine-les-Grès
10,153,Fontaine-Mâcon
10,154,Fontenay-de-Bossery
10,155,Fontette
10,156,Fontvannes
10,157,La Fosse-Corduan
10,158,Fouchères
10,159,Fralignes
10,160,Fravaux
10,161,Fresnay
10,162,Fresnoy-le-Château
10,163,Fuligny
10,164,Gélannes
10,165,Géraudot
10,166,Les Grandes-Chapelles
10,167,Grandville
10,168,Les Granges
10,169,Gumery
10,170,Gyé-sur-Seine
10,171,Hampigny
10,172,Herbisse
10,173,Isle-Aumont
10,174,Isle-Aubigny
10,175,Jasseines
10,176,Jaucourt
10,177,Javernant
10,178,Jessains
10,179,Jeugny
10,180,Joncreuil
10,181,Jully-sur-Sarce
10,182,Juvancourt
10,183,Juvanzé
10,184,Juzanvigny
10,185,Lagesse
10,186,Laines-aux-Bois
10,187,Landreville
10,188,Lantages
10,189,Lassicourt
10,190,Laubressel
10,191,Lavau
10,192,Lentilles
10,193,Lesmont
10,194,Lévigny
10,195,Lhuître
10,196,Lignières
10,197,Lignol-le-Château
10,198,Lirey
10,199,Loches-sur-Ource
10,200,La Loge-aux-Chèvres
10,201,La Loge-Pomblin
10,202,Les Loges-Margueron
10,203,Longchamp-sur-Aujon
10,204,Longeville-sur-Mogne
10,205,Longpré-le-Sec
10,206,Longsols
10,207,Longueville-sur-Aube
10,208,La Louptière-Thénard
10,209,Lusigny-sur-Barse
10,210,Luyères
10,211,Macey
10,212,Machy
10,213,Magnant
10,214,Magnicourt
10,215,Magny-Fouchard
10,216,Mailly-le-Camp
10,217,Maison-des-Champs
10,218,Maisons-lès-Chaource
10,219,Maisons-lès-Soulaines
10,220,Maizières-la-Grande-Paroisse
10,221,Maizières-lès-Brienne
10,222,Maraye-en-Othe
10,223,Marcilly-le-Hayer
10,224,Marigny-le-Châtel
10,225,Marnay-sur-Seine
10,226,Marolles-lès-Bailly
10,227,Marolles-sous-Lignières
10,228,Mathaux
10,229,Maupas
10,230,Mergey
10,231,Le Mériot
10,232,Merrey-sur-Arce
10,233,Méry-sur-Seine
10,234,Mesgrigny
10,235,Mesnil-la-Comtesse
10,236,Mesnil-Lettre
10,237,Mesnil-Saint-Loup
10,238,Mesnil-Saint-Père
10,239,Mesnil-Sellières
10,240,Messon
10,241,Metz-Robert
10,242,Meurville
10,243,Molins-sur-Aube
10,245,Montaulin
10,246,Montceaux-lès-Vaudes
10,247,Montfey
10,248,Montgueux
10,249,Montiéramey
10,250,Montier-en-l'Isle
10,251,Montigny-les-Monts
10,252,Montmartin-le-Haut
10,253,Montmorency-Beaufort
10,254,Montpothier
10,255,Montreuil-sur-Barse
10,256,Montsuzain
10,257,Morembert
10,258,Morvilliers
10,259,La Motte-Tilly
10,260,Moussey
10,261,Mussy-sur-Seine
10,262,Neuville-sur-Seine
10,263,Neuville-sur-Vanne
10,264,Noé-les-Mallets
10,265,Les Noës-près-Troyes
10,266,Nogent-en-Othe
10,267,Nogent-sur-Aube
10,268,Nogent-sur-Seine
10,269,Nozay
10,270,Onjon
10,271,Origny-le-Sec
10,272,Ormes
10,273,Ortillon
10,274,Orvilliers-Saint-Julien
10,275,Ossey-les-Trois-Maisons
10,276,Paisy-Cosdon
10,278,Pargues
10,279,Pars-lès-Chavanges
10,280,Pars-lès-Romilly
10,281,Le Pavillon-Sainte-Julie
10,282,Payns
10,283,Pel-et-Der
10,284,Périgny-la-Rose
10,285,Perthes-lès-Brienne
10,286,Petit-Mesnil
10,287,Piney
10,288,Plaines-Saint-Lange
10,289,Plancy-l'Abbaye
10,290,Planty
10,291,Plessis-Barbuise
10,293,Poivres
10,294,Poligny
10,295,Polisot
10,296,Polisy
10,297,Pont-Sainte-Marie
10,298,Pont-sur-Seine
10,299,Pouan-les-Vallées
10,300,Pougy
10,301,Pouy-sur-Vannes
10,302,Praslin
10,303,Précy-Notre-Dame
10,304,Précy-Saint-Martin
10,305,Prémierfait
10,306,Proverville
10,307,Prugny
10,308,Prunay-Belleville
10,309,Prusy
10,310,Puits-et-Nuisement
10,312,Racines
10,313,Radonvilliers
10,314,Ramerupt
10,315,Rances
10,316,Rhèges
10,317,Les Riceys
10,318,Rigny-la-Nonneuse
10,319,Rigny-le-Ferron
10,320,Rilly-Sainte-Syre
10,321,La Rivière-de-Corps
10,323,Romilly-sur-Seine
10,324,Roncenay
10,325,Rosières-près-Troyes
10,326,Rosnay-l'Hôpital
10,327,La Rothière
10,328,Rouilly-Sacey
10,329,Rouilly-Saint-Loup
10,330,Rouvres-les-Vignes
10,331,Rumilly-lès-Vaudes
10,332,Ruvigny
10,333,Saint-André-les-Vergers
10,334,Saint-Aubin
10,335,Saint-Benoist-sur-Vanne
10,336,Saint-Benoît-sur-Seine
10,337,Saint-Christophe-Dodinicourt
10,338,Saint-Étienne-sous-Barbuise
10,339,Saint-Flavy
10,340,Saint-Germain
10,341,Saint-Hilaire-sous-Romilly
10,342,Saint-Jean-de-Bonneval
10,343,Saint-Julien-les-Villas
10,344,Saint-Léger-près-Troyes
10,345,Saint-Léger-sous-Brienne
10,346,Saint-Léger-sous-Margerie
10,347,Saint-Loup-de-Buffigny
10,348,Saint-Lupien
10,349,Saint-Lyé
10,350,Saint-Mards-en-Othe
10,351,Saint-Martin-de-Bossenay
10,352,Sainte-Maure
10,353,Saint-Mesmin
10,354,Saint-Nabord-sur-Aube
10,355,Saint-Nicolas-la-Chapelle
10,356,Saint-Oulph
10,357,Saint-Parres-aux-Tertres
10,358,Saint-Parres-lès-Vaudes
10,359,Saint-Phal
10,360,Saint-Pouange
10,361,Saint-Remy-sous-Barbuise
10,362,Sainte-Savine
10,363,Saint-Thibault
10,364,Saint-Usage
10,365,Salon
10,366,Saulcy
10,367,La Saulsotte
10,368,Savières
10,369,Semoine
10,370,Soligny-les-Étangs
10,371,Sommeval
10,372,Soulaines-Dhuys
10,373,Souligny
10,374,Spoy
10,375,Thennelières
10,376,Thieffrain
10,377,Thil
10,378,Thors
10,379,Torcy-le-Grand
10,380,Torcy-le-Petit
10,381,Torvilliers
10,382,Traînel
10,383,Trancault
10,384,Trannes
10,386,Trouans
10,387,Troyes
10,388,Turgy
10,389,Unienville
10,390,Urville
10,391,Vailly
10,392,Vallant-Saint-Georges
10,393,Vallentigny
10,394,Vallières
10,395,Vanlay
10,396,Vauchassis
10,397,Vauchonvilliers
10,398,Vaucogne
10,399,Vaudes
10,400,Vaupoisson
10,401,Vendeuvre-sur-Barse
10,402,La Vendue-Mignot
10,403,Vernonvilliers
10,404,Verpillières-sur-Ource
10,405,Verricourt
10,406,Verrières
10,408,Viâpres-le-Petit
10,409,Villacerf
10,410,Villadin
10,411,Ville-aux-Bois
10,412,Villechétif
10,414,Villeloup
10,416,Villemereuil
10,417,Villemoiron-en-Othe
10,418,Villemorien
10,419,Villemoyenne
10,420,Villenauxe-la-Grande
10,421,La Villeneuve-au-Châtelot
10,422,Villeneuve-au-Chemin
10,423,La Villeneuve-au-Chêne
10,424,Villeret
10,425,Villery
10,426,Ville-sous-la-Ferté
10,427,Ville-sur-Arce
10,428,Ville-sur-Terre
10,429,Villette-sur-Aube
10,430,Villiers-Herbisse
10,431,Villiers-le-Bois
10,432,Villiers-sous-Praslin
10,433,Villy-en-Trodes
10,434,Villy-le-Bois
10,435,Villy-le-Maréchal
10,436,Vinets
10,437,Virey-sous-Bar
10,438,Vitry-le-Croisé
10,439,Viviers-sur-Artaut
10,440,Voigny
10,441,Vosnon
10,442,Voué
10,443,Vougrey
10,444,Vulaines
10,445,Yèvres-le-Petit
11,001,Aigues-Vives
11,002,Airoux
11,003,Ajac
11,004,Alaigne
11,005,Alairac
11,006,Albas
11,007,Albières
11,008,Alet-les-Bains
11,009,Alzonne
11,010,Antugnac
11,011,Aragon
11,012,Argeliers
11,013,Argens-Minervois
11,014,Armissan
11,015,Arques
11,016,Arquettes-en-Val
11,017,Artigues
11,018,Arzens
11,019,Aunat
11,020,Auriac
11,021,Axat
11,022,Azille
11,023,Badens
11,024,Bages
11,025,Bagnoles
11,026,Baraigne
11,027,Barbaira
11,028,Belcaire
11,029,Belcastel-et-Buc
11,030,Belflou
11,031,Belfort-sur-Rebenty
11,032,Bellegarde-du-Razès
11,033,Belpech
11,034,Belvèze-du-Razès
11,035,Belvianes-et-Cavirac
11,036,Belvis
11,037,Berriac
11,038,Bessède-de-Sault
11,039,La Bezole
11,040,Bizanet
11,041,Bize-Minervois
11,042,Blomac
11,043,Bouilhonnac
11,044,Bouisse
11,045,Bouriège
11,046,Bourigeole
11,047,Le Bousquet
11,048,Boutenac
11,049,Bram
11,051,Brézilhac
11,052,Brousses-et-Villaret
11,053,Brugairolles
11,054,Les Brunels
11,055,Bugarach
11,056,Cabrespine
11,057,Cahuzac
11,058,Cailhau
11,059,Cailhavel
11,060,Cailla
11,061,Cambieure
11,062,Campagna-de-Sault
11,063,Campagne-sur-Aude
11,064,Camplong-d'Aude
11,065,Camps-sur-l'Agly
11,066,Camurac
11,067,Canet
11,068,Capendu
11,069,Carcassonne
11,070,Carlipa
11,071,Cascastel-des-Corbières
11,072,La Cassaigne
11,073,Cassaignes
11,074,Les Cassés
11,075,Castans
11,076,Castelnaudary
11,077,Castelnau-d'Aude
11,078,Castelreng
11,079,Caudebronde
11,080,Val de Lambronne
11,081,Caunes-Minervois
11,082,Caunette-sur-Lauquet
11,083,Caunettes-en-Val
11,084,Caux-et-Sauzens
11,085,Cavanac
11,086,Caves
11,087,Cazalrenoux
11,088,Cazilhac
11,089,Cenne-Monestiés
11,090,Cépie
11,091,Chalabre
11,092,Citou
11,093,Le Clat
11,094,Clermont-sur-Lauquet
11,095,Comigne
11,096,Comus
11,098,Conilhac-Corbières
11,099,Conques-sur-Orbiel
11,100,Corbières
11,101,Coudons
11,102,Couffoulens
11,103,Couiza
11,104,Counozouls
11,105,Cournanel
11,106,Coursan
11,107,Courtauly
11,108,La Courtète
11,109,Coustaussa
11,110,Coustouge
11,111,Cruscades
11,112,Cubières-sur-Cinoble
11,113,Cucugnan
11,114,Cumiès
11,115,Cuxac-Cabardès
11,116,Cuxac-d'Aude
11,117,Davejean
11,118,Dernacueillette
11,119,La Digne-d'Amont
11,120,La Digne-d'Aval
11,121,Donazac
11,122,Douzens
11,123,Duilhac-sous-Peyrepertuse
11,124,Durban-Corbières
11,125,Embres-et-Castelmaure
11,126,Escales
11,127,Escouloubre
11,128,Escueillens-et-Saint-Just-de-Bélengard
11,129,Espéraza
11,130,Espezel
11,131,Val-du-Faby
11,132,Fabrezan
11,133,Fajac-en-Val
11,134,Fajac-la-Relenque
11,135,La Fajolle
11,136,Fanjeaux
11,137,Félines-Termenès
11,138,Fendeille
11,139,Fenouillet-du-Razès
11,140,Ferrals-les-Corbières
11,141,Ferran
11,142,Festes-et-Saint-André
11,143,Feuilla
11,144,Fitou
11,145,Fleury
11,146,Floure
11,147,Fontanès-de-Sault
11,148,Fontcouverte
11,149,Fonters-du-Razès
11,150,Fontiers-Cabardès
11,151,Fontiès-d'Aude
11,152,Fontjoncouse
11,153,La Force
11,154,Fournes-Cabardès
11,155,Fourtou
11,156,Fraisse-Cabardès
11,157,Fraissé-des-Corbières
11,158,Gaja-et-Villedieu
11,159,Gaja-la-Selve
11,160,Galinagues
11,161,Gardie
11,162,Generville
11,163,Gincla
11,164,Ginestas
11,165,Ginoles
11,166,Gourvieille
11,167,Gramazie
11,168,Granès
11,169,Greffeil
11,170,Gruissan
11,172,Homps
11,173,Hounoux
11,174,Les Ilhes
11,175,Issel
11,176,Jonquières
11,177,Joucou
11,178,Labastide-d'Anjou
11,179,Labastide-en-Val
11,180,Labastide-Esparbairenque
11,181,Labécède-Lauragais
11,182,Lacombe
11,183,Ladern-sur-Lauquet
11,184,Lafage
11,185,Lagrasse
11,186,Lairière
11,187,Lanet
11,188,La Palme
11,189,Laprade
11,190,La Redorte
11,191,Laroque-de-Fa
11,192,Lasbordes
11,193,Lasserre-de-Prouille
11,194,Lastours
11,195,Laurabuc
11,196,Laurac
11,197,Lauraguel
11,198,Laure-Minervois
11,199,Lavalette
11,200,Lespinassière
11,201,Leuc
11,202,Leucate
11,203,Lézignan-Corbières
11,204,Lignairolles
11,205,Limousis
11,206,Limoux
11,207,Loupia
11,208,La Louvière-Lauragais
11,209,Luc-sur-Aude
11,210,Luc-sur-Orbieu
11,211,Magrie
11,212,Mailhac
11,213,Maisons
11,214,Malras
11,215,Malves-en-Minervois
11,216,Malviès
11,217,Marcorignan
11,218,Marquein
11,219,Marsa
11,220,Marseillette
11,221,Les Martys
11,222,Mas-Cabardès
11,223,Mas-des-Cours
11,224,Massac
11,225,Mas-Saintes-Puelles
11,226,Mayreville
11,227,Mayronnes
11,228,Mazerolles-du-Razès
11,229,Mazuby
11,230,Mérial
11,231,Mézerville
11,232,Miraval-Cabardès
11,233,Mirepeisset
11,234,Mireval-Lauragais
11,235,Missègre
11,236,Molandier
11,238,Molleville
11,239,Montauriol
11,240,Montazels
11,241,Montbrun-des-Corbières
11,242,Montclar
11,243,Montferrand
11,244,Montfort-sur-Boulzane
11,245,Montgaillard
11,246,Montgradail
11,247,Monthaut
11,248,Montirat
11,249,Montjardin
11,250,Montjoi
11,251,Val-de-Dagne
11,252,Montmaur
11,253,Montolieu
11,254,Montréal
11,255,Montredon-des-Corbières
11,256,Montséret
11,257,Monze
11,258,Moussan
11,259,Moussoulens
11,260,Mouthoumet
11,261,Moux
11,262,Narbonne
11,263,Nébias
11,264,Névian
11,265,Niort-de-Sault
11,266,Port-la-Nouvelle
11,267,Ornaisons
11,268,Orsans
11,269,Ouveillan
11,270,Padern
11,271,Palairac
11,272,Palaja
11,273,Paraza
11,274,Pauligne
11,275,Payra-sur-l'Hers
11,276,Paziols
11,277,Pécharic-et-le-Py
11,278,Pech-Luna
11,279,Pennautier
11,280,Pépieux
11,281,Pexiora
11,282,Peyrefitte-du-Razès
11,283,Peyrefitte-sur-l'Hers
11,284,Peyrens
11,285,Peyriac-de-Mer
11,286,Peyriac-Minervois
11,287,Peyrolles
11,288,Pezens
11,289,Pieusse
11,290,Plaigne
11,291,Plavilla
11,292,La Pomarède
11,293,Pomas
11,294,Pomy
11,295,Portel-des-Corbières
11,296,Pouzols-Minervois
11,297,Pradelles-Cabardès
11,299,Preixan
11,300,Puginier
11,301,Puichéric
11,302,Puilaurens
11,303,Puivert
11,304,Quillan
11,305,Quintillan
11,306,Quirbajou
11,307,Raissac-d'Aude
11,308,Raissac-sur-Lampy
11,309,Rennes-le-Château
11,310,Rennes-les-Bains
11,311,Ribaute
11,312,Ribouisse
11,313,Ricaud
11,314,Rieux-en-Val
11,315,Rieux-Minervois
11,316,Rivel
11,317,Rodome
11,318,Roquecourbe-Minervois
11,319,Roquefère
11,320,Roquefeuil
11,321,Roquefort-de-Sault
11,322,Roquefort-des-Corbières
11,323,Roquetaillade-et-Conilhac
11,324,Roubia
11,325,Rouffiac-d'Aude
11,326,Rouffiac-des-Corbières
11,327,Roullens
11,328,Routier
11,330,Rustiques
11,331,Saint-Amans
11,332,Saint-André-de-Roquelongue
11,333,Saint-Benoît
11,334,Sainte-Camelle
11,335,Sainte-Colombe-sur-Guette
11,336,Sainte-Colombe-sur-l'Hers
11,337,Saint-Couat-d'Aude
11,338,Saint-Couat-du-Razès
11,339,Saint-Denis
11,340,Sainte-Eulalie
11,341,Saint-Ferriol
11,342,Saint-Frichoux
11,343,Saint-Gaudéric
11,344,Saint-Hilaire
11,345,Saint-Jean-de-Barrou
11,346,Saint-Jean-de-Paracol
11,347,Saint-Julia-de-Bec
11,348,Saint-Julien-de-Briola
11,350,Saint-Just-et-le-Bézu
11,351,Saint-Laurent-de-la-Cabrerisse
11,352,Saint-Louis-et-Parahou
11,353,Saint-Marcel-sur-Aude
11,354,Saint-Martin-des-Puits
11,355,Saint-Martin-de-Villereglan
11,356,Saint-Martin-Lalande
11,357,Saint-Martin-le-Vieil
11,358,Saint-Martin-Lys
11,359,Saint-Michel-de-Lanès
11,360,Saint-Nazaire-d'Aude
11,361,Saint-Papoul
11,362,Saint-Paulet
11,363,Saint-Pierre-des-Champs
11,364,Saint-Polycarpe
11,365,Saint-Sernin
11,366,Sainte-Valière
11,367,Saissac
11,368,Sallèles-Cabardès
11,369,Sallèles-d'Aude
11,370,Salles-d'Aude
11,371,Salles-sur-l'Hers
11,372,Salsigne
11,373,Salvezines
11,374,Salza
11,375,Seignalens
11,376,La Serpent
11,377,Serres
11,378,Serviès-en-Val
11,379,Sigean
11,380,Sonnac-sur-l'Hers
11,381,Sougraigne
11,382,Souilhanels
11,383,Souilhe
11,384,Soulatgé
11,385,Soupex
11,386,Talairan
11,387,Taurize
11,388,Termes
11,389,Terroles
11,390,Thézan-des-Corbières
11,391,La Tourette-Cabardès
11,392,Tournissan
11,393,Tourouzelle
11,394,Tourreilles
11,395,Trassanel
11,396,Trausse
11,397,Trèbes
11,398,Treilles
11,399,Tréville
11,400,Tréziers
11,401,Tuchan
11,402,Valmigère
11,404,Ventenac-Cabardès
11,405,Ventenac-en-Minervois
11,406,Véraza
11,407,Verdun-en-Lauragais
11,408,Verzeille
11,409,Vignevieille
11,410,Villalier
11,411,Villanière
11,412,Villardebelle
11,413,Villardonnel
11,414,Villar-en-Val
11,415,Villar-Saint-Anselme
11,416,Villarzel-Cabardès
11,417,Villarzel-du-Razès
11,418,Villasavary
11,419,Villautou
11,420,Villebazy
11,421,Villedaigne
11,422,Villedubert
11,423,Villefloure
11,424,Villefort
11,425,Villegailhenc
11,426,Villegly
11,427,Villelongue-d'Aude
11,428,Villemagne
11,429,Villemoustaussou
11,430,Villeneuve-la-Comptal
11,431,Villeneuve-les-Corbières
11,432,Villeneuve-lès-Montréal
11,433,Villeneuve-Minervois
11,434,Villepinte
11,435,Villerouge-Termenès
11,436,Villesèque-des-Corbières
11,437,Villesèquelande
11,438,Villesiscle
11,439,Villespy
11,440,Villetritouls
11,441,Vinassan
12,001,Agen-d'Aveyron
12,002,Aguessac
12,003,Les Albres
12,004,Almont-les-Junies
12,006,Alrance
12,007,Ambeyrac
12,008,Anglars-Saint-Félix
12,009,Arnac-sur-Dourdou
12,010,Arques
12,011,Arvieu
12,012,Asprières
12,013,Aubin
12,015,Auriac-Lagast
12,016,Auzits
12,017,Ayssènes
12,018,Balaguier-d'Olt
12,019,Balaguier-sur-Rance
12,021,Le Bas Ségala
12,022,La Bastide-Pradines
12,023,La Bastide-Solages
12,024,Belcastel
12,025,Belmont-sur-Rance
12,026,Bertholène
12,027,Bessuéjouls
12,028,Boisse-Penchot
12,029,Bor-et-Bar
12,030,Bouillac
12,031,Bournazel
12,032,Boussac
12,033,Bozouls
12,034,Brandonnet
12,035,Brasc
12,036,Brommat
12,037,Broquiès
12,038,Brousse-le-Château
12,039,Brusque
12,041,Cabanès
12,042,Calmels-et-le-Viala
12,043,Calmont
12,044,Camarès
12,045,Camboulazet
12,046,Camjac
12,047,Campagnac
12,048,Campouriez
12,049,Campuac
12,050,Canet-de-Salars
12,051,Cantoin
12,052,Capdenac-Gare
12,053,La Capelle-Balaguier
12,054,La Capelle-Bleys
12,055,La Capelle-Bonance
12,056,Baraqueville
12,057,Cassagnes-Bégonhès
12,058,Cassuéjouls
12,059,Castanet
12,060,Castelmary
12,061,Castelnau-de-Mandailles
12,062,Castelnau-Pégayrols
12,063,La Cavalerie
12,064,Le Cayrol
12,065,Centrès
12,066,Clairvaux-d'Aveyron
12,067,Le Clapier
12,068,Colombiès
12,069,Combret
12,070,Compeyre
12,071,Compolibat
12,072,Comprégnac
12,073,Comps-la-Grand-Ville
12,074,Condom-d'Aubrac
12,075,Connac
12,077,Cornus
12,078,Les Costes-Gozon
12,079,Coubisou
12,080,Coupiac
12,082,La Couvertoirade
12,083,Cransac-les-Thermes
12,084,Creissels
12,085,Crespin
12,086,La Cresse
12,088,Curières
12,089,Decazeville
12,090,Druelle Balsac
12,091,Drulhe
12,092,Durenque
12,093,Le Fel
12,094,Entraygues-sur-Truyère
12,095,Escandolières
12,096,Espalion
12,097,Espeyrac
12,098,Estaing
12,099,Fayet
12,100,Firmi
12,101,Flagnac
12,102,Flavin
12,103,Florentin-la-Capelle
12,104,Foissac
12,105,La Fouillade
12,106,Gabriac
12,107,Gaillac-d'Aveyron
12,108,Galgan
12,109,Gissac
12,110,Golinhac
12,111,Goutrens
12,113,Gramond
12,115,L'Hospitalet-du-Larzac
12,116,Huparlac
12,118,Lacroix-Barrez
12,119,Laguiole
12,120,Laissac-Sévérac l'Église
12,121,Lanuéjouls
12,122,Lapanouse-de-Cernon
12,124,Lassouts
12,125,Laval-Roquecezière
12,127,Lédergues
12,128,Lescure-Jaoul
12,129,Lestrade-et-Thouels
12,130,Livinhac-le-Haut
12,131,La Loubière
12,133,Luc-la-Primaube
12,134,Lugan
12,135,Lunac
12,136,Maleville
12,137,Manhac
12,138,Marcillac-Vallon
12,139,Marnhagues-et-Latour
12,140,Martiel
12,141,Martrin
12,142,Mayran
12,143,Mélagues
12,144,Meljac
12,145,Millau
12,146,Le Monastère
12,147,Montagnol
12,148,Montbazens
12,149,Montclar
12,150,Monteils
12,151,Montézic
12,152,Montfranc
12,153,Montjaux
12,154,Montlaur
12,155,Fondamente
12,156,Montpeyroux
12,157,Montrozier
12,158,Montsalès
12,159,Morlhon-le-Haut
12,160,Mostuéjouls
12,161,Mouret
12,162,Moyrazès
12,163,Murasson
12,164,Mur-de-Barrez
12,165,Muret-le-Château
12,166,Murols
12,167,Najac
12,168,Nant
12,169,Naucelle
12,170,Naussac
12,171,Nauviale
12,172,Le Nayrac
12,174,Olemps
12,175,Ols-et-Rinhodes
12,176,Onet-le-Château
12,177,Palmas d'Aveyron
12,178,Paulhe
12,179,Peux-et-Couffouleux
12,180,Peyreleau
12,181,Peyrusse-le-Roc
12,182,Pierrefiche
12,183,Plaisance
12,184,Pomayrols
12,185,Pont-de-Salars
12,186,Pousthomy
12,187,Prades-d'Aubrac
12,188,Prades-Salars
12,189,Pradinas
12,190,Prévinquières
12,191,Privezac
12,192,Mounes-Prohencoux
12,193,Pruines
12,194,Quins
12,195,Rebourguil
12,197,Réquista
12,198,Rieupeyroux
12,199,Rignac
12,200,Rivière-sur-Tarn
12,201,Rodelle
12,202,Rodez
12,203,Roquefort-sur-Soulzon
12,204,La Roque-Sainte-Marguerite
12,205,La Rouquette
12,206,Roussennac
12,207,Rullac-Saint-Cirq
12,208,Saint-Affrique
12,209,Saint-Amans-des-Cots
12,210,Saint-André-de-Najac
12,211,Saint-André-de-Vézines
12,212,Saint-Beaulize
12,213,Saint-Beauzély
12,214,Saint-Chély-d'Aubrac
12,215,Saint-Christophe-Vallon
12,216,Saint-Côme-d'Olt
12,217,Sainte-Croix
12,218,Conques-en-Rouergue
12,219,Sainte-Eulalie-d'Olt
12,220,Sainte-Eulalie-de-Cernon
12,221,Saint-Félix-de-Lunel
12,222,Saint-Félix-de-Sorgues
12,223,Argences en Aubrac
12,224,Saint Geniez d'Olt et d'Aubrac
12,225,Saint-Georges-de-Luzençon
12,226,Saint-Hippolyte
12,227,Saint-Igest
12,228,Saint-Izaire
12,229,Saint-Jean-d'Alcapiès
12,230,Saint-Jean-Delnous
12,231,Saint-Jean-du-Bruel
12,232,Saint-Jean-et-Saint-Paul
12,233,Saint-Juéry
12,234,Sainte-Juliette-sur-Viaur
12,235,Saint-Just-sur-Viaur
12,236,Saint-Laurent-de-Lévézou
12,237,Saint-Laurent-d'Olt
12,238,Saint-Léons
12,239,Saint-Martin-de-Lenne
12,240,Saint-Parthem
12,241,Sainte-Radegonde
12,242,Saint-Rémy
12,243,Saint-Rome-de-Cernon
12,244,Saint-Rome-de-Tarn
12,246,Saint-Santin
12,247,Saint-Saturnin-de-Lenne
12,248,Saint-Sernin-sur-Rance
12,249,Saint-Sever-du-Moustier
12,250,Saint-Symphorien-de-Thénières
12,251,Saint-Victor-et-Melvieu
12,252,Salles-Courbatiès
12,253,Salles-Curan
12,254,Salles-la-Source
12,255,Salmiech
12,256,Salvagnac-Cajarc
12,257,Causse-et-Diège
12,258,La Salvetat-Peyralès
12,259,Sanvensa
12,260,Sauclières
12,261,Saujac
12,262,Sauveterre-de-Rouergue
12,263,Savignac
12,264,Sébazac-Concourès
12,265,Sébrazac
12,266,Ségur
12,267,La Selve
12,268,Sénergues
12,269,La Serre
12,270,Sévérac d'Aveyron
12,272,Sonnac
12,273,Soulages-Bonneval
12,274,Sylvanès
12,275,Tauriac-de-Camarès
12,276,Tauriac-de-Naucelle
12,277,Taussac
12,278,Tayrac
12,280,Thérondels
12,281,Toulonjac
12,282,Tournemire
12,283,Trémouilles
12,284,Le Truel
12,286,Vabres-l'Abbaye
12,287,Vailhourles
12,288,Valady
12,289,Valzergues
12,290,Vaureilles
12,291,Verrières
12,292,Versols-et-Lapeyre
12,293,Veyreau
12,294,Vézins-de-Lévézou
12,295,Viala-du-Pas-de-Jaux
12,296,Viala-du-Tarn
12,297,Le Vibal
12,298,Villecomtal
12,299,Villefranche-de-Panat
12,300,Villefranche-de-Rouergue
12,301,Villeneuve
12,303,Vimenet
12,305,Viviez
12,307,Curan
13,001,Aix-en-Provence
13,002,Allauch
13,003,Alleins
13,004,Arles
13,005,Aubagne
13,006,Aureille
13,007,Auriol
13,008,Aurons
13,009,La Barben
13,010,Barbentane
13,011,Les Baux-de-Provence
13,012,Beaurecueil
13,013,Belcodène
13,014,Berre-l'Étang
13,015,Bouc-Bel-Air
13,016,La Bouilladisse
13,017,Boulbon
13,018,Cabannes
13,019,Cabriès
13,020,Cadolive
13,021,Carry-le-Rouet
13,022,Cassis
13,023,Ceyreste
13,024,Charleval
13,025,Châteauneuf-le-Rouge
13,026,Châteauneuf-les-Martigues
13,027,Châteaurenard
13,028,La Ciotat
13,029,Cornillon-Confoux
13,030,Cuges-les-Pins
13,031,La Destrousse
13,032,Éguilles
13,033,Ensuès-la-Redonne
13,034,Eygalières
13,035,Eyguières
13,036,Eyragues
13,037,La Fare-les-Oliviers
13,038,Fontvieille
13,039,Fos-sur-Mer
13,040,Fuveau
13,041,Gardanne
13,042,Gémenos
13,043,Gignac-la-Nerthe
13,044,Grans
13,045,Graveson
13,046,Gréasque
13,047,Istres
13,048,Jouques
13,049,Lamanon
13,050,Lambesc
13,051,Lançon-Provence
13,052,Maillane
13,053,Mallemort
13,054,Marignane
13,055,Marseille
13,056,Martigues
13,057,Mas-Blanc-des-Alpilles
13,058,Maussane-les-Alpilles
13,059,Meyrargues
13,060,Meyreuil
13,061,Saint-Pierre-de-Mézoargues
13,062,Mimet
13,063,Miramas
13,064,Mollégès
13,065,Mouriès
13,066,Noves
13,067,Orgon
13,068,Paradou
13,069,Pélissanne
13,070,La Penne-sur-Huveaune
13,071,Les Pennes-Mirabeau
13,072,Peynier
13,073,Peypin
13,074,Peyrolles-en-Provence
13,075,Plan-de-Cuques
13,076,Plan-d'Orgon
13,077,Port-de-Bouc
13,078,Port-Saint-Louis-du-Rhône
13,079,Puyloubier
13,080,Le Puy-Sainte-Réparade
13,081,Rognac
13,082,Rognes
13,083,Rognonas
13,084,La Roque-d'Anthéron
13,085,Roquefort-la-Bédoule
13,086,Roquevaire
13,087,Rousset
13,088,Le Rove
13,089,Saint-Andiol
13,090,Saint-Antonin-sur-Bayon
13,091,Saint-Cannat
13,092,Saint-Chamas
13,093,Saint-Estève-Janson
13,094,Saint-Étienne-du-Grès
13,095,Saint-Marc-Jaumegarde
13,096,Saintes-Maries-de-la-Mer
13,097,Saint-Martin-de-Crau
13,098,Saint-Mitre-les-Remparts
13,099,Saint-Paul-lès-Durance
13,100,Saint-Rémy-de-Provence
13,101,Saint-Savournin
13,102,Saint-Victoret
13,103,Salon-de-Provence
13,104,Sausset-les-Pins
13,105,Sénas
13,106,Septèmes-les-Vallons
13,107,Simiane-Collongue
13,108,Tarascon
13,109,Le Tholonet
13,110,Trets
13,111,Vauvenargues
13,112,Velaux
13,113,Venelles
13,114,Ventabren
13,115,Vernègues
13,116,Verquières
13,117,Vitrolles
13,118,Coudoux
13,119,Carnoux-en-Provence
14,001,Ablon
14,003,Agy
14,005,Valambray
14,006,Amayé-sur-Orne
14,007,Amayé-sur-Seulles
14,009,Amfreville
14,012,Angerville
14,014,Colomby-Anguerny
14,015,Anisy
14,016,Annebault
14,019,Arganchy
14,020,Argences
14,021,Arromanches-les-Bains
14,022,Asnelles
14,023,Asnières-en-Bessin
14,024,Auberville
14,025,Aubigny
14,026,Audrieu
14,027,Les Monts d'Aunay
14,030,Authie
14,032,Les Authieux-sur-Calonne
14,033,Auvillars
14,034,Avenay
14,035,Balleroy-sur-Drôme
14,036,Banneville-la-Campagne
14,037,Malherbe-sur-Ajon
14,038,Banville
14,039,Barbery
14,040,Barbeville
14,041,Barneville-la-Bertran
14,042,Baron-sur-Odon
14,043,Barou-en-Auge
14,044,Basly
14,045,Basseneville
14,046,Bavent
14,047,Bayeux
14,049,Bazenville
14,050,La Bazoque
14,053,Beaumais
14,054,Beaumesnil
14,055,Beaumont-en-Auge
14,057,Bellengreville
14,059,Benerville-sur-Mer
14,060,Bénouville
14,061,Souleuvre en Bocage
14,062,Bény-sur-Mer
14,063,Bernesq
14,064,Bernières-d'Ailly
14,066,Bernières-sur-Mer
14,068,Biéville-Beuville
14,069,Beuvillers
14,070,Beuvron-en-Auge
14,076,Blainville-sur-Orne
14,077,Blangy-le-Château
14,078,Blay
14,079,Blonville-sur-Mer
14,080,Le Bô
14,082,La Boissière
14,083,Bonnebosq
14,084,Bonnemaison
14,085,Bonneville-la-Louvet
14,086,Bonneville-sur-Touques
14,087,Bonnœil
14,088,Bons-Tassilly
14,089,Bougy
14,090,Boulon
14,091,Bourgeauville
14,092,Bourguébus
14,093,Branville
14,096,Brémoy
14,097,Bretteville-le-Rabet
14,098,Thue et Mue
14,100,Bretteville-sur-Laize
14,101,Bretteville-sur-Odon
14,102,Le Breuil-en-Auge
14,103,Le Breuil-en-Bessin
14,104,Le Brévedent
14,106,Bréville-les-Monts
14,107,Bricqueville
14,110,Brucourt
14,111,Bucéels
14,116,Le Bû-sur-Rouvres
14,117,Cabourg
14,118,Caen
14,119,Cagny
14,120,Cahagnes
14,121,Cahagnolles
14,122,La Caine
14,123,Cairon
14,124,La Cambe
14,125,Cambes-en-Plaine
14,126,Cambremer
14,127,Campagnolles
14,130,Campigny
14,131,Canapville
14,132,Canchy
14,134,Canteloup
14,135,Carcagny
14,136,Cardonville
14,137,Carpiquet
14,138,Cartigny-l'Épinay
14,140,Castillon
14,141,Castillon-en-Auge
14,143,Caumont-sur-Aure
14,145,Cauvicourt
14,146,Cauville
14,147,Cernay
14,149,Cesny-aux-Vignes
14,150,Cesny-les-Sources
14,159,Chouain
14,160,Cintheaux
14,161,Clarbec
14,162,Clécy
14,163,Cléville
14,165,Colleville-sur-Mer
14,166,Colleville-Montgomery
14,167,Colombelles
14,168,Colombières
14,169,Colombiers-sur-Seulles
14,171,Combray
14,172,Commes
14,173,Condé-sur-Ifs
14,174,Condé-en-Normandie
14,175,Condé-sur-Seulles
14,177,Coquainvilliers
14,179,Cordebugle
14,180,Cordey
14,181,Cormelles-le-Royal
14,182,Cormolain
14,183,Cossesseville
14,184,Cottun
14,190,Courcy
14,191,Courseulles-sur-Mer
14,193,Courtonne-la-Meurdrac
14,194,Courtonne-les-Deux-Églises
14,195,Courvaudon
14,196,Crépon
14,197,Cresserons
14,198,Cresseveuille
14,200,Creully sur Seulles
14,202,Cricquebœuf
14,203,Cricqueville-en-Auge
14,204,Cricqueville-en-Bessin
14,205,Cristot
14,206,Crocy
14,207,Croisilles
14,209,Crouay
14,211,Culey-le-Patry
14,214,Cussy
14,215,Cuverville
14,216,Damblainville
14,218,Danestal
14,220,Deauville
14,221,Démouville
14,223,Le Détroit
14,224,Deux-Jumeaux
14,225,Dives-sur-Mer
14,226,Donnay
14,227,Douville-en-Auge
14,228,Douvres-la-Délivrande
14,229,Dozulé
14,230,Drubec
14,231,Beaufour-Druval
14,232,Ducy-Sainte-Marguerite
14,236,Ellon
14,237,Émiéville
14,238,Englesqueville-en-Auge
14,239,Englesqueville-la-Percée
14,240,Épaney
14,241,Épinay-sur-Odon
14,242,Épron
14,243,Équemauville
14,244,Eraines
14,245,Ernes
14,246,Escoville
14,248,Espins
14,249,Esquay-Notre-Dame
14,250,Esquay-sur-Seulles
14,251,Esson
14,252,Estrées-la-Campagne
14,254,Éterville
14,256,Étréham
14,257,Évrecy
14,258,Falaise
14,260,Fauguernon
14,261,Le Faulq
14,266,Feuguerolles-Bully
14,269,Fierville-les-Parcs
14,270,Firfol
14,271,Fleury-sur-Orne
14,272,La Folie
14,273,La Folletière-Abenon
14,274,Fontaine-Étoupefour
14,275,Fontaine-Henry
14,276,Fontaine-le-Pin
14,277,Fontenay-le-Marmion
14,278,Fontenay-le-Pesnel
14,280,Formentin
14,281,Formigny La Bataille
14,282,Foulognes
14,283,Fourches
14,284,Fourneaux-le-Val
14,285,Le Fournet
14,286,Fourneville
14,287,Frénouville
14,288,Le Fresne-Camilly
14,289,Fresné-la-Mère
14,290,Fresney-le-Puceux
14,291,Fresney-le-Vieux
14,293,Fumichon
14,297,Gavrus
14,298,Géfosse-Fontenay
14,299,Genneville
14,301,Giberville
14,302,Glanville
14,303,Glos
14,304,Gonneville-sur-Honfleur
14,305,Gonneville-sur-Mer
14,306,Gonneville-en-Auge
14,308,Goustranville
14,309,Gouvix
14,310,Grainville-Langannerie
14,311,Grainville-sur-Odon
14,312,Grandcamp-Maisy
14,316,Grangues
14,318,Graye-sur-Mer
14,319,Grentheville
14,320,Grimbosq
14,322,Guéron
14,325,Hermanville-sur-Mer
14,326,Hermival-les-Vaux
14,327,Hérouville-Saint-Clair
14,328,Hérouvillette
14,329,Heuland
14,332,La Hoguette
14,333,Honfleur
14,334,L'Hôtellerie
14,335,Hotot-en-Auge
14,336,Hottot-les-Bagues
14,337,La Houblonnière
14,338,Houlgate
14,341,Ifs
14,342,Isigny-sur-Mer
14,343,Les Isles-Bardel
14,344,Janville
14,345,Jort
14,346,Juaye-Mondaye
14,347,Dialan sur Chaîne
14,348,Juvigny-sur-Seulles
14,349,Laize-Clinchamps
14,352,Landelles-et-Coupigny
14,353,Landes-sur-Ajon
14,354,Langrune-sur-Mer
14,355,Ponts sur Seulles
14,357,Terres de Druance
14,358,Léaupartie
14,360,Leffard
14,362,Lessard-et-le-Chêne
14,364,Lingèvres
14,365,Lion-sur-Mer
14,366,Lisieux
14,367,Lison
14,368,Lisores
14,369,Litteau
14,370,Le Molay-Littry
14,371,Livarot-Pays-d'Auge
14,374,Les Loges
14,375,Les Loges-Saulces
14,377,Longues-sur-Mer
14,378,Longueville
14,379,Longvillers
14,380,Loucelles
14,381,Louvagny
14,383,Louvigny
14,384,Luc-sur-Mer
14,385,Magny-en-Bessin
14,389,Maisoncelles-Pelvey
14,390,Maisoncelles-sur-Ajon
14,391,Maisons
14,393,Maizet
14,394,Maizières
14,396,Maltot
14,397,Mandeville-en-Bessin
14,398,Manerbe
14,399,Manneville-la-Pipard
14,400,Le Manoir
14,401,Manvieux
14,402,Le Marais-la-Chapelle
14,403,Marolles
14,404,Martainville
14,405,Martigny-sur-l'Ante
14,406,Moulins-en-Bessin
14,407,Mathieu
14,408,Saint-Martin-de-May
14,409,Merville-Franceville-Plage
14,410,Méry-Bissières-en-Auge
14,411,Meslay
14,412,Le Mesnil-au-Grain
14,419,Le Mesnil-Eudes
14,421,Le Mesnil-Guillaume
14,424,Le Mesnil-Robert
14,425,Le Mesnil-Simon
14,426,Le Mesnil-sur-Blangy
14,427,Le Mesnil-Villement
14,430,Meuvaines
14,431,Mézidon Vallée d'Auge
14,435,Les Monceaux
14,436,Monceaux-en-Bessin
14,437,Mondeville
14,438,Mondrainville
14,439,Monfréville
14,445,Montfiquet
14,446,Montigny
14,448,Montreuil-en-Auge
14,449,Monts-en-Bessin
14,452,Morteaux-Coulibœuf
14,453,Mosles
14,454,Mouen
14,455,Moulines
14,456,Moult-Chicheboville
14,457,Les Moutiers-en-Auge
14,458,Les Moutiers-en-Cinglais
14,460,Moyaux
14,461,Mutrécy
14,465,Nonant
14,466,Norolles
14,467,Noron-l'Abbaye
14,468,Noron-la-Poterie
14,469,Norrey-en-Auge
14,473,Notre-Dame-de-Livaye
14,474,Notre-Dame-d'Estrées-Corbon
14,475,Val d'Arry
14,476,Olendon
14,478,Orbec
14,480,Osmanville
14,482,Ouézy
14,483,Ouffières
14,484,Ouilly-du-Houley
14,486,Ouilly-le-Tesson
14,487,Ouilly-le-Vicomte
14,488,Ouistreham
14,491,Parfouru-sur-Odon
14,492,Pennedepie
14,494,Périers-en-Auge
14,495,Périers-sur-le-Dan
14,496,Périgny
14,497,Perrières
14,498,Pertheville-Ners
14,499,Petiville
14,500,Pierrefitte-en-Auge
14,501,Pierrefitte-en-Cinglais
14,502,Pierrepont
14,504,Le Pin
14,506,Planquery
14,509,Plumetot
14,510,La Pommeraye
14,511,Pont-Bellanger
14,512,Pontécoulant
14,514,Pont-l'Évêque
14,515,Port-en-Bessin-Huppain
14,516,Potigny
14,519,Préaux-Bocage
14,520,Le Pré-d'Auge
14,522,Prêtreville
14,524,Putot-en-Auge
14,527,Belle Vie en Auge
14,528,Quetteville
14,529,Ranchy
14,530,Ranville
14,531,Rapilly
14,533,Repentigny
14,534,Reux
14,535,Reviers
14,536,La Rivière-Saint-Sauveur
14,538,Castine-en-Plaine
14,540,Rocques
14,541,La Roque-Baignard
14,542,Rosel
14,543,Rots
14,546,Rouvres
14,547,Rubercy
14,550,Rumesnil
14,552,Ryes
14,554,Le Castelet
14,555,Saint-André-d'Hébertot
14,556,Saint-André-sur-Orne
14,557,Saint-Arnoult
14,558,Saint-Aubin-d'Arquenay
14,559,Saint-Aubin-des-Bois
14,562,Saint-Aubin-sur-Mer
14,563,Saint-Benoît-d'Hébertot
14,565,Saint-Côme-de-Fresné
14,566,Saint-Contest
14,569,Sainte-Croix-sur-Mer
14,570,Valorbiquet
14,571,Saint-Denis-de-Mailloc
14,572,Saint-Denis-de-Méré
14,574,Saint-Désir
14,575,Saint-Étienne-la-Thillaye
14,576,Val-de-Vie
14,578,Saint-Gatien-des-Bois
14,579,Seulline
14,581,Aurseulles
14,582,Saint-Germain-de-Livet
14,586,Saint-Germain-du-Pert
14,587,Saint-Germain-la-Blanche-Herbe
14,588,Saint-Germain-Langot
14,589,Saint-Germain-le-Vasson
14,590,Sainte-Honorine-de-Ducy
14,591,Aure sur Mer
14,592,Sainte-Honorine-du-Fay
14,593,Saint-Hymer
14,595,Saint-Jean-de-Livet
14,598,Saint-Jouin
14,601,Saint-Julien-sur-Calonne
14,602,Saint-Lambert
14,603,Saint-Laurent-de-Condel
14,605,Saint-Laurent-sur-Mer
14,606,Saint-Léger-Dubosq
14,607,Saint-Louet-sur-Seulles
14,609,Saint-Loup-Hors
14,610,Saint-Manvieu-Norrey
14,613,Saint-Marcouf
14,614,Sainte-Marguerite-d'Elle
14,619,Sainte-Marie-Outre-l'Eau
14,620,Saint-Martin-aux-Chartrains
14,621,Saint-Martin-de-Bienfaite-la-Cressonnière
14,622,Saint-Martin-de-Blagny
14,625,Saint-Martin-de-la-Lieue
14,626,Saint-Martin-de-Mailloc
14,627,Saint-Martin-de-Mieux
14,630,Saint-Martin-des-Entrées
14,635,Saint-Omer
14,637,Saint-Ouen-du-Mesnil-Oger
14,639,Saint-Ouen-le-Pin
14,640,Saint-Pair
14,643,Saint-Paul-du-Vernay
14,644,Saint-Philbert-des-Champs
14,645,Saint-Pierre-Azif
14,646,Saint-Pierre-Canivet
14,648,Saint-Pierre-des-Ifs
14,649,Saint-Pierre-du-Bû
14,650,Saint-Pierre-du-Fresne
14,651,Saint-Pierre-du-Jonquet
14,652,Saint-Pierre-du-Mont
14,654,Saint-Pierre-en-Auge
14,656,Saint-Rémy
14,657,Saint-Samson
14,658,Noues de Sienne
14,659,Saint-Sylvain
14,660,Saint-Vaast-en-Auge
14,661,Saint-Vaast-sur-Seulles
14,663,Saint-Vigor-le-Grand
14,664,Sallen
14,665,Sallenelles
14,666,Sannerville
14,667,Saon
14,668,Saonnet
14,669,Sassy
14,672,Val de Drôme
14,674,Soignolles
14,675,Soliers
14,676,Sommervieu
14,677,Soulangy
14,678,Soumont-Saint-Quentin
14,679,Subles
14,680,Sully
14,681,Surrain
14,682,Surville
14,684,Tessel
14,685,Thaon
14,687,Le Theil-en-Auge
14,689,Thury-Harcourt-le-Hom
14,692,Tilly-sur-Seulles
14,694,Le Torquesne
14,698,Touffréville
14,699,Touques
14,700,Tour-en-Bessin
14,701,Tourgéville
14,705,Tournières
14,706,Tourville-en-Auge
14,707,Tourville-sur-Odon
14,708,Tracy-Bocage
14,709,Tracy-sur-Mer
14,710,Tréprel
14,711,Trévières
14,712,Troarn
14,713,Montillières-sur-Orne
14,714,Le Tronquay
14,715,Trouville-sur-Mer
14,716,Trungy
14,719,Urville
14,720,Ussy
14,721,Vacognes-Neuilly
14,723,Valsemé
14,724,Varaville
14,726,Valdallière
14,728,Vaucelles
14,731,Vauville
14,732,Vaux-sur-Aure
14,733,Vaux-sur-Seulles
14,734,Vendes
14,735,Vendeuvre
14,737,Versainville
14,738,Verson
14,739,Ver-sur-Mer
14,740,La Vespière-Friardel
14,741,Le Vey
14,742,Vicques
14,743,Victot-en-Auge
14,744,Vienne-en-Bessin
14,745,Vierville-sur-Mer
14,747,Vieux
14,748,Vieux-Bourg
14,751,Vignats
14,752,Villers-Bocage
14,753,Villers-Canivet
14,754,Villers-sur-Mer
14,755,Villerville
14,756,La Villette
14,758,Villons-les-Buissons
14,759,Villy-lez-Falaise
14,760,Villy-Bocage
14,761,Vimont
14,762,Vire Normandie
14,764,Pont-d'Ouilly
15,001,Allanche
15,002,Alleuze
15,003,Ally
15,004,Andelat
15,005,Anglards-de-Saint-Flour
15,006,Anglards-de-Salers
15,007,Anterrieux
15,008,Antignac
15,009,Apchon
15,010,Arches
15,011,Arnac
15,012,Arpajon-sur-Cère
15,013,Auriac-l'Église
15,014,Aurillac
15,015,Auzers
15,016,Ayrens
15,017,Badailhac
15,018,Barriac-les-Bosquets
15,019,Bassignac
15,020,Beaulieu
15,021,Boisset
15,022,Bonnac
15,024,Brageac
15,025,Albepierre-Bredons
15,026,Brezons
15,027,Puycapel
15,028,Carlat
15,029,Cassaniouze
15,030,Cayrols
15,031,Celles
15,032,Celoux
15,033,Cézens
15,034,Chaliers
15,035,Chalinargues
15,036,Chalvignac
15,037,Champagnac
15,038,Champs-sur-Tarentaine-Marchal
15,040,Chanterelle
15,041,La Chapelle-d'Alagnon
15,042,La Chapelle-Laurent
15,043,Charmensac
15,045,Chaudes-Aigues
15,046,Chaussenac
15,047,Chavagnac
15,048,Chazelles
15,049,Cheylade
15,050,Le Claux
15,051,Clavières
15,052,Collandres
15,053,Coltines
15,054,Condat
15,055,Coren
15,056,Crandelles
15,057,Cros-de-Montvert
15,058,Cros-de-Ronesque
15,059,Cussac
15,060,Deux-Verges
15,061,Dienne
15,063,Drugeac
15,064,Escorailles
15,065,Espinasse
15,066,Le Falgoux
15,067,Le Fau
15,069,Ferrières-Saint-Mary
15,070,Fontanges
15,072,Freix-Anglards
15,073,Fridefont
15,074,Giou-de-Mamou
15,075,Girgols
15,076,Glénat
15,077,Gourdièges
15,078,Jabrun
15,079,Jaleyrac
15,080,Joursac
15,081,Jou-sous-Monjou
15,082,Junhac
15,083,Jussac
15,084,Labesserette
15,085,Labrousse
15,086,Lacapelle-Barrès
15,087,Lacapelle-del-Fraisse
15,088,Lacapelle-Viescamp
15,089,Ladinhac
15,090,Lafeuillade-en-Vézie
15,091,Landeyrat
15,092,Lanobre
15,093,Lapeyrugue
15,094,Laroquebrou
15,095,Laroquevieille
15,096,Lascelle
15,097,Lastic
15,098,Laurie
15,100,Laveissenet
15,101,Laveissière
15,102,Lavigerie
15,103,Leucamp
15,104,Leynhac
15,105,Leyvaux
15,106,Lieutadès
15,107,Lorcières
15,108,Val d'Arcomie
15,110,Lugarde
15,111,Madic
15,112,Malbo
15,113,Mandailles-Saint-Julien
15,114,Marcenat
15,116,Marchastel
15,117,Marcolès
15,118,Marmanhac
15,119,Massiac
15,120,Mauriac
15,121,Maurines
15,122,Maurs
15,123,Méallet
15,124,Menet
15,125,Mentières
15,126,Molèdes
15,127,Molompize
15,128,La Monselie
15,129,Montboudif
15,130,Montchamp
15,131,Le Monteil
15,132,Montgreleix
15,133,Montmurat
15,134,Montsalvy
15,135,Montvert
15,137,Moussages
15,138,Murat
15,139,Narnhac
15,140,Naucelles
15,141,Neussargues-Moissac
15,142,Neuvéglise-sur-Truyère
15,143,Nieudan
15,144,Omps
15,146,Pailherols
15,147,Parlan
15,148,Paulhac
15,149,Paulhenc
15,151,Peyrusse
15,152,Pierrefort
15,153,Pleaux
15,154,Polminhac
15,155,Pradiers
15,156,Prunet
15,157,Quézac
15,158,Rageade
15,159,Raulhac
15,160,Reilhac
15,161,Rézentières
15,162,Riom-ès-Montagnes
15,163,Roannes-Saint-Mary
15,164,Roffiac
15,165,Rouffiac
15,166,Roumégoux
15,167,Rouziers
15,168,Ruynes-en-Margeride
15,169,Saignes
15,170,Saint-Amandin
15,171,Sainte-Anastasie
15,172,Saint-Antoine
15,173,Saint-Bonnet-de-Condat
15,174,Saint-Bonnet-de-Salers
15,175,Saint-Cernin
15,176,Saint-Chamant
15,178,Saint-Cirgues-de-Jordanne
15,179,Saint-Cirgues-de-Malbert
15,180,Saint-Clément
15,181,Saint-Constant-Fournoulès
15,182,Saint-Étienne-Cantalès
15,183,Saint-Étienne-de-Carlat
15,184,Saint-Étienne-de-Maurs
15,185,Saint-Étienne-de-Chomeil
15,186,Sainte-Eulalie
15,187,Saint-Flour
15,188,Saint-Georges
15,189,Saint-Gérons
15,190,Saint-Hippolyte
15,191,Saint-Illide
15,192,Saint-Jacques-des-Blats
15,194,Saint-Julien-de-Toursac
15,196,Saint-Mamet-la-Salvetat
15,198,Sainte-Marie
15,199,Saint-Martial
15,200,Saint-Martin-Cantalès
15,201,Saint-Martin-sous-Vigouroux
15,202,Saint-Martin-Valmeroux
15,203,Saint-Mary-le-Plain
15,204,Saint-Paul-des-Landes
15,205,Saint-Paul-de-Salers
15,206,Saint-Pierre
15,207,Saint-Poncy
15,208,Saint-Projet-de-Salers
15,209,Saint-Rémy-de-Chaudes-Aigues
15,211,Saint-Santin-Cantalès
15,212,Saint-Santin-de-Maurs
15,213,Saint-Saturnin
15,214,Saint-Saury
15,215,Saint-Simon
15,216,Saint-Urcize
15,217,Saint-Victor
15,218,Saint-Vincent-de-Salers
15,219,Salers
15,220,Salins
15,221,Sansac-de-Marmiesse
15,222,Sansac-Veinazès
15,223,Sauvat
15,224,La Ségalassière
15,225,Ségur-les-Villas
15,226,Sénezergues
15,228,Siran
15,229,Soulages
15,230,Sourniac
15,231,Talizat
15,232,Tanavelle
15,233,Teissières-de-Cornet
15,234,Teissières-lès-Bouliès
15,235,Les Ternes
15,236,Thiézac
15,237,Tiviers
15,238,Tournemire
15,240,Trémouille
15,241,La Trinitat
15,242,Le Trioulou
15,243,Trizac
15,244,Ussel
15,245,Vabres
15,246,Valette
15,247,Valjouze
15,248,Valuéjols
15,249,Le Vaulmier
15,250,Vebret
15,251,Védrines-Saint-Loup
15,252,Velzic
15,253,Vernols
15,254,Veyrières
15,255,Vézac
15,256,Vèze
15,257,Vezels-Roussy
15,258,Vic-sur-Cère
15,259,Vieillespesse
15,260,Vieillevie
15,261,Le Vigean
15,262,Villedieu
15,263,Virargues
15,264,Vitrac
15,265,Ydes
15,266,Yolet
15,267,Ytrac
15,268,Le Rouget-Pers
15,269,Besse
16,001,Abzac
16,002,Les Adjots
16,003,Agris
16,005,Aigre
16,007,Alloue
16,008,Ambérac
16,009,Ambernac
16,011,Anais
16,012,Angeac-Champagne
16,013,Angeac-Charente
16,014,Angeduc
16,015,Angoulême
16,016,Ansac-sur-Vienne
16,018,Ars
16,019,Asnières-sur-Nouère
16,020,Aubeterre-sur-Dronne
16,023,Aunac-sur-Charente
16,024,Aussac-Vadalle
16,025,Baignes-Sainte-Radegonde
16,026,Balzac
16,027,Barbezières
16,028,Barbezieux-Saint-Hilaire
16,029,Bardenac
16,030,Barret
16,031,Barro
16,032,Bassac
16,034,Bazac
16,035,Beaulieu-sur-Sonnette
16,036,Bécheresse
16,037,Bellon
16,038,Benest
16,039,Bernac
16,040,Berneuil
16,041,Bessac
16,042,Bessé
16,044,Bioussac
16,045,Birac
16,046,Coteaux-du-Blanzacais
16,047,Blanzaguet-Saint-Cybard
16,048,Boisbreteau
16,049,Bonnes
16,050,Bonneuil
16,052,Bors (Canton de Tude-et-Lavalette)
16,053,Bors (Canton de Charente-Sud)
16,054,Le Bouchage
16,055,Bouëx
16,056,Bourg-Charente
16,057,Bouteville
16,058,Boutiers-Saint-Trojan
16,059,Brettes
16,060,Bréville
16,061,Brie
16,062,Brie-sous-Barbezieux
16,063,Brie-sous-Chalais
16,064,Brigueuil
16,065,Brillac
16,066,Brossac
16,067,Bunzac
16,068,Cellefrouin
16,069,Cellettes
16,070,Chabanais
16,071,Chabrac
16,072,Chadurie
16,073,Chalais
16,074,Challignac
16,075,Champagne-Vigny
16,076,Champagne-Mouton
16,077,Champmillon
16,078,Champniers
16,079,Chantillac
16,081,La Chapelle
16,082,Boisné-La Tude
16,083,Charmé
16,084,Charras
16,085,Chasseneuil-sur-Bonnieure
16,086,Chassenon
16,087,Chassiecq
16,088,Chassors
16,089,Châteaubernard
16,090,Châteauneuf-sur-Charente
16,091,Châtignac
16,093,Chazelles
16,095,Chenon
16,096,Cherves-Châtelars
16,097,Val-de-Cognac
16,098,La Chèvrerie
16,099,Chillac
16,100,Chirac
16,101,Claix
16,102,Cognac
16,103,Combiers
16,104,Condac
16,105,Condéon
16,106,Confolens
16,107,Coulgens
16,108,Coulonges
16,109,Courbillac
16,110,Courcôme
16,111,Courgeac
16,112,Courlac
16,113,La Couronne
16,114,Couture
16,116,Criteuil-la-Magdeleine
16,117,Curac
16,118,Deviat
16,119,Dignac
16,120,Dirac
16,121,Douzat
16,122,Ébréon
16,123,Échallat
16,124,Écuras
16,125,Édon
16,127,Empuré
16,128,Épenède
16,130,Les Essards
16,131,Esse
16,132,Étagnac
16,133,Étriac
16,134,Exideuil-sur-Vienne
16,135,Eymouthiers
16,136,La Faye
16,137,Feuillade
16,138,Fléac
16,139,Fleurac
16,141,Fontenille
16,142,La Forêt-de-Tessé
16,143,Fouquebrune
16,144,Fouqueure
16,145,Foussignac
16,146,Garat
16,148,Genac-Bignac
16,150,Gensac-la-Pallue
16,151,Genté
16,152,Gimeux
16,153,Mainxe-Gondeville
16,154,Gond-Pontouvre
16,155,Les Gours
16,157,Le Grand-Madieu
16,158,Grassac
16,160,Guimps
16,161,Guizengeard
16,162,Gurat
16,163,Hiersac
16,164,Hiesse
16,165,Houlette
16,166,L'Isle-d'Espagnac
16,167,Jarnac
16,168,Jauldes
16,169,Javrezac
16,170,Juignac
16,171,Juillac-le-Coq
16,173,Juillé
16,174,Julienne
16,175,Val des Vignes
16,176,Lachaise
16,177,Ladiville
16,178,Lagarde-sur-le-Né
16,180,Laprade
16,181,Lessac
16,182,Lesterps
16,183,Lésignac-Durand
16,184,Lichères
16,185,Ligné
16,186,Lignières-Ambleville
16,187,Linars
16,188,Le Lindois
16,189,Londigny
16,190,Longré
16,191,Lonnes
16,192,Terres-de-Haute-Charente
16,193,Louzac-Saint-André
16,194,Lupsault
16,195,Lussac
16,196,Luxé
16,197,La Magdeleine
16,198,Magnac-lès-Gardes
16,199,Magnac-sur-Touvre
16,200,Maine-de-Boixe
16,203,Mainzac
16,204,Bellevigne
16,205,Manot
16,206,Mansle-les-Fontaines
16,207,Marcillac-Lanville
16,208,Mareuil
16,209,Marillac-le-Franc
16,210,Marsac
16,211,Marthon
16,212,Massignac
16,213,Mazerolles
16,215,Médillac
16,216,Mérignac
16,217,Merpins
16,218,Mesnac
16,220,Les Métairies
16,221,Mons
16,222,Montboyer
16,223,Montbron
16,224,Montmérac
16,225,Montembœuf
16,227,Montignac-le-Coq
16,229,Montjean
16,230,Montmoreau
16,231,Montrollet
16,232,Mornac
16,233,Mosnac-Saint-Simeux
16,234,Moulidars
16,236,Mouthiers-sur-Boëme
16,237,Mouton
16,239,Mouzon
16,240,Nabinaud
16,241,Nanclars
16,242,Nanteuil-en-Vallée
16,243,Nercillac
16,244,Nersac
16,245,Nieuil
16,246,Nonac
16,248,Oradour
16,249,Oradour-Fanais
16,250,Orgedeuil
16,251,Oriolles
16,252,Orival
16,253,Paizay-Naudouin-Embourie
16,254,Palluaud
16,255,Parzac
16,256,Passirac
16,258,Pérignac
16,260,Pillac
16,261,Les Pins
16,263,Plassac-Rouffiac
16,264,Pleuville
16,267,Poullignac
16,268,Poursac
16,269,Pranzac
16,270,Pressignac
16,271,Puymoyen
16,272,Puyréaux
16,273,Raix
16,275,Ranville-Breuillaud
16,276,Reignac
16,277,Réparsac
16,279,Rioux-Martin
16,280,Rivières
16,281,La Rochefoucauld-en-Angoumois
16,282,La Rochette
16,283,Ronsenac
16,284,Rouffiac
16,285,Rougnac
16,286,Rouillac
16,287,Roullet-Saint-Estèphe
16,289,Roussines
16,290,Rouzède
16,291,Ruelle-sur-Touvre
16,292,Ruffec
16,293,Saint-Adjutory
16,295,Saint-Amant-de-Boixe
16,297,Graves-Saint-Amant
16,298,Saint-Amant-de-Nouère
16,300,Val-de-Bonnieure
16,301,Saint-Aulais-la-Chapelle
16,302,Saint-Avit
16,303,Saint-Bonnet
16,304,Saint-Brice
16,306,Saint-Christophe
16,307,Saint-Ciers-sur-Bonnieure
16,308,Saint-Claud
16,310,Saint-Coutant
16,312,Saint-Cybardeaux
16,315,Saint-Félix
16,316,Saint-Fort-sur-le-Né
16,317,Saint-Fraigne
16,318,Saint-Front
16,320,Saint-Genis-d'Hiersac
16,321,Saint-Georges
16,323,Saint-Germain-de-Montbron
16,325,Saint-Gourson
16,326,Saint-Groux
16,329,Saint-Laurent-de-Céris
16,330,Saint-Laurent-de-Cognac
16,331,Saint-Laurent-des-Combes
16,334,Saint-Martial
16,335,Saint-Martin-du-Clocher
16,336,Saint-Mary
16,337,Saint-Maurice-des-Lions
16,338,Saint-Médard
16,339,Val-d'Auge
16,340,Saint-Même-les-Carrières
16,341,Saint-Michel
16,342,Saint-Palais-du-Né
16,343,Saint-Preuil
16,345,Saint-Quentin-sur-Charente
16,346,Saint-Quentin-de-Chalais
16,347,Saint-Romain
16,348,Saint-Saturnin
16,349,Sainte-Sévère
16,350,Saint-Séverin
16,352,Saint-Simon
16,353,Saint-Sornin
16,354,Sainte-Souline
16,356,Saint-Sulpice-de-Ruffec
16,357,Saint-Vallier
16,358,Saint-Yrieix-sur-Charente
16,359,Salles-d'Angles
16,360,Salles-de-Barbezieux
16,361,Salles-de-Villefagnan
16,362,Salles-Lavalette
16,363,Saulgond
16,364,Sauvagnac
16,365,Sauvignac
16,366,Segonzac
16,368,Sers
16,369,Sigogne
16,370,Sireuil
16,372,Souffrignac
16,373,Souvigné
16,374,Soyaux
16,375,Suaux
16,377,La Tâche
16,378,Taizé-Aizie
16,379,Taponnat-Fleurignac
16,380,Le Tâtre
16,381,Theil-Rabier
16,382,Torsac
16,383,Tourriers
16,384,Touvérac
16,385,Touvre
16,387,Triac-Lautrait
16,388,Trois-Palis
16,389,Turgon
16,390,Tusson
16,392,Valence
16,393,La Boixe
16,394,Vaux-Lavalette
16,395,Vaux-Rouillac
16,396,Ventouse
16,397,Verdille
16,398,Verneuil
16,399,Verrières
16,400,Verteuil-sur-Charente
16,401,Vervant
16,402,Vibrac
16,403,Le Vieux-Cérier
16,404,Vieux-Ruffec
16,405,Vignolles
16,406,Moulins-sur-Tardoire
16,408,Villebois-Lavalette
16,409,Villefagnan
16,412,Villejoubert
16,413,Villiers-le-Roux
16,414,Villognon
16,415,Vindelle
16,416,Vitrac-Saint-Vincent
16,418,Vœuil-et-Giget
16,419,Vouharte
16,420,Voulgézac
16,421,Vouthon
16,422,Vouzan
16,423,Xambes
16,424,Yviers
16,425,Yvrac-et-Malleyrand
17,002,Agudelle
17,003,Aigrefeuille-d'Aunis
17,004,Île-d'Aix
17,005,Allas-Bocage
17,006,Allas-Champagne
17,007,Anais
17,008,Andilly
17,009,Angliers
17,010,Angoulins
17,011,Annepont
17,012,Annezay
17,013,Antezant-la-Chapelle
17,015,Arces
17,016,Archiac
17,017,Archingeay
17,018,Ardillières
17,019,Ars-en-Ré
17,020,Arthenac
17,021,Arvert
17,022,Asnières-la-Giraud
17,023,Aujac
17,024,Aulnay
17,025,Aumagne
17,026,Authon-Ébéon
17,027,Avy
17,028,Aytré
17,029,Bagnizeau
17,030,Balanzac
17,031,Ballans
17,032,Ballon
17,033,La Barde
17,034,Barzan
17,035,Bazauges
17,036,Beaugeay
17,037,Beauvais-sur-Matha
17,038,Bedenac
17,039,Belluire
17,041,Benon
17,042,Bercloux
17,043,Bernay-Saint-Martin
17,044,Berneuil
17,045,Beurlay
17,046,Bignay
17,047,Biron
17,048,Blanzac-lès-Matha
17,049,Blanzay-sur-Boutonne
17,050,Bois
17,051,Le Bois-Plage-en-Ré
17,052,Boisredon
17,053,Bords
17,054,Boresse-et-Martron
17,055,Boscamnant
17,056,Bougneau
17,057,Bouhet
17,058,Bourcefranc-le-Chapus
17,059,Bourgneuf
17,060,Boutenac-Touvent
17,061,Bran
17,062,Bresdon
17,063,Breuil-la-Réorte
17,064,Breuillet
17,065,Breuil-Magné
17,066,Brie-sous-Archiac
17,067,Brie-sous-Matha
17,068,Brie-sous-Mortagne
17,069,Brives-sur-Charente
17,070,Brizambourg
17,071,La Brousse
17,072,Burie
17,073,Bussac-sur-Charente
17,074,Bussac-Forêt
17,075,Cabariot
17,076,Celles
17,077,Cercoux
17,078,Chadenac
17,079,Chaillevette
17,080,Chambon
17,081,Chamouillac
17,082,Champagnac
17,083,Champagne
17,084,Champagnolles
17,085,Champdolent
17,086,Chaniers
17,087,Chantemerle-sur-la-Soie
17,089,La Chapelle-des-Pots
17,091,Charron
17,092,Chartuzac
17,093,Le Château-d'Oléron
17,094,Châtelaillon-Plage
17,095,Chatenet
17,096,Chaunac
17,097,Le Chay
17,098,Chenac-Saint-Seurin-d'Uzet
17,099,Chepniers
17,100,Chérac
17,101,Cherbonnières
17,102,Chermignac
17,104,Chevanceaux
17,105,Chives
17,106,Cierzac
17,107,Ciré-d'Aunis
17,108,Clam
17,109,Clavette
17,110,Clérac
17,111,Clion
17,112,La Clisse
17,113,La Clotte
17,114,Coivert
17,115,Colombiers
17,116,Consac
17,117,Contré
17,118,Corignac
17,119,Corme-Écluse
17,120,Corme-Royal
17,121,La Couarde-sur-Mer
17,122,Coulonges
17,124,Courant
17,125,Courcelles
17,126,Courcerac
17,127,Courçon
17,128,Courcoury
17,129,Courpignac
17,130,Coux
17,131,Cozes
17,132,Cram-Chaban
17,133,Cravans
17,134,Crazannes
17,135,Cressé
17,136,Croix-Chapeau
17,137,La Croix-Comtesse
17,138,Dampierre-sur-Boutonne
17,139,Dœuil-sur-le-Mignon
17,140,Dolus-d'Oléron
17,141,Dompierre-sur-Charente
17,142,Dompierre-sur-Mer
17,143,Le Douhet
17,145,Échebrune
17,146,Échillais
17,147,Écoyeux
17,148,Écurat
17,149,Les Éduts
17,150,Les Églises-d'Argenteuil
17,151,L'Éguille
17,152,Épargnes
17,153,Esnandes
17,154,Les Essards
17,155,Étaules
17,156,Expiremont
17,157,Fenioux
17,158,Ferrières
17,159,Fléac-sur-Seugne
17,160,Floirac
17,161,La Flotte
17,162,Fontaine-Chalendray
17,163,Fontaines-d'Ozillac
17,164,Fontcouverte
17,165,Fontenet
17,166,Forges
17,167,Le Fouilloux
17,168,Fouras
17,171,Geay
17,172,Gémozac
17,173,La Genétouze
17,174,Genouillé
17,175,Germignac
17,176,Gibourne
17,177,Le Gicq
17,178,Givrezac
17,179,Les Gonds
17,180,Gourvillette
17,181,Grandjean
17,182,La Grève-sur-Mignon
17,183,Grézac
17,184,La Gripperie-Saint-Symphorien
17,185,Le Gua
17,186,Le Gué-d'Alleré
17,187,Guitinières
17,188,Haimps
17,190,L'Houmeau
17,191,La Jard
17,192,Jarnac-Champagne
17,193,La Jarne
17,194,La Jarrie
17,195,La Jarrie-Audouin
17,196,Jazennes
17,197,Jonzac
17,198,Juicq
17,199,Jussas
17,200,Lagord
17,201,La Laigne
17,202,Landes
17,203,Landrais
17,204,Léoville
17,205,Loire-les-Marais
17,206,Loiré-sur-Nie
17,207,Loix
17,208,Longèves
17,209,Lonzac
17,210,Lorignac
17,211,Loulay
17,212,Louzignac
17,213,Lozay
17,214,Luchat
17,215,Lussac
17,216,Lussant
17,217,Macqueville
17,218,Marans
17,219,Marennes-Hiers-Brouage
17,220,Marignac
17,221,Marsais
17,222,Marsilly
17,223,Massac
17,224,Matha
17,225,Les Mathes
17,226,Mazeray
17,227,Mazerolles
17,228,Médis
17,229,Mérignac
17,230,Meschers-sur-Gironde
17,231,Messac
17,232,Meursac
17,233,Meux
17,234,Migré
17,235,Migron
17,236,Mirambeau
17,237,Moëze
17,239,Mons
17,240,Montendre
17,241,Montguyon
17,242,Montils
17,243,Montlieu-la-Garde
17,244,Montpellier-de-Médillan
17,245,Montroy
17,246,Moragne
17,247,Mornac-sur-Seudre
17,248,Mortagne-sur-Gironde
17,249,Mortiers
17,250,Mosnac
17,252,Le Mung
17,253,Muron
17,254,Nachamps
17,255,Nancras
17,256,Nantillé
17,257,Néré
17,258,Neuillac
17,259,Neulles
17,260,Neuvicq
17,261,Neuvicq-le-Château
17,262,Nieul-lès-Saintes
17,263,Nieul-le-Virouil
17,264,Nieul-sur-Mer
17,265,Nieulle-sur-Seudre
17,266,Les Nouillers
17,267,Nuaillé-d'Aunis
17,268,Rives-de-Boutonne
17,269,Orignolles
17,270,Ozillac
17,271,Paillé
17,273,Pérignac
17,274,Périgny
17,275,Pessines
17,276,Le Pin
17,277,Essouvert
17,278,Pisany
17,279,Plassac
17,280,Plassay
17,281,Polignac
17,282,Pommiers-Moulons
17,283,Pons
17,284,Pont-l'Abbé-d'Arnoult
17,285,Port-d'Envaux
17,286,Les Portes-en-Ré
17,287,Pouillac
17,288,Poursay-Garnaud
17,289,Préguillac
17,290,Prignac
17,291,Puilboreau
17,292,Puy-du-Lac
17,293,Puyravault
17,294,Puyrolland
17,295,Réaux sur Trèfle
17,296,Rétaud
17,297,Rivedoux-Plage
17,298,Rioux
17,299,Rochefort
17,300,La Rochelle
17,301,Romazières
17,302,Romegoux
17,303,La Ronde
17,304,Rouffiac
17,305,Rouffignac
17,306,Royan
17,307,Sablonceaux
17,308,Saint-Agnant
17,309,Saint-Aigulin
17,310,Saint-André-de-Lidon
17,311,Saint-Augustin
17,312,Saint-Bonnet-sur-Gironde
17,313,Saint-Bris-des-Bois
17,314,Saint-Césaire
17,315,Saint-Christophe
17,316,Saint-Ciers-Champagne
17,317,Saint-Ciers-du-Taillon
17,318,Saint-Clément-des-Baleines
17,319,Sainte-Colombe
17,320,Saint-Coutant-le-Grand
17,321,Saint-Crépin
17,322,Saint-Cyr-du-Doret
17,323,Saint-Denis-d'Oléron
17,324,Saint-Dizant-du-Bois
17,325,Saint-Dizant-du-Gua
17,326,Saint-Eugène
17,327,Saint-Félix
17,328,Saint-Fort-sur-Gironde
17,329,Saint-Froult
17,330,Sainte-Gemme
17,331,Saint-Genis-de-Saintonge
17,332,Saint-Georges-Antignac
17,333,Saint-Georges-de-Didonne
17,335,Saint-Georges-des-Agoûts
17,336,Saint-Georges-des-Coteaux
17,337,Saint-Georges-d'Oléron
17,338,Saint-Georges-du-Bois
17,339,Saint-Germain-de-Lusignan
17,340,Saint-Pierre-La-Noue
17,341,Saint-Germain-de-Vibrac
17,342,Saint-Germain-du-Seudre
17,343,Saint-Grégoire-d'Ardennes
17,344,Saint-Hilaire-de-Villefranche
17,345,Saint-Hilaire-du-Bois
17,346,Saint-Hippolyte
17,347,Saint-Jean-d'Angély
17,348,Saint-Jean-d'Angle
17,349,Saint-Jean-de-Liversay
17,350,Saint-Julien-de-l'Escap
17,351,Saint-Just-Luzac
17,353,Saint-Laurent-de-la-Prée
17,354,Saint-Léger
17,355,Sainte-Lheurine
17,356,Saint-Loup
17,357,Saint-Maigrin
17,358,Saint-Mandé-sur-Brédoire
17,359,Saint-Mard
17,360,Sainte-Marie-de-Ré
17,361,Saint-Martial
17,362,Saint-Martial-de-Mirambeau
17,363,Saint-Martial-de-Vitaterne
17,364,Saint-Martial-sur-Né
17,365,Saint-Martin-d'Ary
17,366,Saint-Martin-de-Coux
17,367,Saint-Martin-de-Juillers
17,369,Saint-Martin-de-Ré
17,372,Saint-Médard
17,373,Saint-Médard-d'Aunis
17,374,Sainte-Même
17,375,Saint-Nazaire-sur-Charente
17,376,Saint-Ouen-d'Aunis
17,377,Saint-Ouen-la-Thène
17,378,Saint-Palais-de-Négrignac
17,379,Saint-Palais-de-Phiolin
17,380,Saint-Palais-sur-Mer
17,381,Saint-Pardoult
17,382,Saint-Pierre-d'Amilly
17,383,Saint-Pierre-de-Juillers
17,384,Saint-Pierre-de-l'Isle
17,385,Saint-Pierre-d'Oléron
17,386,Saint-Pierre-du-Palais
17,387,Saint-Porchaire
17,388,Saint-Quantin-de-Rançanne
17,389,Sainte-Radegonde
17,390,Sainte-Ramée
17,391,Saint-Rogatien
17,393,Saint-Romain-de-Benet
17,394,Saint-Saturnin-du-Bois
17,395,Saint-Sauvant
17,396,Saint-Sauveur-d'Aunis
17,397,Saint-Savinien
17,398,Saint-Seurin-de-Palenne
17,400,Saint-Sever-de-Saintonge
17,401,Saint-Séverin-sur-Boutonne
17,402,Saint-Sigismond-de-Clermont
17,403,Saint-Simon-de-Bordes
17,404,Saint-Simon-de-Pellouaille
17,405,Saint-Sorlin-de-Conac
17,406,Saint-Sornin
17,407,Sainte-Soulle
17,408,Saint-Sulpice-d'Arnoult
17,409,Saint-Sulpice-de-Royan
17,410,Saint-Thomas-de-Conac
17,411,Saint-Trojan-les-Bains
17,412,Saint-Vaize
17,413,Saint-Vivien
17,414,Saint-Xandre
17,415,Saintes
17,416,Saleignes
17,417,Salignac-de-Mirambeau
17,418,Salignac-sur-Charente
17,420,Salles-sur-Mer
17,421,Saujon
17,422,Seigné
17,423,Semillac
17,424,Semoussac
17,425,Semussac
17,426,Le Seure
17,427,Siecq
17,428,Sonnac
17,429,Soubise
17,430,Soubran
17,431,Soulignonne
17,432,Souméras
17,433,Sousmoulins
17,434,Surgères
17,435,Taillant
17,436,Taillebourg
17,437,Talmont-sur-Gironde
17,438,Tanzac
17,439,Taugon
17,440,Ternant
17,441,Tesson
17,442,Thaims
17,443,Thairé
17,444,Thénac
17,445,Thézac
17,446,Thors
17,447,Le Thou
17,448,Tonnay-Boutonne
17,449,Tonnay-Charente
17,450,Torxé
17,451,Les Touches-de-Périgny
17,452,La Tremblade
17,453,Trizay
17,454,Tugéras-Saint-Maurice
17,455,La Vallée
17,457,La Devise
17,458,Vanzac
17,459,Varaize
17,460,Varzay
17,461,Vaux-sur-Mer
17,462,Vénérand
17,463,Vergeroux
17,464,Vergné
17,465,La Vergne
17,466,Vérines
17,467,Vervant
17,468,Vibrac
17,469,Villars-en-Pons
17,470,Villars-les-Bois
17,471,La Villedieu
17,472,Villedoux
17,473,Villemorin
17,474,Villeneuve-la-Comtesse
17,476,Villexavier
17,477,Villiers-Couture
17,478,Vinax
17,479,Virollet
17,480,Virson
17,481,Voissay
17,482,Vouhé
17,483,Yves
17,484,Port-des-Barques
17,485,Le Grand-Village-Plage
17,486,La Brée-les-Bains
18,001,Achères
18,002,Ainay-le-Vieil
18,003,Les Aix-d'Angillon
18,004,Allogny
18,005,Allouis
18,006,Annoix
18,007,Apremont-sur-Allier
18,008,Arçay
18,009,Arcomps
18,010,Ardenais
18,011,Argent-sur-Sauldre
18,012,Argenvières
18,013,Arpheuilles
18,014,Assigny
18,015,Aubigny-sur-Nère
18,016,Aubinges
18,017,Augy-sur-Aubois
18,018,Avord
18,019,Azy
18,020,Bannay
18,021,Bannegon
18,022,Barlieu
18,023,Baugy
18,024,Beddes
18,025,Beffes
18,026,Belleville-sur-Loire
18,027,Bengy-sur-Craon
18,028,Berry-Bouy
18,029,Bessais-le-Fromental
18,030,Blancafort
18,031,Blet
18,032,Boulleret
18,033,Bourges
18,034,Bouzais
18,035,Brécy
18,036,Brinay
18,037,Brinon-sur-Sauldre
18,038,Bruère-Allichamps
18,039,Bué
18,040,Bussy
18,041,La Celette
18,042,La Celle
18,043,La Celle-Condé
18,044,Cerbois
18,045,Chalivoy-Milon
18,046,Chambon
18,047,La Chapelle-d'Angillon
18,048,La Chapelle-Hugon
18,049,La Chapelle-Montlinard
18,050,La Chapelle-Saint-Ursin
18,051,La Chapelotte
18,052,Charenton-du-Cher
18,053,Charentonnay
18,054,Charly
18,055,Chârost
18,056,Chassy
18,057,Châteaumeillant
18,058,Châteauneuf-sur-Cher
18,059,Le Châtelet
18,060,Chaumont
18,061,Chaumoux-Marcilly
18,062,Le Chautay
18,063,Chavannes
18,064,Chéry
18,065,Chezal-Benoît
18,066,Civray
18,067,Clémont
18,068,Cogny
18,069,Colombiers
18,070,Concressault
18,071,Contres
18,072,Cornusse
18,073,Corquoy
18,074,Couargues
18,075,Cours-les-Barres
18,076,Coust
18,077,Couy
18,078,Crézançay-sur-Cher
18,079,Crézancy-en-Sancerre
18,080,Croisy
18,081,Crosses
18,082,Cuffy
18,083,Culan
18,084,Dampierre-en-Crot
18,085,Dampierre-en-Graçay
18,086,Drevant
18,087,Dun-sur-Auron
18,088,Ennordres
18,089,Épineuil-le-Fleuriel
18,090,Étréchy
18,091,Farges-Allichamps
18,092,Farges-en-Septaine
18,093,Faverdines
18,094,Feux
18,095,Flavigny
18,096,Foëcy
18,097,Fussy
18,098,Gardefort
18,099,Garigny
18,100,Genouilly
18,101,Germigny-l'Exempt
18,102,Givardon
18,103,Graçay
18,104,Groises
18,105,Gron
18,106,Grossouvre
18,107,La Groutte
18,108,La Guerche-sur-l'Aubois
18,109,Henrichemont
18,110,Herry
18,111,Humbligny
18,112,Ids-Saint-Roch
18,113,Ignol
18,114,Ineuil
18,115,Ivoy-le-Pré
18,116,Jalognes
18,117,Jars
18,118,Jouet-sur-l'Aubois
18,119,Jussy-Champagne
18,120,Jussy-le-Chaudrier
18,121,Lantan
18,122,Lapan
18,124,Lazenay
18,125,Léré
18,126,Levet
18,127,Lignières
18,128,Limeux
18,129,Lissay-Lochy
18,130,Loye-sur-Arnon
18,132,Lugny-Champagne
18,133,Lunery
18,134,Lury-sur-Arnon
18,135,Maisonnais
18,136,Marçais
18,137,Mareuil-sur-Arnon
18,138,Marmagne
18,139,Marseilles-lès-Aubigny
18,140,Massay
18,141,Mehun-sur-Yèvre
18,142,Meillant
18,143,Menetou-Couture
18,144,Menetou-Râtel
18,145,Menetou-Salon
18,146,Ménétréol-sous-Sancerre
18,147,Ménétréol-sur-Sauldre
18,148,Méreau
18,149,Méry-ès-Bois
18,150,Méry-sur-Cher
18,151,Montigny
18,152,Montlouis
18,153,Morlac
18,154,Mornay-Berry
18,155,Mornay-sur-Allier
18,156,Morogues
18,157,Morthomiers
18,158,Moulins-sur-Yèvre
18,159,Nançay
18,160,Nérondes
18,161,Neuilly-en-Dun
18,162,Neuilly-en-Sancerre
18,163,Neuvy-Deux-Clochers
18,164,Neuvy-le-Barrois
18,165,Neuvy-sur-Barangeon
18,166,Nohant-en-Goût
18,167,Nohant-en-Graçay
18,168,Le Noyer
18,169,Nozières
18,170,Oizon
18,171,Orcenais
18,172,Orval
18,173,Osmery
18,174,Osmoy
18,175,Ourouer-les-Bourdelins
18,176,Parassy
18,177,Parnay
18,178,La Perche
18,179,Pigny
18,180,Plaimpied-Givaudins
18,181,Plou
18,182,Poisieux
18,183,Le Pondy
18,184,Précy
18,185,Presly
18,186,Preuilly
18,187,Préveranges
18,188,Primelles
18,189,Quantilly
18,190,Quincy
18,191,Raymond
18,192,Reigny
18,193,Rezay
18,194,Rians
18,195,Sagonne
18,196,Saint-Aignan-des-Noyers
18,197,Saint-Amand-Montrond
18,198,Saint-Ambroix
18,199,Saint-Baudel
18,200,Saint-Bouize
18,201,Saint-Caprais
18,202,Saint-Céols
18,203,Saint-Christophe-le-Chaudry
18,204,Saint-Denis-de-Palin
18,205,Saint-Doulchard
18,206,Saint-Éloy-de-Gy
18,207,Saint-Florent-sur-Cher
18,208,Sainte-Gemme-en-Sancerrois
18,209,Saint-Georges-de-Poisieux
18,210,Saint-Georges-sur-la-Prée
18,211,Saint-Georges-sur-Moulon
18,212,Saint-Germain-des-Bois
18,213,Saint-Germain-du-Puy
18,214,Saint-Hilaire-de-Court
18,215,Saint-Hilaire-de-Gondilly
18,216,Saint-Hilaire-en-Lignières
18,217,Saint-Jeanvrin
18,218,Saint-Just
18,219,Saint-Laurent
18,220,Saint-Léger-le-Petit
18,221,Saint-Loup-des-Chaumes
18,223,Saint-Martin-d'Auxigny
18,224,Saint-Martin-des-Champs
18,225,Saint-Maur
18,226,Saint-Michel-de-Volangis
18,227,Sainte-Montaine
18,228,Saint-Outrille
18,229,Saint-Palais
18,230,Saint-Pierre-les-Bois
18,231,Saint-Pierre-les-Étieux
18,232,Saint-Priest-la-Marche
18,233,Saint-Satur
18,234,Saint-Saturnin
18,235,Sainte-Solange
18,236,Saint-Symphorien
18,237,Sainte-Thorette
18,238,Saint-Vitte
18,240,Sancergues
18,241,Sancerre
18,242,Sancoins
18,243,Santranges
18,244,Saugy
18,245,Saulzais-le-Potier
18,246,Savigny-en-Sancerre
18,247,Savigny-en-Septaine
18,248,Senneçay
18,249,Sens-Beaujeu
18,250,Serruelles
18,251,Sévry
18,252,Sidiailles
18,253,Soulangis
18,254,Soye-en-Septaine
18,255,Le Subdray
18,256,Subligny
18,257,Sury-près-Léré
18,258,Sury-en-Vaux
18,259,Sury-ès-Bois
18,260,Tendron
18,261,Thaumiers
18,262,Thauvenay
18,263,Thénioux
18,264,Thou
18,265,Torteron
18,266,Touchay
18,267,Trouy
18,268,Uzay-le-Venon
18,269,Vailly-sur-Sauldre
18,270,Vallenay
18,271,Vasselay
18,272,Veaugues
18,273,Venesmes
18,274,Verdigny
18,275,Vereaux
18,276,Vernais
18,277,Verneuil
18,278,Vesdun
18,279,Vierzon
18,280,Vignoux-sous-les-Aix
18,281,Vignoux-sur-Barangeon
18,282,Villabon
18,283,Villecelin
18,284,Villegenon
18,285,Villeneuve-sur-Cher
18,286,Villequiers
18,287,Vinon
18,288,Vorly
18,289,Vornay
18,290,Vouzeron
19,001,Affieux
19,002,Aix
19,003,Albignac
19,004,Albussac
19,005,Allassac
19,006,Alleyrat
19,007,Altillac
19,008,Ambrugeat
19,009,Les Angles-sur-Corrèze
19,010,Argentat-sur-Dordogne
19,011,Arnac-Pompadour
19,012,Astaillac
19,013,Aubazines
19,014,Auriac
19,015,Ayen
19,016,Bar
19,017,Bassignac-le-Bas
19,018,Bassignac-le-Haut
19,019,Beaulieu-sur-Dordogne
19,020,Beaumont
19,021,Bellechassagne
19,022,Benayes
19,023,Beynat
19,024,Beyssac
19,025,Beyssenac
19,026,Bilhac
19,027,Bonnefond
19,028,Bort-les-Orgues
19,029,Branceilles
19,030,Brignac-la-Plaine
19,031,Brive-la-Gaillarde
19,033,Bugeat
19,034,Camps-Saint-Mathurin-Léobazel
19,035,Chabrignac
19,036,Chamberet
19,037,Chamboulive
19,038,Chameyrat
19,039,Champagnac-la-Noaille
19,040,Champagnac-la-Prune
19,041,Chanac-les-Mines
19,042,Chanteix
19,043,La Chapelle-aux-Brocs
19,044,La Chapelle-aux-Saints
19,045,La Chapelle-Saint-Géraud
19,046,Chapelle-Spinasse
19,047,Chartrier-Ferrière
19,048,Le Chastang
19,049,Chasteaux
19,050,Chauffour-sur-Vell
19,051,Chaumeil
19,052,Chavanac
19,053,Chaveroche
19,054,Chenailler-Mascheix
19,055,Chirac-Bellevue
19,056,Clergoux
19,057,Collonges-la-Rouge
19,058,Combressol
19,059,Concèze
19,060,Condat-sur-Ganaveix
19,061,Cornil
19,062,Corrèze
19,063,Cosnac
19,064,Couffy-sur-Sarsonne
19,065,Courteix
19,066,Cublac
19,067,Curemonte
19,068,Dampniat
19,069,Darazac
19,070,Darnets
19,071,Davignac
19,072,Donzenac
19,073,Égletons
19,074,L'Église-aux-Bois
19,075,Espagnac
19,076,Espartignac
19,077,Estivals
19,078,Estivaux
19,079,Eyburie
19,080,Eygurande
19,081,Eyrein
19,082,Favars
19,083,Feyt
19,084,Forgès
19,085,Gimel-les-Cascades
19,086,Goulles
19,087,Gourdon-Murat
19,088,Grandsaigne
19,089,Gros-Chastang
19,090,Gumond
19,091,Hautefage
19,093,Jugeals-Nazareth
19,094,Juillac
19,095,Lacelle
19,096,Ladignac-sur-Rondelles
19,097,Lafage-sur-Sombre
19,098,Lagarde-Marc-la-Tour
19,099,Lagleygeolle
19,100,Lagraulière
19,101,Laguenne-sur-Avalouze
19,102,Lamazière-Basse
19,103,Lamazière-Haute
19,104,Lamongerie
19,105,Lanteuil
19,106,Lapleau
19,107,Larche
19,108,Laroche-près-Feyt
19,109,Lascaux
19,110,Latronche
19,111,Laval-sur-Luzège
19,112,Lestards
19,113,Liginiac
19,114,Lignareix
19,115,Ligneyrac
19,116,Liourdres
19,117,Lissac-sur-Couze
19,118,Le Lonzac
19,119,Lostanges
19,120,Louignac
19,121,Lubersac
19,122,Madranges
19,123,Malemort
19,124,Mansac
19,125,Marcillac-la-Croisille
19,126,Marcillac-la-Croze
19,128,Margerides
19,129,Masseret
19,130,Maussac
19,131,Meilhards
19,132,Ménoire
19,133,Mercœur
19,134,Merlines
19,135,Mestes
19,136,Meymac
19,137,Meyrignac-l'Église
19,138,Meyssac
19,139,Millevaches
19,140,Monceaux-sur-Dordogne
19,141,Monestier-Merlines
19,142,Monestier-Port-Dieu
19,143,Montaignac-sur-Doustre
19,144,Montgibaud
19,145,Moustier-Ventadour
19,146,Naves
19,147,Nespouls
19,148,Neuvic
19,149,Neuville
19,150,Noailhac
19,151,Noailles
19,152,Nonards
19,153,Objat
19,154,Orgnac-sur-Vézère
19,155,Orliac-de-Bar
19,156,Palazinges
19,157,Palisse
19,158,Pandrignes
19,159,Péret-Bel-Air
19,160,Pérols-sur-Vézère
19,161,Perpezac-le-Blanc
19,162,Perpezac-le-Noir
19,163,Le Pescher
19,164,Peyrelevade
19,165,Peyrissac
19,166,Pierrefitte
19,167,Confolent-Port-Dieu
19,168,Pradines
19,169,Puy-d'Arnac
19,170,Queyssac-les-Vignes
19,171,Reygade
19,172,Rilhac-Treignac
19,173,Rilhac-Xaintrie
19,174,La Roche-Canillac
19,175,Roche-le-Peyroux
19,176,Rosiers-d'Égletons
19,177,Rosiers-de-Juillac
19,178,Sadroc
19,179,Saillac
19,180,Saint-Angel
19,181,Saint-Augustin
19,182,Saint-Aulaire
19,184,Saint-Bazile-de-Meyssac
19,186,Saint-Bonnet-Elvert
19,187,Saint-Bonnet-la-Rivière
19,188,Saint-Bonnet-l'Enfantier
19,189,Saint-Bonnet-les-Tours-de-Merle
19,190,Saint-Bonnet-près-Bort
19,191,Saint-Cernin-de-Larche
19,192,Saint-Chamant
19,193,Saint-Cirgues-la-Loutre
19,194,Saint-Clément
19,195,Saint-Cyprien
19,196,Saint-Cyr-la-Roche
19,198,Saint-Éloy-les-Tuileries
19,199,Saint-Étienne-aux-Clos
19,200,Saint-Étienne-la-Geneste
19,201,Saint-Exupéry-les-Roches
19,202,Sainte-Féréole
19,203,Sainte-Fortunade
19,204,Saint-Fréjoux
19,205,Saint-Geniez-ô-Merle
19,206,Saint-Germain-Lavolps
19,207,Saint-Germain-les-Vergnes
19,208,Saint-Hilaire-Foissac
19,209,Saint-Hilaire-les-Courbes
19,210,Saint-Hilaire-Luc
19,211,Saint-Hilaire-Peyroux
19,212,Saint-Hilaire-Taurieux
19,213,Saint-Jal
19,214,Saint-Julien-aux-Bois
19,215,Saint-Julien-le-Pèlerin
19,216,Saint-Julien-le-Vendômois
19,217,Saint-Julien-Maumont
19,219,Sainte-Marie-Lapanouze
19,220,Saint-Martial-de-Gimel
19,221,Saint-Martial-Entraygues
19,222,Saint-Martin-la-Méanne
19,225,Saint-Merd-de-Lapleau
19,226,Saint-Merd-les-Oussines
19,227,Saint-Mexant
19,228,Saint-Pantaléon-de-Lapleau
19,229,Saint-Pantaléon-de-Larche
19,231,Saint-Pardoux-la-Croisille
19,232,Saint-Pardoux-le-Neuf
19,233,Saint-Pardoux-le-Vieux
19,234,Saint-Pardoux-l'Ortigier
19,235,Saint-Paul
19,236,Saint-Priest-de-Gimel
19,237,Saint-Privat
19,238,Saint-Rémy
19,239,Saint-Robert
19,240,Saint-Salvadour
19,241,Saint-Setiers
19,242,Saint-Solve
19,243,Saint-Sornin-Lavolps
19,244,Saint-Sulpice-les-Bois
19,245,Saint-Sylvain
19,246,Saint-Viance
19,247,Saint-Victour
19,248,Les Trois-Saints
19,249,Saint-Yrieix-le-Déjalat
19,250,Salon-la-Tour
19,251,Sarran
19,252,Sarroux - Saint Julien
19,253,Segonzac
19,254,Ségur-le-Château
19,255,Seilhac
19,256,Sérandon
19,257,Sérilhac
19,258,Servières-le-Château
19,259,Sexcles
19,260,Sioniac
19,261,Sornac
19,262,Soudaine-Lavinadière
19,263,Soudeilles
19,264,Soursac
19,265,Tarnac
19,266,Thalamy
19,268,Toy-Viam
19,269,Treignac
19,270,Troche
19,271,Tudeils
19,272,Tulle
19,273,Turenne
19,274,Ussac
19,275,Ussel
19,276,Uzerche
19,277,Valiergues
19,278,Varetz
19,279,Vars-sur-Roseix
19,280,Végennes
19,281,Veix
19,283,Veyrières
19,284,Viam
19,285,Vigeois
19,286,Vignols
19,287,Vitrac-sur-Montane
19,288,Voutezac
19,289,Yssandon
21,001,Agencourt
21,002,Agey
21,003,Ahuy
21,004,Aignay-le-Duc
21,005,Aiserey
21,006,Aisey-sur-Seine
21,007,Aisy-sous-Thil
21,008,Alise-Sainte-Reine
21,009,Allerey
21,010,Aloxe-Corton
21,011,Ampilly-les-Bordes
21,012,Ampilly-le-Sec
21,013,Ancey
21,014,Antheuil
21,015,Antigny-la-Ville
21,016,Arceau
21,017,Arcenant
21,018,Arcey
21,020,Arconcey
21,021,Arc-sur-Tille
21,022,Argilly
21,023,Arnay-le-Duc
21,024,Arnay-sous-Vitteaux
21,025,Arrans
21,026,Asnières-en-Montagne
21,027,Asnières-lès-Dijon
21,028,Athée
21,029,Athie
21,030,Aubaine
21,031,Aubigny-en-Plaine
21,032,Aubigny-la-Ronce
21,033,Aubigny-lès-Sombernon
21,034,Autricourt
21,035,Auvillars-sur-Saône
21,036,Auxant
21,037,Auxey-Duresses
21,038,Auxonne
21,039,Avelanges
21,040,Avosnes
21,041,Avot
21,042,Bagnot
21,043,Baigneux-les-Juifs
21,044,Balot
21,045,Barbirey-sur-Ouche
21,046,Bard-le-Régulier
21,047,Bard-lès-Époisses
21,048,Barges
21,049,Barjon
21,050,Baubigny
21,051,Baulme-la-Roche
21,052,Beaulieu
21,053,Beaumont-sur-Vingeanne
21,054,Beaune
21,055,Beaunotte
21,056,Beire-le-Châtel
21,057,Beire-le-Fort
21,058,Belan-sur-Ource
21,059,Bellefond
21,060,Belleneuve
21,061,Bellenod-sur-Seine
21,062,Bellenot-sous-Pouilly
21,063,Beneuvre
21,064,Benoisey
21,065,Bessey-en-Chaume
21,066,Bessey-la-Cour
21,067,Bessey-lès-Cîteaux
21,068,Beurey-Bauguay
21,069,Beurizot
21,070,Bévy
21,071,Bèze
21,072,Bézouotte
21,074,Billey
21,075,Billy-lès-Chanceaux
21,076,Binges
21,077,Bissey-la-Côte
21,078,Bissey-la-Pierre
21,079,Blagny-sur-Vingeanne
21,080,Blaisy-Bas
21,081,Blaisy-Haut
21,082,Blancey
21,083,Blanot
21,084,Source-Seine
21,085,Bligny-le-Sec
21,086,Bligny-lès-Beaune
21,087,Bligny-sur-Ouche
21,088,Boncourt-le-Bois
21,089,Bonnencontre
21,090,Boudreville
21,091,Bouhey
21,092,Bouilland
21,093,Bouix
21,094,Bourberain
21,095,Bousselange
21,096,Boussenois
21,097,Boussey
21,098,Boux-sous-Salmaise
21,099,Bouze-lès-Beaune
21,100,Brain
21,101,Braux
21,102,Brazey-en-Morvan
21,103,Brazey-en-Plaine
21,104,Brémur-et-Vaurois
21,105,Bressey-sur-Tille
21,106,Bretenière
21,107,Bretigny
21,108,Brianny
21,109,Brion-sur-Ource
21,110,Brochon
21,111,Brognon
21,112,Broin
21,113,Broindon
21,114,Buffon
21,115,Buncey
21,116,Bure-les-Templiers
21,117,Busseaut
21,118,Busserotte-et-Montenaille
21,119,Bussières
21,120,La Bussière-sur-Ouche
21,121,Bussy-la-Pesle
21,122,Bussy-le-Grand
21,123,Buxerolles
21,124,Censerey
21,125,Cérilly
21,126,Cessey-sur-Tille
21,127,Chaignay
21,128,Chailly-sur-Armançon
21,129,Chambain
21,130,Chambeire
21,131,Chamblanc
21,132,Chambœuf
21,133,Chambolle-Musigny
21,134,Chamesson
21,135,Champagne-sur-Vingeanne
21,136,Champagny
21,137,Champ-d'Oiseau
21,138,Champdôtre
21,139,Champeau-en-Morvan
21,140,Champignolles
21,141,Champrenault
21,142,Chanceaux
21,143,Channay
21,144,Charencey
21,145,Charigny
21,146,Charmes
21,147,Charny
21,148,Charrey-sur-Saône
21,149,Charrey-sur-Seine
21,150,Chassagne-Montrachet
21,151,Chassey
21,152,Châteauneuf
21,153,Châtellenot
21,154,Châtillon-sur-Seine
21,155,Chaudenay-la-Ville
21,156,Chaudenay-le-Château
21,157,Chaugey
21,158,Chaume-et-Courchamp
21,159,La Chaume
21,160,Chaume-lès-Baigneux
21,161,Chaumont-le-Bois
21,162,Chaux
21,163,Chazeuil
21,164,Chazilly
21,165,Chemin-d'Aisey
21,166,Chenôve
21,167,Cheuge
21,168,Chevannay
21,169,Chevannes
21,170,Chevigny-en-Valière
21,171,Chevigny-Saint-Sauveur
21,172,Chivres
21,173,Chorey-les-Beaune
21,175,Cirey-lès-Pontailler
21,176,Civry-en-Montagne
21,177,Clamerey
21,178,Valforêt
21,179,Clénay
21,180,Cléry
21,181,Clomot
21,182,Collonges-lès-Bévy
21,183,Collonges-et-Premières
21,184,Colombier
21,185,Combertault
21,186,Comblanchien
21,187,Commarin
21,189,Corberon
21,190,Corcelles-les-Arts
21,191,Corcelles-lès-Cîteaux
21,192,Corcelles-les-Monts
21,193,Corgengoux
21,194,Corgoloin
21,195,Cormot-Vauchignon
21,196,Corpeau
21,197,Corpoyer-la-Chapelle
21,198,Corrombles
21,199,Corsaint
21,200,Couchey
21,201,Coulmier-le-Sec
21,202,Courban
21,203,Courcelles-Frémoy
21,204,Courcelles-lès-Montbard
21,205,Courcelles-lès-Semur
21,207,Courlon
21,208,Courtivron
21,209,Couternon
21,210,Créancey
21,211,Crécey-sur-Tille
21,212,Crépand
21,214,Crugey
21,215,Cuiserey
21,216,Culètre
21,217,Curley
21,218,Curtil-Saint-Seine
21,219,Curtil-Vergy
21,220,Cussey-les-Forges
21,221,Cussy-la-Colonne
21,222,Cussy-le-Châtel
21,223,Daix
21,224,Dampierre-en-Montagne
21,225,Dampierre-et-Flée
21,226,Darcey
21,227,Darois
21,228,Détain-et-Bruant
21,229,Diancey
21,230,Diénay
21,231,Dijon
21,232,Dompierre-en-Morvan
21,233,Drambon
21,234,Drée
21,235,Duesme
21,236,Ébaty
21,237,Échalot
21,238,Échannay
21,239,Échenon
21,240,Échevannes
21,241,Échevronne
21,242,Échigey
21,243,Écutigny
21,244,Éguilly
21,245,Épagny
21,246,Épernay-sous-Gevrey
21,247,Époisses
21,248,Éringes
21,249,Esbarres
21,250,Essarois
21,251,Essey
21,252,Étais
21,253,Étalante
21,254,L'Étang-Vergy
21,255,Étaules
21,256,Étevaux
21,257,Étormay
21,258,Étrochey
21,259,Fain-lès-Montbard
21,260,Fain-lès-Moutiers
21,261,Fauverney
21,262,Faverolles-lès-Lucey
21,263,Fénay
21,264,Le Fête
21,265,Fixin
21,266,Flacey
21,267,Flagey-Echézeaux
21,268,Flagey-lès-Auxonne
21,269,Flammerans
21,270,Flavignerot
21,271,Flavigny-sur-Ozerain
21,272,Le Val-Larrey
21,273,Fleurey-sur-Ouche
21,274,Foissy
21,275,Foncegrive
21,276,Fontaines-en-Duesmois
21,277,Fontaine-Française
21,278,Fontaine-lès-Dijon
21,279,Fontaines-les-Sèches
21,280,Fontangy
21,281,Fontenelle
21,282,Forléans
21,283,Fraignot-et-Vesvrotte
21,284,Francheville
21,285,Franxault
21,286,Frénois
21,287,Fresnes
21,288,Frôlois
21,289,Fussey
21,290,Gemeaux
21,291,Genay
21,292,Genlis
21,293,Gergueil
21,294,Gerland
21,295,Gevrey-Chambertin
21,296,Gevrolles
21,297,Gilly-lès-Cîteaux
21,298,Gissey-le-Vieil
21,299,Gissey-sous-Flavigny
21,300,Gissey-sur-Ouche
21,301,Glanon
21,302,Gomméville
21,303,Les Goulles
21,304,Grancey-le-Château-Neuvelle
21,305,Grancey-sur-Ource
21,306,Grenant-lès-Sombernon
21,307,Grésigny-Sainte-Reine
21,308,Grignon
21,309,Griselles
21,310,Grosbois-en-Montagne
21,311,Grosbois-lès-Tichey
21,312,Gurgy-la-Ville
21,313,Gurgy-le-Château
21,314,Hauteroche
21,315,Hauteville-lès-Dijon
21,316,Heuilley-sur-Saône
21,317,Is-sur-Tille
21,319,Izeure
21,320,Izier
21,321,Jailly-les-Moulins
21,322,Jallanges
21,323,Jancigny
21,324,Jeux-lès-Bard
21,325,Jouey
21,326,Jours-lès-Baigneux
21,327,Val-Mont
21,328,Juillenay
21,329,Juilly
21,330,Labergement-Foigney
21,331,Labergement-lès-Auxonne
21,332,Labergement-lès-Seurre
21,333,Labruyère
21,334,Lacanche
21,335,Lacour-d'Arcenay
21,336,Laignes
21,337,Lamarche-sur-Saône
21,338,Lamargelle
21,339,Lantenay
21,340,Lanthes
21,341,Lantilly
21,342,Laperrière-sur-Saône
21,343,Larrey
21,344,Lechâtelet
21,345,Léry
21,346,Leuglay
21,347,Levernois
21,348,Licey-sur-Vingeanne
21,349,Liernais
21,350,Lignerolles
21,351,Longchamp
21,352,Longeault-Pluvault
21,353,Longecourt-en-Plaine
21,354,Longecourt-lès-Culêtre
21,355,Longvic
21,356,Losne
21,357,Louesme
21,358,Lucenay-le-Duc
21,359,Lucey
21,360,Lusigny-sur-Ouche
21,361,Lux
21,362,Maconge
21,363,Magnien
21,364,Magny-Lambert
21,365,Magny-la-Ville
21,366,Magny-lès-Aubigny
21,367,Magny-Montarlot
21,368,Magny-lès-Villers
21,369,Magny-Saint-Médard
21,370,Magny-sur-Tille
21,371,Les Maillys
21,372,Maisey-le-Duc
21,373,Mâlain
21,374,Maligny
21,375,Manlay
21,376,Marandeuil
21,377,Marcellois
21,378,Marcenay
21,379,Marcheseuil
21,380,Marcigny-sous-Thil
21,381,Marcilly-et-Dracy
21,382,Marcilly-Ogny
21,383,Marcilly-sur-Tille
21,384,Marey-lès-Fussey
21,385,Marey-sur-Tille
21,386,Marigny-le-Cahouët
21,387,Marigny-lès-Reullée
21,388,Marliens
21,389,Marmagne
21,390,Marsannay-la-Côte
21,391,Marsannay-le-Bois
21,392,Martrois
21,393,Massingy
21,394,Massingy-lès-Semur
21,395,Massingy-lès-Vitteaux
21,396,Mauvilly
21,397,Mavilly-Mandelot
21,398,Maxilly-sur-Saône
21,399,Meilly-sur-Rouvres
21,400,Le Meix
21,401,Meloisey
21,402,Menesble
21,403,Ménessaire
21,404,Ménétreux-le-Pitois
21,405,Merceuil
21,406,Mesmont
21,407,Messanges
21,408,Messigny-et-Vantoux
21,409,Meuilley
21,410,Meulson
21,411,Meursanges
21,412,Meursault
21,413,Millery
21,414,Mimeure
21,415,Minot
21,416,Mirebeau-sur-Bèze
21,417,Missery
21,418,Moitron
21,419,Molesme
21,420,Molinot
21,421,Moloy
21,422,Molphey
21,423,Montagny-lès-Beaune
21,424,Montagny-lès-Seurre
21,425,Montbard
21,426,Montberthault
21,427,Montceau-et-Écharnant
21,428,Monthelie
21,429,Montigny-Montfort
21,430,Montigny-Saint-Barthélemy
21,431,Montigny-sur-Armançon
21,432,Montigny-sur-Aube
21,433,Montigny-Mornay-Villeneuve-sur-Vingeanne
21,434,Montlay-en-Auxois
21,435,Montliot-et-Courcelles
21,436,Montmain
21,437,Montmançon
21,438,Montmoyen
21,439,Montoillot
21,440,Montot
21,441,Mont-Saint-Jean
21,442,Morey-Saint-Denis
21,444,Mosson
21,445,La Motte-Ternant
21,446,Moutiers-Saint-Jean
21,447,Musigny
21,448,Mussy-la-Fosse
21,449,Nan-sous-Thil
21,450,Nantoux
21,451,Nesle-et-Massoult
21,452,Neuilly-Crimolois
21,454,Nicey
21,455,Nod-sur-Seine
21,456,Nogent-lès-Montbard
21,457,Noidan
21,458,Noiron-sous-Gevrey
21,459,Noiron-sur-Bèze
21,460,Noiron-sur-Seine
21,461,Nolay
21,462,Norges-la-Ville
21,463,Normier
21,464,Nuits-Saint-Georges
21,465,Obtrée
21,466,Oigny
21,467,Oisilly
21,468,Orain
21,469,Orgeux
21,470,Origny
21,471,Orret
21,472,Orville
21,473,Ouges
21,474,Pagny-la-Ville
21,475,Pagny-le-Château
21,476,Painblanc
21,477,Panges
21,478,Pasques
21,479,Pellerey
21,480,Pernand-Vergelesses
21,481,Perrigny-lès-Dijon
21,482,Perrigny-sur-l'Ognon
21,483,Pichanges
21,484,Planay
21,485,Plombières-lès-Dijon
21,487,Pluvet
21,488,Poinçon-lès-Larrey
21,489,Poiseul-la-Grange
21,490,Poiseul-la-Ville-et-Laperrière
21,491,Poiseul-lès-Saulx
21,492,Pommard
21,493,Poncey-lès-Athée
21,494,Poncey-sur-l'Ignon
21,495,Pont
21,496,Pontailler-sur-Saône
21,497,Pont-et-Massène
21,498,Posanges
21,499,Pothières
21,500,Pouillenay
21,501,Pouilly-en-Auxois
21,502,Pouilly-sur-Saône
21,503,Pouilly-sur-Vingeanne
21,504,Prâlon
21,505,Précy-sous-Thil
21,506,Premeaux-Prissey
21,508,Prenois
21,510,Prusly-sur-Ource
21,511,Puits
21,512,Puligny-Montrachet
21,514,Quemigny-sur-Seine
21,515,Quetigny
21,516,Quincerot
21,517,Quincey
21,518,Quincy-le-Vicomte
21,519,Recey-sur-Ource
21,520,Remilly-en-Montagne
21,521,Remilly-sur-Tille
21,522,Renève
21,523,Reulle-Vergy
21,524,Riel-les-Eaux
21,525,La Roche-en-Brenil
21,526,Rochefort-sur-Brévon
21,527,La Rochepot
21,528,La Roche-Vanneau
21,529,Roilly
21,530,Rougemont
21,531,Rouvray
21,532,Rouvres-en-Plaine
21,533,Rouvres-sous-Meilly
21,534,Ruffey-lès-Beaune
21,535,Ruffey-lès-Echirey
21,536,Sacquenay
21,537,Saffres
21,538,Saint-Andeux
21,539,Saint-Anthot
21,540,Saint-Apollinaire
21,541,Saint-Aubin
21,542,Saint-Bernard
21,543,Saint-Broing-les-Moines
21,544,Sainte-Colombe-en-Auxois
21,545,Sainte-Colombe-sur-Seine
21,546,Saint-Didier
21,547,Saint-Euphrône
21,548,Saint-Germain-de-Modéon
21,549,Saint-Germain-le-Rocheux
21,550,Saint-Germain-lès-Senailly
21,552,Saint-Hélier
21,553,Saint-Jean-de-Bœuf
21,554,Saint-Jean-de-Losne
21,555,Saint-Julien
21,556,Saint-Léger-Triey
21,557,Saint-Marc-sur-Seine
21,558,Sainte-Marie-la-Blanche
21,559,Sainte-Marie-sur-Ouche
21,560,Saint-Martin-de-la-Mer
21,561,Saint-Martin-du-Mont
21,562,Saint-Maurice-sur-Vingeanne
21,563,Saint-Mesmin
21,564,Saint-Nicolas-lès-Cîteaux
21,565,Saint-Philibert
21,566,Saint-Pierre-en-Vaux
21,567,Saint-Prix-lès-Arnay
21,568,Saint-Rémy
21,569,Saint-Romain
21,570,Sainte-Sabine
21,571,Saint-Sauveur
21,572,Saint-Seine-en-Bâche
21,573,Saint-Seine-l'Abbaye
21,574,Saint-Seine-sur-Vingeanne
21,575,Saint-Symphorien-sur-Saône
21,576,Saint-Thibault
21,577,Saint-Usage
21,578,Saint-Victor-sur-Ouche
21,579,Salives
21,580,Salmaise
21,581,Samerey
21,582,Santenay
21,583,Santosse
21,584,Saulieu
21,585,Saulon-la-Chapelle
21,586,Saulon-la-Rue
21,587,Saulx-le-Duc
21,588,Saussey
21,589,Saussy
21,590,Savigny-lès-Beaune
21,591,Savigny-le-Sec
21,592,Savigny-sous-Mâlain
21,593,Savilly
21,594,Savoisy
21,595,Savolles
21,596,Savouges
21,597,Segrois
21,598,Seigny
21,599,Selongey
21,600,Semarey
21,601,Semezanges
21,602,Semond
21,603,Semur-en-Auxois
21,604,Senailly
21,605,Sennecey-lès-Dijon
21,606,Ladoix-Serrigny
21,607,Seurre
21,608,Sincey-lès-Rouvray
21,609,Soirans
21,610,Soissons-sur-Nacey
21,611,Sombernon
21,612,Souhey
21,613,Soussey-sur-Brionne
21,614,Spoy
21,615,Sussey
21,616,Tailly
21,617,Talant
21,618,Talmay
21,619,Tanay
21,620,Tarsul
21,622,Tart-le-Bas
21,623,Tart
21,624,Tellecey
21,625,Ternant
21,626,Terrefondrée
21,627,Thenissey
21,628,Thoires
21,629,Thoisy-la-Berchère
21,630,Thoisy-le-Désert
21,631,Thomirey
21,632,Thorey-en-Plaine
21,633,Thorey-sous-Charny
21,634,Thorey-sur-Ouche
21,635,Thoste
21,636,Thury
21,637,Tichey
21,638,Til-Châtel
21,639,Tillenay
21,640,Torcy-et-Pouligny
21,641,Touillon
21,642,Toutry
21,643,Tréclun
21,644,Trochères
21,645,Trouhans
21,646,Trouhaut
21,647,Trugny
21,648,Turcey
21,649,Uncey-le-Franc
21,650,Urcy
21,651,Val-Suzon
21,652,Vandenesse-en-Auxois
21,653,Vannaire
21,655,Vanvey
21,656,Varanges
21,657,Varois-et-Chaignot
21,659,Vaux-Saules
21,660,Veilly
21,661,Velars-sur-Ouche
21,662,Velogny
21,663,Venarey-les-Laumes
21,664,Verdonnet
21,665,Vernois-lès-Vesvres
21,666,Vernot
21,667,Véronnes
21,669,Verrey-sous-Drée
21,670,Verrey-sous-Salmaise
21,671,Vertault
21,672,Vesvres
21,673,Veuvey-sur-Ouche
21,674,Veuxhaulles-sur-Aube
21,675,Vianges
21,676,Vic-de-Chassenay
21,677,Vic-des-Prés
21,678,Vic-sous-Thil
21,679,Vieilmoulin
21,680,Vielverge
21,681,Vieux-Château
21,682,Viévigne
21,683,Viévy
21,684,Vignoles
21,685,Villaines-en-Duesmois
21,686,Villaines-les-Prévôtes
21,687,Villargoix
21,688,Villars-Fontaine
21,689,Villars-et-Villenotte
21,690,Villeberny
21,691,Villebichot
21,692,Villecomte
21,693,Villedieu
21,694,Villeferry
21,695,La Villeneuve-les-Convers
21,696,Villeneuve-sous-Charigny
21,698,Villers-la-Faye
21,699,Villers-les-Pots
21,700,Villers-Patras
21,701,Villers-Rotin
21,702,Villey-sur-Tille
21,703,Villiers-en-Morvan
21,704,Villiers-le-Duc
21,705,Villotte-Saint-Seine
21,706,Villotte-sur-Ource
21,707,Villy-en-Auxois
21,708,Villy-le-Moutier
21,709,Viserny
21,710,Vitteaux
21,711,Vix
21,712,Volnay
21,713,Vonges
21,714,Vosne-Romanée
21,715,Voudenay
21,716,Vougeot
21,717,Voulaines-les-Templiers
22,001,Allineuc
22,002,Andel
22,003,Aucaleuc
22,004,Bégard
22,005,Belle-Isle-en-Terre
22,006,Berhet
22,008,Bobital
22,009,Le Bodéo
22,011,Boqueho
22,012,La Bouillie
22,013,Bourbriac
22,014,Bourseul
22,015,Bréhand
22,016,Île-de-Bréhat
22,018,Brélidy
22,019,Bringolo
22,020,Broons
22,021,Brusvily
22,023,Bulat-Pestivien
22,024,Calanhel
22,025,Callac
22,026,Calorguen
22,028,Camlez
22,029,Canihuel
22,030,Caouënnec-Lanvézéac
22,031,Carnoët
22,032,Caulnes
22,033,Caurel
22,034,Cavan
22,035,Les Champs-Géraux
22,036,La Chapelle-Blanche
22,037,La Chapelle-Neuve
22,039,La Chèze
22,040,Coadout
22,041,Coatascorn
22,042,Coatréven
22,044,Coëtmieux
22,045,Cohiniac
22,046,Le Mené
22,047,Corlay
22,048,Corseul
22,049,Créhen
22,050,Dinan
22,052,Duault
22,053,Éréac
22,054,Erquy
22,055,Binic-Étables-sur-Mer
22,056,Évran
22,057,Le Faouët
22,059,Le Fœil
22,060,Gausson
22,061,Glomel
22,062,Gomené
22,063,Gommenec'h
22,064,Gouarec
22,065,Goudelin
22,067,Grâces
22,068,Grâce-Uzel
22,069,Guenroc
22,070,Guingamp
22,071,Guitté
22,072,Gurunhuel
22,073,La Harmoye
22,074,Le Haut-Corlay
22,075,Hémonstoir
22,076,Hénanbihen
22,077,Hénansal
22,079,Hénon
22,081,Hillion
22,082,Le Hinglé
22,083,Illifaut
22,084,Jugon-les-Lacs
22,085,Kerbors
22,086,Kerfot
22,087,Kergrist-Moëlou
22,088,Kerien
22,090,Kermaria-Sulard
22,091,Kermoroc'h
22,092,Kerpert
22,093,Lamballe-Armor
22,094,Lancieux
22,095,Landebaëron
22,096,Landébia
22,097,La Landec
22,098,Landéhen
22,099,Lanfains
22,101,Langoat
22,103,Langrolay-sur-Rance
22,104,Languédias
22,105,Languenan
22,106,Langueux
22,107,Bon Repos sur Blavet
22,108,Lanleff
22,109,Lanloup
22,110,Lanmérin
22,111,Lanmodez
22,112,Lannebert
22,113,Lannion
22,114,Lanrelas
22,115,Lanrivain
22,116,Lanrodec
22,117,Lantic
22,118,Lanvallay
22,119,Lanvellec
22,121,Lanvollon
22,122,Laurenan
22,124,Lescouët-Gouarec
22,126,Le Leslay
22,127,Lézardrieux
22,128,Locarn
22,129,Loc-Envel
22,131,Loguivy-Plougras
22,132,Lohuec
22,133,Loscouët-sur-Meu
22,134,Louannec
22,135,Louargat
22,136,Loudéac
22,137,Maël-Carhaix
22,138,Maël-Pestivien
22,139,Magoar
22,140,La Malhoure
22,141,Mantallot
22,143,Matignon
22,144,La Méaugon
22,145,Mégrit
22,146,Mellionnec
22,147,Merdrignac
22,148,Mérillac
22,149,Merléac
22,150,Le Merzer
22,152,Minihy-Tréguier
22,153,Moncontour
22,155,La Motte
22,156,Moustéru
22,157,Le Moustoir
22,158,Guerlédan
22,160,Noyal
22,161,Pabu
22,162,Paimpol
22,163,Paule
22,164,Pédernec
22,165,Penguily
22,166,Penvénan
22,168,Perros-Guirec
22,169,Peumerit-Quintin
22,170,Plaine-Haute
22,171,Plaintel
22,172,Plancoët
22,174,Pléboulle
22,175,Plédéliac
22,176,Plédran
22,177,Pléguien
22,178,Pléhédel
22,179,Fréhel
22,180,Plélan-le-Petit
22,181,Plélauff
22,182,Plélo
22,183,Plémet
22,184,Plémy
22,185,Plénée-Jugon
22,186,Pléneuf-Val-André
22,187,Plérin
22,188,Plerneuf
22,189,Plésidy
22,190,Pleslin-Trigavou
22,193,Plestan
22,194,Plestin-les-Grèves
22,195,Pleubian
22,196,Pleudaniel
22,197,Pleudihen-sur-Rance
22,198,Pleumeur-Bodou
22,199,Pleumeur-Gautier
22,201,Plévenon
22,202,Plévin
22,203,Plœuc-L'Hermitage
22,204,Ploëzal
22,205,Plorec-sur-Arguenon
22,206,Châtelaudren-Plouagat
22,207,Plouaret
22,208,Plouasne
22,209,Beaussais-sur-Mer
22,210,Ploubazlanec
22,211,Ploubezre
22,212,Plouëc-du-Trieux
22,213,Plouër-sur-Rance
22,214,Plouézec
22,215,Ploufragan
22,216,Plougonver
22,217,Plougras
22,218,Plougrescant
22,219,Plouguenast-Langast
22,220,Plouguernével
22,221,Plouguiel
22,222,Plouha
22,223,Plouisy
22,224,Ploulec'h
22,225,Ploumagoar
22,226,Ploumilliau
22,227,Plounérin
22,228,Plounévez-Moëdec
22,229,Plounévez-Quintin
22,231,Plourac'h
22,232,Plourhan
22,233,Plourivo
22,234,Plouvara
22,235,Plouzélambre
22,236,Pludual
22,237,Val-d'Arguenon
22,238,Plufur
22,239,Plumaudan
22,240,Plumaugat
22,241,Plumieux
22,242,Plurien
22,243,Plusquellec
22,244,Plussulien
22,245,Pluzunet
22,246,Pommeret
22,248,Pommerit-le-Vicomte
22,249,Pont-Melvez
22,250,Pontrieux
22,251,Pordic
22,254,Prat
22,255,La Prénessaye
22,256,Quemper-Guézennec
22,257,Quemperven
22,258,Quessoy
22,259,Quévert
22,260,Le Quillio
22,261,Quintenic
22,262,Quintin
22,263,Le Quiou
22,264,La Roche-Jaudy
22,265,Rospez
22,266,Rostrenen
22,267,Rouillac
22,268,Ruca
22,269,Runan
22,271,Saint-Adrien
22,272,Saint-Agathon
22,273,Saint-Alban
22,274,Saint-André-des-Eaux
22,275,Saint-Barnabé
22,276,Saint-Bihy
22,277,Saint-Brandan
22,278,Saint-Brieuc
22,279,Saint-Caradec
22,280,Saint-Carné
22,281,Saint-Carreuc
22,282,Saint-Cast-le-Guildo
22,283,Saint-Clet
22,284,Saint-Connan
22,285,Saint-Connec
22,286,Saint-Denoual
22,287,Saint-Donan
22,288,Saint-Étienne-du-Gué-de-l'Isle
22,289,Saint-Fiacre
22,291,Saint-Gildas
22,293,Saint-Gilles-les-Bois
22,294,Saint-Gilles-Pligeaux
22,295,Saint-Gilles-Vieux-Marché
22,296,Saint-Glen
22,299,Saint-Hélen
22,300,Saint-Hervé
22,302,Saint-Jacut-de-la-Mer
22,304,Saint-Jean-Kerdaniel
22,305,Saint-Jouan-de-l'Isle
22,306,Saint-Judoce
22,307,Saint-Julien
22,308,Saint-Juvat
22,310,Saint-Laurent
22,311,Saint-Lormel
22,312,Saint-Maden
22,313,Saint-Martin-des-Prés
22,314,Saint-Maudan
22,315,Saint-Maudez
22,316,Saint-Mayeux
22,317,Saint-Méloir-des-Bois
22,318,Saint-Michel-de-Plélan
22,319,Saint-Michel-en-Grève
22,320,Saint-Nicodème
22,321,Saint-Nicolas-du-Pélem
22,322,Saint-Péver
22,323,Saint-Pôtan
22,324,Saint-Quay-Perros
22,325,Saint-Quay-Portrieux
22,326,Saint-Rieul
22,327,Saint-Samson-sur-Rance
22,328,Saint-Servais
22,330,Saint-Thélo
22,331,Sainte-Tréphine
22,332,Saint-Trimoël
22,333,Saint-Vran
22,334,Saint-Igeaux
22,335,Senven-Léhart
22,337,Sévignac
22,338,Squiffiec
22,339,Taden
22,340,Tonquédec
22,341,Tramain
22,342,Trébédan
22,343,Trébeurden
22,344,Trébrivan
22,345,Trébry
22,346,Trédaniel
22,347,Trédarzec
22,348,Trédias
22,349,Trédrez-Locquémeau
22,350,Tréduder
22,351,Treffrin
22,352,Tréfumel
22,353,Trégastel
22,354,Tréglamus
22,356,Trégomeur
22,358,Trégonneau
22,359,Trégrom
22,360,Trégueux
22,361,Tréguidel
22,362,Tréguier
22,363,Trélévern
22,364,Trélivan
22,365,Trémargat
22,366,Trémel
22,368,Tréméreuc
22,369,Trémeur
22,370,Tréméven
22,371,Trémorel
22,372,Trémuson
22,373,Tréogan
22,375,Tressignaux
22,376,Trévé
22,377,Tréveneuc
22,378,Trévérec
22,379,Trévou-Tréguignec
22,380,Trévron
22,381,Trézény
22,383,Troguéry
22,384,Uzel
22,385,La Vicomté-sur-Rance
22,386,Le Vieux-Bourg
22,387,Le Vieux-Marché
22,388,Vildé-Guingalan
22,389,Yffiniac
22,390,Yvias
22,391,Yvignac-la-Tour
23,001,Ahun
23,002,Ajain
23,003,Alleyrat
23,004,Anzême
23,005,Arfeuille-Châtain
23,006,Arrènes
23,007,Ars
23,008,Aubusson
23,009,Auge
23,010,Augères
23,011,Aulon
23,012,Auriat
23,013,Auzances
23,014,Azat-Châtenet
23,015,Azerables
23,016,Banize
23,017,Basville
23,018,Bazelat
23,019,Beissat
23,020,Bellegarde-en-Marche
23,021,Bénévent-l'Abbaye
23,022,Bétête
23,024,Blessac
23,025,Bonnat
23,026,Bord-Saint-Georges
23,027,Bosmoreau-les-Mines
23,028,Bosroger
23,029,Le Bourg-d'Hem
23,030,Bourganeuf
23,031,Boussac
23,032,Boussac-Bourg
23,033,La Brionne
23,034,Brousse
23,035,Budelière
23,036,Bussière-Dunoise
23,037,Bussière-Nouvelle
23,038,Bussière-Saint-Georges
23,039,La Celle-Dunoise
23,040,La Celle-sous-Gouzon
23,041,La Cellette
23,042,Ceyroux
23,043,Chamberaud
23,044,Chambon-Sainte-Croix
23,045,Chambon-sur-Voueize
23,046,Chambonchard
23,047,Chamborand
23,048,Champagnat
23,049,Champsanglard
23,050,La Chapelle-Baloue
23,051,La Chapelle-Saint-Martial
23,052,La Chapelle-Taillefert
23,053,Chard
23,054,Charron
23,055,Châtelard
23,056,Châtelus-le-Marcheix
23,057,Châtelus-Malvaleix
23,058,Le Chauchet
23,059,La Chaussade
23,060,Chavanat
23,061,Chénérailles
23,062,Chéniers
23,063,Clairavaux
23,064,Clugnat
23,065,Colondannes
23,066,Le Compas
23,067,La Courtine
23,068,Cressat
23,069,Crocq
23,070,Crozant
23,071,Croze
23,072,Domeyrot
23,073,Dontreix
23,074,Le Donzeil
23,075,Dun-le-Palestel
23,076,Évaux-les-Bains
23,077,Faux-la-Montagne
23,078,Faux-Mazuras
23,079,Felletin
23,080,Féniers
23,081,Flayat
23,082,Fleurat
23,083,Fontanières
23,084,La Forêt-du-Temple
23,086,Fransèches
23,087,Fresselines
23,088,Gartempe
23,089,Genouillac
23,090,Gentioux-Pigerolles
23,091,Gioux
23,092,Glénic
23,093,Gouzon
23,095,Le Grand-Bourg
23,096,Guéret
23,097,Issoudun-Létrieix
23,098,Jalesches
23,099,Janaillat
23,100,Jarnages
23,101,Jouillat
23,102,Ladapeyre
23,103,Lafat
23,104,Lavaufranche
23,105,Lavaveix-les-Mines
23,106,Lépaud
23,107,Lépinas
23,108,Leyrat
23,109,Linard-Malval
23,110,Lioux-les-Monges
23,111,Lizières
23,112,Lourdoueix-Saint-Pierre
23,113,Lupersat
23,114,Lussat
23,115,Magnat-l'Étrange
23,116,Mainsat
23,117,Maison-Feyne
23,118,Maisonnisses
23,119,Malleret
23,120,Malleret-Boussac
23,122,Mansat-la-Courrière
23,123,Les Mars
23,124,Marsac
23,125,Le Mas-d'Artige
23,127,Mautes
23,128,Mazeirat
23,129,La Mazière-aux-Bons-Hommes
23,130,Méasnes
23,131,Mérinchal
23,132,Montaigut-le-Blanc
23,133,Montboucher
23,134,Le Monteil-au-Vicomte
23,136,Mortroux
23,137,Mourioux-Vieilleville
23,138,Moutier-d'Ahun
23,139,Moutier-Malcard
23,140,Moutier-Rozeille
23,141,Naillat
23,142,Néoux
23,143,Noth
23,144,La Nouaille
23,145,Nouhant
23,146,Nouzerines
23,147,Nouzerolles
23,148,Nouziers
23,149,Parsac
23,150,Peyrabout
23,151,Peyrat-la-Nonière
23,152,Pierrefitte
23,154,Pionnat
23,155,Pontarion
23,156,Pontcharraud
23,157,La Pouge
23,158,Poussanges
23,159,Puy-Malsignat
23,160,Reterre
23,162,Roches
23,164,Rougnat
23,165,Royère-de-Vassivière
23,166,Sagnat
23,167,Sannat
23,168,Sardent
23,169,La Saunière
23,170,Savennes
23,171,Sermur
23,172,La Serre-Bussière-Vieille
23,173,Soubrebost
23,174,Soumans
23,175,Sous-Parsat
23,176,La Souterraine
23,177,Saint-Agnant-de-Versillat
23,178,Saint-Agnant-près-Crocq
23,179,Saint-Alpinien
23,180,Saint-Amand
23,181,Saint-Amand-Jartoudeix
23,182,Saint-Avit-de-Tardes
23,183,Saint-Avit-le-Pauvre
23,184,Saint-Bard
23,185,Saint-Chabrais
23,186,Saint-Christophe
23,187,Saint-Dizier-la-Tour
23,188,Saint-Dizier-les-Domaines
23,189,Saint-Dizier-Masbaraud
23,190,Saint-Domet
23,191,Saint-Éloi
23,192,Fursac
23,193,Sainte-Feyre
23,194,Sainte-Feyre-la-Montagne
23,195,Saint-Fiel
23,196,Saint-Frion
23,197,Saint-Georges-la-Pouge
23,198,Saint-Georges-Nigremont
23,199,Saint-Germain-Beaupré
23,200,Saint-Goussaud
23,201,Saint-Hilaire-la-Plaine
23,202,Saint-Hilaire-le-Château
23,203,Saint-Julien-la-Genête
23,204,Saint-Julien-le-Châtel
23,205,Saint-Junien-la-Bregère
23,206,Saint-Laurent
23,207,Saint-Léger-Bridereix
23,208,Saint-Léger-le-Guérétois
23,209,Saint-Loup
23,210,Saint-Maixant
23,211,Saint-Marc-à-Frongier
23,212,Saint-Marc-à-Loubaud
23,213,Saint-Marien
23,214,Saint-Martial-le-Mont
23,215,Saint-Martial-le-Vieux
23,216,Saint-Martin-Château
23,217,Saint-Martin-Sainte-Catherine
23,218,Saint-Maurice-près-Crocq
23,219,Saint-Maurice-la-Souterraine
23,220,Saint-Médard-la-Rochette
23,221,Saint-Merd-la-Breuille
23,222,Saint-Michel-de-Veisse
23,223,Saint-Moreil
23,224,Saint-Oradoux-de-Chirouze
23,225,Saint-Oradoux-près-Crocq
23,226,Saint-Pardoux-d'Arnet
23,227,Saint-Pardoux-Morterolles
23,228,Saint-Pardoux-le-Neuf
23,229,Saint-Pardoux-les-Cards
23,230,Saint-Pierre-Chérignat
23,232,Saint-Pierre-Bellevue
23,233,Saint-Pierre-le-Bost
23,234,Saint-Priest
23,235,Saint-Priest-la-Feuille
23,236,Saint-Priest-la-Plaine
23,237,Saint-Priest-Palus
23,238,Saint-Quentin-la-Chabanne
23,239,Saint-Sébastien
23,240,Saint-Silvain-Bas-le-Roc
23,241,Saint-Silvain-Bellegarde
23,242,Saint-Silvain-Montaigut
23,243,Saint-Silvain-sous-Toulx
23,244,Saint-Sulpice-le-Dunois
23,245,Saint-Sulpice-le-Guérétois
23,246,Saint-Sulpice-les-Champs
23,247,Saint-Vaury
23,248,Saint-Victor-en-Marche
23,249,Saint-Yrieix-la-Montagne
23,250,Saint-Yrieix-les-Bois
23,251,Tardes
23,252,Tercillat
23,253,Thauron
23,254,Toulx-Sainte-Croix
23,255,Trois-Fonds
23,257,Vallière
23,258,Vareilles
23,259,Verneiges
23,260,Vidaillat
23,261,Viersat
23,262,Vigeville
23,263,Villard
23,264,La Villedieu
23,265,La Villeneuve
23,266,La Villetelle
24,001,Abjat-sur-Bandiat
24,002,Agonac
24,004,Ajat
24,005,Alles-sur-Dordogne
24,006,Allas-les-Mines
24,007,Allemans
24,008,Angoisse
24,009,Anlhiac
24,010,Annesse-et-Beaulieu
24,011,Antonne-et-Trigonant
24,012,Archignac
24,014,Aubas
24,015,Audrix
24,016,Augignac
24,018,Auriac-du-Périgord
24,019,Azerat
24,020,La Bachellerie
24,021,Badefols-d'Ans
24,022,Badefols-sur-Dordogne
24,023,Baneuil
24,024,Bardou
24,025,Bars
24,026,Bassillac et Auberoche
24,027,Bayac
24,028,Beaumontois en Périgord
24,029,Beaupouyet
24,030,Beauregard-de-Terrasson
24,031,Beauregard-et-Bassac
24,032,Beauronne
24,034,Beleymas
24,035,Pays de Belvès
24,036,Berbiguières
24,037,Bergerac
24,038,Bertric-Burée
24,039,Besse
24,040,Beynac-et-Cazenac
24,042,Biras
24,043,Biron
24,045,Boisse
24,046,Boisseuilh
24,048,Bonneville-et-Saint-Avit-de-Fumadières
24,050,Borrèze
24,051,Bosset
24,052,Bouillac
24,053,Boulazac Isle Manoire
24,054,Bouniagues
24,055,Bourdeilles
24,056,Le Bourdeix
24,057,Bourg-des-Maisons
24,058,Bourg-du-Bost
24,059,Bourgnac
24,060,Bourniquel
24,061,Bourrou
24,062,Bouteilles-Saint-Sébastien
24,063,Bouzic
24,064,Brantôme en Périgord
24,066,Brouchaud
24,067,Le Bugue
24,068,Le Buisson-de-Cadouin
24,069,Bussac
24,070,Busserolles
24,071,Bussière-Badil
24,073,Calès
24,074,Calviac-en-Périgord
24,075,Campagnac-lès-Quercy
24,076,Campagne
24,077,Campsegret
24,080,Capdrot
24,081,Carlux
24,082,Carsac-Aillac
24,083,Carsac-de-Gurson
24,084,Carves
24,085,La Cassagne
24,086,Castelnaud-la-Chapelle
24,087,Castels et Bézenac
24,088,Cause-de-Clérans
24,090,Celles
24,091,Cénac-et-Saint-Julien
24,094,Chalagnac
24,095,Chalais
24,096,Champagnac-de-Belair
24,097,Champagne-et-Fontaine
24,098,Champcevinel
24,100,Champniers-et-Reilhac
24,101,Champs-Romain
24,102,Chancelade
24,104,Chantérac
24,105,Chapdeuil
24,106,La Chapelle-Aubareil
24,107,La Chapelle-Faucher
24,108,La Chapelle-Gonaguet
24,109,La Chapelle-Grésignac
24,110,La Chapelle-Montabourlet
24,111,La Chapelle-Montmoreau
24,113,La Chapelle-Saint-Jean
24,114,Chassaignes
24,115,Château-l'Évêque
24,116,Châtres
24,117,Les Coteaux Périgourdins
24,119,Cherval
24,120,Cherveix-Cubas
24,121,Chourgnac
24,122,Cladech
24,123,Clermont-de-Beauregard
24,124,Clermont-d'Excideuil
24,126,Colombier
24,128,Comberanche-et-Épeluche
24,129,Condat-sur-Trincou
24,130,Condat-sur-Vézère
24,131,Connezac
24,132,Conne-de-Labarde
24,133,La Coquille
24,134,Corgnac-sur-l'Isle
24,135,Cornille
24,136,Coubjours
24,137,Coulaures
24,138,Coulounieix-Chamiers
24,139,Coursac
24,140,Cours-de-Pile
24,141,Coutures
24,142,Coux et Bigaroque-Mouzens
24,143,Couze-et-Saint-Front
24,144,Creyssac
24,145,Creysse
24,146,Creyssensac-et-Pissot
24,147,Cubjac-Auvézère-Val d'Ans
24,148,Cunèges
24,150,Daglan
24,151,Doissat
24,152,Domme
24,153,La Dornac
24,154,Douchapt
24,155,Douville
24,156,La Douze
24,157,Douzillac
24,158,Dussac
24,159,Échourgnac
24,160,Église-Neuve-de-Vergt
24,161,Église-Neuve-d'Issac
24,162,Escoire
24,163,Étouars
24,164,Excideuil
24,165,Eygurande-et-Gardedeuil
24,167,Eymet
24,168,Plaisance
24,171,Eyzerac
24,172,Les Eyzies
24,174,Fanlac
24,175,Les Farges
24,176,Faurilles
24,177,Faux-en-Périgord
24,179,La Feuillade
24,180,Firbeix
24,182,Le Fleix
24,183,Fleurac
24,184,Florimont-Gaumier
24,186,Fonroque
24,188,Fossemagne
24,189,Fougueyrolles
24,190,Fouleix
24,191,Fraisse
24,192,Gabillou
24,193,Gageac-et-Rouillac
24,194,Gardonne
24,195,Gaugeac
24,196,Génis
24,197,Ginestet
24,199,Gout-Rossignol
24,200,Grand-Brassac
24,202,Granges-d'Ans
24,205,Grignols
24,206,Grives
24,207,Groléjac
24,208,Grun-Bordas
24,209,Hautefaye
24,210,Hautefort
24,211,Issac
24,212,Issigeac
24,213,Jaure
24,214,Javerlhac-et-la-Chapelle-Saint-Robert
24,215,Jayac
24,216,La Jemaye-Ponteyraud
24,217,Journiac
24,218,Jumilhac-le-Grand
24,220,Lacropte
24,221,Rudeau-Ladosse
24,222,La Force
24,223,Lalinde
24,224,Lamonzie-Montastruc
24,225,Lamonzie-Saint-Martin
24,226,Lamothe-Montravel
24,227,Lanouaille
24,228,Lanquais
24,229,Le Lardin-Saint-Lazare
24,230,Larzac
24,231,Lavalade
24,232,Lavaur
24,234,Les Lèches
24,236,Léguillac-de-l'Auche
24,237,Lembras
24,238,Lempzours
24,240,Limeuil
24,241,Limeyrat
24,242,Liorac-sur-Louyre
24,243,Lisle
24,244,Lolme
24,245,Loubejac
24,246,Lunas
24,247,Lusignac
24,248,Lussas-et-Nontronneau
24,251,Manzac-sur-Vern
24,252,Marcillac-Saint-Quentin
24,253,Mareuil en Périgord
24,254,Marnac
24,255,Marquay
24,256,Marsac-sur-l'Isle
24,257,Marsalès
24,259,Eyraud-Crempse-Maurens
24,260,Mauzac-et-Grand-Castang
24,261,Mauzens-et-Miremont
24,262,Mayac
24,263,Mazeyrolles
24,264,Ménesplet
24,266,Mensignac
24,267,Mescoules
24,268,Meyrals
24,269,Mialet
24,271,Milhac-de-Nontron
24,272,Minzac
24,273,Molières
24,274,Monbazillac
24,276,Monestier
24,277,Monfaucon
24,278,Monmadalès
24,279,Monmarvès
24,280,Monpazier
24,281,Monsac
24,282,Monsaguel
24,284,Montagnac-d'Auberoche
24,285,Montagnac-la-Crempse
24,286,Montagrier
24,287,Montaut
24,288,Montazeau
24,289,Montcaret
24,290,Montferrand-du-Périgord
24,291,Montignac-Lascaux
24,292,Montpeyroux
24,293,Monplaisant
24,294,Montpon-Ménestérol
24,295,Montrem
24,296,Mouleydier
24,297,Moulin-Neuf
24,299,Mussidan
24,300,Nabirat
24,301,Nadaillac
24,302,Nailhac
24,303,Nanteuil-Auriac-de-Bourzac
24,304,Nantheuil
24,305,Nanthiat
24,306,Nastringues
24,307,Naussannes
24,308,Négrondes
24,309,Neuvic
24,311,Nontron
24,312,Sanilhac
24,313,Orliac
24,316,Parcoul-Chenaud
24,317,Paulin
24,318,Paunat
24,319,Paussac-et-Saint-Vivien
24,320,Payzac
24,321,Pazayac
24,322,Périgueux
24,323,Petit-Bersac
24,324,Peyrignac
24,325,Pechs-de-l'Espérance
24,326,Peyzac-le-Moustier
24,327,Pezuls
24,328,Piégut-Pluviers
24,329,Le Pizou
24,330,Plazac
24,331,Pomport
24,334,Pontours
24,335,Port-Sainte-Foy-et-Ponchapt
24,336,Prats-de-Carlux
24,337,Prats-du-Périgord
24,338,Pressignac-Vicq
24,339,Preyssac-d'Excideuil
24,340,Prigonrieux
24,341,Proissans
24,345,Queyssac
24,346,Quinsac
24,347,Rampieux
24,348,Razac-d'Eymet
24,349,Razac-de-Saussignac
24,350,Razac-sur-l'Isle
24,351,Ribagnac
24,352,Ribérac
24,353,La Rochebeaucourt-et-Argentine
24,354,La Roche-Chalais
24,355,La Roque-Gageac
24,356,Rouffignac-Saint-Cernin-de-Reilhac
24,357,Rouffignac-de-Sigoulès
24,359,Sadillac
24,360,Sagelat
24,361,Saint-Agne
24,362,Val de Louyre et Caudeau
24,364,Coly-Saint-Amand
24,365,Saint-Amand-de-Vergt
24,366,Saint-André-d'Allas
24,367,Saint-André-de-Double
24,370,Saint-Antoine-de-Breuilh
24,371,Saint-Aquilin
24,372,Saint-Astier
24,373,Saint-Aubin-de-Cadelech
24,374,Saint-Aubin-de-Lanquais
24,375,Saint-Aubin-de-Nabirat
24,376,Saint Aulaye-Puymangou
24,377,Saint-Avit-de-Vialard
24,378,Saint-Avit-Rivière
24,379,Saint-Avit-Sénieur
24,380,Saint-Barthélemy-de-Bellegarde
24,381,Saint-Barthélemy-de-Bussière
24,382,Saint-Capraise-de-Lalinde
24,383,Saint-Capraise-d'Eymet
24,384,Saint-Cassien
24,385,Saint-Cernin-de-Labarde
24,386,Saint-Cernin-de-l'Herm
24,388,Saint-Chamassy
24,390,Saint-Crépin-d'Auberoche
24,392,Saint-Crépin-et-Carlucet
24,393,Sainte-Croix
24,394,Sainte-Croix-de-Mareuil
24,395,Saint-Cybranet
24,396,Saint-Cyprien
24,397,Saint-Cyr-les-Champagnes
24,398,Saint-Estèphe
24,399,Saint-Étienne-de-Puycorbier
24,401,Sainte-Eulalie-d'Ans
24,403,Saint-Félix-de-Bourdeilles
24,404,Saint-Félix-de-Reillac-et-Mortemart
24,405,Saint-Félix-de-Villadeix
24,406,Sainte-Foy-de-Belvès
24,407,Sainte-Foy-de-Longas
24,408,Saint-Front-d'Alemps
24,409,Saint-Front-de-Pradoux
24,410,Saint-Front-la-Rivière
24,411,Saint-Front-sur-Nizonne
24,412,Saint-Geniès
24,413,Saint-Georges-Blancaneix
24,414,Saint-Georges-de-Montclard
24,415,Saint-Géraud-de-Corps
24,416,Saint-Germain-de-Belvès
24,417,Saint-Germain-des-Prés
24,418,Saint-Germain-du-Salembre
24,419,Saint-Germain-et-Mons
24,420,Saint-Géry
24,421,Saint-Geyrac
24,422,Saint-Hilaire-d'Estissac
24,423,Saint-Julien-Innocence-Eulalie
24,424,Saint-Jean-d'Ataux
24,425,Saint-Jean-de-Côle
24,426,Saint-Jean-d'Estissac
24,428,Saint-Jory-de-Chalais
24,429,Saint-Jory-las-Bloux
24,432,Saint-Julien-de-Lampon
24,434,Saint-Just
24,436,Saint-Laurent-des-Hommes
24,437,Saint-Laurent-des-Vignes
24,438,Saint-Laurent-la-Vallée
24,441,Saint-Léon-d'Issigeac
24,442,Saint-Léon-sur-l'Isle
24,443,Saint-Léon-sur-Vézère
24,444,Saint-Louis-en-l'Isle
24,445,Saint-Marcel-du-Périgord
24,446,Saint-Marcory
24,448,Saint-Martial-d'Albarède
24,449,Saint-Martial-d'Artenset
24,450,Saint-Martial-de-Nabirat
24,451,Saint-Martial-de-Valette
24,452,Saint-Martial-Viveyrol
24,453,Saint-Martin-de-Fressengeas
24,454,Saint-Martin-de-Gurson
24,455,Saint-Martin-de-Ribérac
24,456,Saint-Martin-des-Combes
24,457,Saint-Martin-l'Astier
24,458,Saint-Martin-le-Pin
24,459,Saint-Mayme-de-Péreyrol
24,460,Saint-Méard-de-Drône
24,461,Saint-Méard-de-Gurçon
24,462,Saint-Médard-de-Mussidan
24,463,Saint-Médard-d'Excideuil
24,464,Saint-Mesmin
24,465,Saint-Michel-de-Double
24,466,Saint-Michel-de-Montaigne
24,468,Saint-Michel-de-Villadeix
24,470,Sainte-Mondane
24,471,Sainte-Nathalène
24,472,Saint-Nexans
24,473,Sainte-Orse
24,474,Saint-Pancrace
24,476,Saint-Pantaly-d'Excideuil
24,477,Saint-Pardoux-de-Drône
24,478,Saint-Pardoux-et-Vielvic
24,479,Saint-Pardoux-la-Rivière
24,480,Saint-Paul-de-Serre
24,481,Saint-Paul-la-Roche
24,482,Saint-Paul-Lizonne
24,483,Saint-Perdoux
24,484,Saint-Pierre-de-Chignac
24,485,Saint-Pierre-de-Côle
24,486,Saint-Pierre-de-Frugie
24,487,Saint-Pierre-d'Eyraud
24,488,Saint-Pompon
24,489,Saint-Priest-les-Fougères
24,490,Saint Privat en Périgord
24,491,Saint-Rabier
24,492,Sainte-Radegonde
24,493,Saint-Raphaël
24,494,Saint-Rémy
24,495,Saint-Romain-de-Monpazier
24,496,Saint-Romain-et-Saint-Clément
24,498,Saint-Saud-Lacoussière
24,499,Saint-Sauveur
24,500,Saint-Sauveur-Lalande
24,501,Saint-Seurin-de-Prats
24,502,Saint-Séverin-d'Estissac
24,504,Saint-Sulpice-de-Roumagnac
24,505,Saint-Sulpice-d'Excideuil
24,507,Sainte-Trie
24,508,Saint-Victor
24,509,Saint-Vincent-de-Connezac
24,510,Saint-Vincent-de-Cosse
24,511,Saint-Vincent-Jalmoutiers
24,512,Saint-Vincent-le-Paluel
24,513,Saint-Vincent-sur-l'Isle
24,514,Saint-Vivien
24,515,Salagnac
24,516,Salignac-Eyvigues
24,517,Salles-de-Belvès
24,518,Salon
24,519,Sarlande
24,520,Sarlat-la-Canéda
24,521,Sarliac-sur-l'Isle
24,522,Sarrazac
24,523,Saussignac
24,524,Savignac-de-Miremont
24,525,Savignac-de-Nontron
24,526,Savignac-Lédrier
24,527,Savignac-les-Églises
24,528,Sceau-Saint-Angel
24,529,Segonzac
24,531,Sergeac
24,532,Serres-et-Montguyard
24,533,Servanches
24,534,Sigoulès-et-Flaugeac
24,535,Simeyrols
24,536,Singleyrac
24,537,Siorac-de-Ribérac
24,538,Siorac-en-Périgord
24,540,Sorges et Ligueux en Périgord
24,541,Soudat
24,542,Soulaures
24,543,Sourzac
24,544,Tamniès
24,545,Teillots
24,546,Temple-Laguyon
24,547,Terrasson-Lavilledieu
24,548,Teyjat
24,549,Thénac
24,550,Thenon
24,551,Thiviers
24,552,Thonac
24,553,Tocane-Saint-Apre
24,554,La Tour-Blanche-Cercles
24,555,Tourtoirac
24,557,Trélissac
24,558,Trémolat
24,559,Tursac
24,560,Urval
24,562,Vallereuil
24,563,Valojoulx
24,564,Vanxains
24,565,Varaignes
24,566,Varennes
24,567,Vaunac
24,568,Vélines
24,569,Vendoire
24,570,Verdon
24,571,Vergt
24,572,Vergt-de-Biron
24,573,Verteillac
24,574,Veyrignac
24,575,Veyrines-de-Domme
24,576,Veyrines-de-Vergt
24,577,Vézac
24,580,Villac
24,581,Villamblard
24,582,Villars
24,584,Villefranche-de-Lonchat
24,585,Villefranche-du-Périgord
24,586,Villetoureix
24,587,Vitrac
25,001,Abbans-Dessous
25,002,Abbans-Dessus
25,003,Abbenans
25,004,Abbévillers
25,005,Accolans
25,006,Adam-lès-Passavant
25,007,Adam-lès-Vercel
25,008,Aibre
25,009,Aïssey
25,011,Allenjoie
25,012,Les Alliés
25,013,Allondans
25,014,Amagney
25,015,Amancey
25,016,Amathay-Vésigneux
25,017,Amondans
25,018,Anteuil
25,019,Appenans
25,020,Arbouans
25,021,Arc-et-Senans
25,022,Arcey
25,024,Arçon
25,025,Arc-sous-Cicon
25,026,Arc-sous-Montenot
25,029,Aubonne
25,030,Audeux
25,031,Audincourt
25,032,Autechaux
25,033,Autechaux-Roide
25,035,Les Auxons
25,036,Avanne-Aveney
25,038,Avilley
25,039,Avoudrey
25,040,Badevel
25,041,Bannans
25,042,Le Barboux
25,043,Bart
25,044,Bartherans
25,045,Battenans-les-Mines
25,046,Battenans-Varin
25,047,Baume-les-Dames
25,048,Bavans
25,049,Belfays
25,050,Le Bélieu
25,051,Belleherbe
25,052,Belmont
25,053,Belvoir
25,054,Berche
25,055,Berthelange
25,056,Besançon
25,057,Bethoncourt
25,058,Beure
25,059,Beutal
25,060,Val-d'Usiers
25,061,Bief
25,062,Le Bizot
25,063,Blamont
25,065,Blarians
25,066,Blussangeaux
25,067,Blussans
25,070,Bolandoz
25,071,Bondeval
25,072,Bonnal
25,073,Bonnay
25,074,Bonnétage
25,075,Bonnevaux
25,077,La Bosse
25,078,Bouclans
25,079,Boujailles
25,082,Bourguignon
25,083,Bournois
25,084,Boussières
25,085,Bouverans
25,086,Braillans
25,087,Branne
25,088,Breconchaux
25,089,Bremondans
25,090,Brères
25,091,Les Bréseux
25,092,La Bretenière
25,093,Bretigney
25,094,Bretigney-Notre-Dame
25,095,Bretonvillers
25,096,Brey-et-Maison-du-Bois
25,097,Brognard
25,098,Buffard
25,099,Bugny
25,100,Bulle
25,101,Burgille
25,102,Burnevillers
25,103,Busy
25,104,By
25,105,Byans-sur-Doubs
25,106,Cademène
25,107,Cendrey
25,108,Cernay-l'Église
25,109,Cessey
25,110,Chaffois
25,111,Chalèze
25,112,Chalezeule
25,113,Chamesey
25,114,Chamesol
25,115,Champagney
25,116,Champlive
25,117,Champoux
25,119,Champvans-les-Moulins
25,120,Chantrans
25,121,Chapelle-des-Bois
25,122,Chapelle-d'Huin
25,124,Charmauvillers
25,125,Charmoille
25,126,Charnay
25,127,Charquemont
25,129,Chassagne-Saint-Denis
25,130,Châteauvieux-les-Fossés
25,131,Châtelblanc
25,132,Châtillon-Guyotte
25,133,Châtillon-le-Duc
25,136,Chaucenne
25,138,Les Terres-de-Chaux
25,139,La Chaux
25,141,Chaux-lès-Passavant
25,142,Chaux-Neuve
25,143,Chay
25,145,Chazot
25,147,Chemaudin et Vaux
25,148,La Chenalotte
25,149,Chenecey-Buillon
25,150,Chevigney-sur-l'Ognon
25,151,Chevigney-lès-Vercel
25,152,La Chevillotte
25,153,Chevroz
25,154,Chouzelot
25,155,Cléron
25,156,Pays-de-Clerval
25,157,La Cluse-et-Mijoux
25,159,Colombier-Fontaine
25,160,Les Combes
25,161,Consolation-Maisonnettes
25,162,Corcelles-Ferrières
25,163,Corcelle-Mieslot
25,164,Corcondray
25,166,Côtebrune
25,170,Courcelles-lès-Montbéliard
25,171,Courcelles
25,172,Courchapon
25,173,Cour-Saint-Maurice
25,174,Courtefontaine
25,175,Courtetain-et-Salans
25,176,Courvières
25,177,Crosey-le-Grand
25,178,Crosey-le-Petit
25,179,Le Crouzet
25,180,Crouzet-Migette
25,181,Cubrial
25,182,Cubry
25,183,Cusance
25,184,Cuse-et-Adrisans
25,185,Cussey-sur-Lison
25,186,Cussey-sur-l'Ognon
25,187,Dambelin
25,188,Dambenois
25,189,Dammartin-les-Templiers
25,190,Dampierre-les-Bois
25,191,Dampierre-sur-le-Doubs
25,192,Dampjoux
25,193,Damprichard
25,194,Dannemarie
25,195,Dannemarie-sur-Crète
25,196,Dasle
25,197,Deluz
25,198,Désandans
25,199,Déservillers
25,200,Devecey
25,201,Dommartin
25,202,Dompierre-les-Tilleuls
25,203,Domprel
25,204,Doubs
25,207,Dung
25,208,Durnes
25,209,Échay
25,210,Échenans
25,211,Échevannes
25,212,École-Valentin
25,213,Les Écorces
25,214,Écot
25,215,L'Écouvotte
25,216,Écurcey
25,217,Émagny
25,218,Épenouse
25,219,Épenoy
25,220,Épeugney
25,221,Esnans
25,222,Étalans
25,223,Éternoz-Vallée-du-Lison
25,224,Étouvans
25,225,Étrabonne
25,226,Étrappe
25,227,Étray
25,228,Étupes
25,229,Évillers
25,230,Exincourt
25,231,Eysson
25,232,Faimbe
25,233,Fallerans
25,234,Ferrières-le-Lac
25,235,Ferrières-les-Bois
25,236,Fertans
25,237,Fesches-le-Châtel
25,238,Fessevillers
25,239,Feule
25,240,Les Fins
25,241,Flagey
25,242,Flagey-Rigney
25,243,Flangebouche
25,244,Fleurey
25,245,Fontain
25,246,Fontaine-lès-Clerval
25,247,Fontenelle-Montby
25,248,Les Fontenelles
25,249,Fontenotte
25,251,Fourbanne
25,252,Fourcatier-et-Maison-Neuve
25,253,Fourg
25,254,Les Fourgs
25,255,Fournet-Blancheroche
25,256,Frambouhans
25,257,Franey
25,258,Franois
25,259,Frasne
25,261,Froidevaux
25,262,Fuans
25,263,Gellin
25,264,Gémonval
25,265,Geneuille
25,266,Geney
25,267,Gennes
25,268,Germéfontaine
25,269,Germondans
25,270,Gevresin
25,271,Gilley
25,273,Glamondans
25,274,Glay
25,275,Glère
25,276,Gondenans-Montby
25,277,Gondenans-les-Moulins
25,278,Gonsans
25,279,Gouhelans
25,280,Goumois
25,281,Goux-lès-Dambelin
25,283,Goux-sous-Landet
25,284,Grand-Charmont
25,285,Grand'Combe-Châteleu
25,286,Grand'Combe-des-Bois
25,287,Grandfontaine
25,288,Fournets-Luisans
25,289,Grandfontaine-sur-Creuse
25,290,La Grange
25,293,Granges-Narboz
25,295,Les Grangettes
25,296,Les Gras
25,298,Grosbois
25,299,Guillon-les-Bains
25,300,Guyans-Durnes
25,301,Guyans-Vennes
25,304,Hérimoncourt
25,305,L'Hôpital-du-Grosbois
25,306,L'Hôpital-Saint-Lieffroy
25,307,Les Hôpitaux-Neufs
25,308,Les Hôpitaux-Vieux
25,309,Houtaud
25,310,Huanne-Montmartin
25,311,Hyémondans
25,312,Hyèvre-Magny
25,313,Hyèvre-Paroisse
25,314,Indevillers
25,315,L'Isle-sur-le-Doubs
25,316,Issans
25,317,Jallerange
25,318,Jougne
25,320,Labergement-Sainte-Marie
25,321,Villers-le-Lac
25,322,Laire
25,323,Laissey
25,324,Lanans
25,325,Landresse
25,326,Lantenne-Vertière
25,327,Lanthenans
25,328,Larnod
25,329,Laval-le-Prieuré
25,330,Lavans-Quingey
25,331,Lavans-Vuillafans
25,332,Lavernay
25,333,Laviron
25,334,Levier
25,335,Liebvillers
25,336,Liesle
25,338,Lizine
25,339,Lods
25,340,Lombard
25,341,Lomont-sur-Crête
25,342,Longechaux
25,343,Longemaison
25,344,Longevelle-lès-Russey
25,345,Longevelle-sur-Doubs
25,346,Longeville
25,348,Longevilles-Mont-d'Or
25,349,Loray
25,350,Lougres
25,351,Le Luhier
25,354,Luxiol
25,355,Magny-Châtelard
25,356,Maîche
25,357,Maisons-du-Bois-Lièvremont
25,359,Malans
25,360,Malbrans
25,361,Malbuisson
25,362,Malpas
25,364,Mamirolle
25,365,Mancenans
25,366,Mancenans-Lizerne
25,367,Mandeure
25,368,Marchaux-Chaudefontaine
25,369,Marvelise
25,370,Mathay
25,371,Mazerolles-le-Salin
25,372,Médière
25,373,Le Mémont
25,374,Mercey-le-Grand
25,375,Les Monts-Ronds
25,376,Mérey-Vieilley
25,377,Mésandans
25,378,Meslières
25,379,Mesmay
25,380,Métabief
25,381,Miserey-Salines
25,382,Moncey
25,383,Moncley
25,384,Mondon
25,385,Montagney-Servigney
25,386,Montancy
25,387,Montandon
25,388,Montbéliard
25,389,Montbéliardot
25,390,Pays-de-Montbenoît
25,391,Mont-de-Laval
25,392,Mont-de-Vougney
25,393,Montécheroux
25,394,Montenois
25,395,Montfaucon
25,397,Montferrand-le-Château
25,400,Montgesoye
25,401,Montivernage
25,402,Montjoie-le-Château
25,403,Montlebon
25,404,Montmahoux
25,405,Montperreux
25,406,Montrond-le-Château
25,408,Montussaint
25,410,Morre
25,411,Morteau
25,413,Mouthe
25,414,Le Moutherot
25,415,Mouthier-Haute-Pierre
25,416,Myon
25,417,Naisey-les-Granges
25,418,Nancray
25,419,Nans
25,420,Nans-sous-Sainte-Anne
25,421,Narbief
25,422,Neuchâtel-Urtière
25,424,Les Premiers Sapins
25,425,Noël-Cerneux
25,426,Noirefontaine
25,427,Noironte
25,428,Nommay
25,429,Novillars
25,430,Ollans
25,431,Onans
25,432,Orchamps-Vennes
25,433,Orgeans-Blanchefontaine
25,434,Ornans
25,435,Orsans
25,436,Orve
25,437,Osse
25,438,Osselle-Routelle
25,439,Ougney-Douvot
25,440,Ouhans
25,441,Ouvans
25,442,Oye-et-Pallet
25,443,Palantine
25,444,Palise
25,445,Paroy
25,446,Passavant
25,447,Passonfontaine
25,448,Pelousey
25,449,Péseux
25,450,Pessans
25,451,Petite-Chaux
25,452,Pierrefontaine-lès-Blamont
25,453,Pierrefontaine-les-Varans
25,454,Pirey
25,455,Placey
25,456,Plaimbois-du-Miroir
25,457,Plaimbois-Vennes
25,458,Les Plains-et-Grands-Essarts
25,459,La Planée
25,460,Le Val
25,461,Pompierre-sur-Doubs
25,462,Pontarlier
25,463,Pont-de-Roide-Vermondans
25,464,Les Pontets
25,465,Pont-les-Moulins
25,466,Pouilley-Français
25,467,Pouilley-les-Vignes
25,468,Pouligney-Lusans
25,469,Présentevillers
25,470,La Prétière
25,471,Provenchère
25,472,Puessans
25,473,Pugey
25,474,Le Puy
25,475,Quingey
25,476,Rahon
25,477,Rancenay
25,478,Randevillers
25,479,Rang
25,481,Raynans
25,482,Recologne
25,483,Reculfoz
25,485,Rémondans-Vaivre
25,486,Remoray-Boujeons
25,487,Renédale
25,488,Rennes-sur-Loue
25,489,Reugney
25,490,Rigney
25,491,Rignosot
25,492,Rillans
25,493,La Rivière-Drugeon
25,494,Rochejean
25,495,Roche-lez-Beaupré
25,496,Roche-lès-Clerval
25,497,Roches-lès-Blamont
25,498,Rognon
25,499,Romain
25,500,Ronchaux
25,501,Rondefontaine
25,502,Roset-Fluans
25,503,Rosières-sur-Barbèche
25,504,Rosureux
25,505,Rougemont
25,506,Rougemontot
25,507,Rouhe
25,508,Roulans
25,510,Ruffey-le-Château
25,511,Rurey
25,512,Le Russey
25,513,Sainte-Anne
25,514,Saint-Antoine
25,515,Sainte-Colombe
25,516,Saint-Georges-Armont
25,517,Saint-Gorgon-Main
25,518,Saint-Hilaire
25,519,Saint-Hippolyte
25,520,Saint-Juan
25,521,Saint-Julien-lès-Montbéliard
25,522,Saint-Julien-lès-Russey
25,523,Sainte-Marie
25,524,Saint-Maurice-Colombier
25,525,Saint-Point-Lac
25,526,Sainte-Suzanne
25,527,Saint-Vit
25,528,Samson
25,529,Sancey
25,532,Saône
25,534,Sarrageois
25,535,Saules
25,536,Sauvagney
25,537,Scey-Maisières
25,538,Séchin
25,539,Seloncourt
25,540,Semondans
25,541,Septfontaines
25,542,Serre-les-Sapins
25,544,Servin
25,545,Silley-Amancey
25,546,Silley-Bléfond
25,547,Sochaux
25,548,Solemont
25,550,La Sommette
25,551,Soulce-Cernay
25,552,Sourans
25,553,Soye
25,554,Surmont
25,555,Taillecourt
25,556,Tallans
25,557,Tallenay
25,558,Tarcenay-Foucherans
25,559,Thiébouhans
25,560,Thise
25,561,Thoraise
25,562,Thulay
25,563,Thurey-le-Mont
25,564,Torpes
25,565,Touillon-et-Loutelet
25,566,La Tour-de-Sçay
25,567,Tournans
25,569,Trépot
25,570,Tressandans
25,571,Trévillers
25,572,Trouvans
25,573,Urtière
25,574,Uzelle
25,575,Vaire
25,578,Valdahon
25,579,Val-de-Roulans
25,580,Valentigney
25,582,Valleroy
25,583,Valonne
25,584,Valoreille
25,586,Vandoncourt
25,588,Vaucluse
25,589,Vauclusotte
25,590,Vaudrivillers
25,591,Vaufrey
25,592,Vaux-et-Chantegrue
25,594,Velesmes-Essarts
25,595,Vellerot-lès-Belvoir
25,596,Vellerot-lès-Vercel
25,597,Vellevans
25,598,Venise
25,599,Vennans
25,600,Vennes
25,601,Vercel-Villedieu-le-Camp
25,602,Vergranne
25,604,Verne
25,605,Vernierfontaine
25,607,Vernois-lès-Belvoir
25,608,Le Vernoy
25,609,Verrières-de-Joux
25,611,La Vèze
25,612,Vieilley
25,613,Viéthorey
25,614,Vieux-Charmont
25,615,Villars-lès-Blamont
25,616,Villars-Saint-Georges
25,617,Villars-sous-Dampjoux
25,618,Villars-sous-Écot
25,619,Les Villedieu
25,621,Villeneuve-d'Amont
25,622,Villers-Buzon
25,623,Villers-Chief
25,624,Villers-Grélot
25,625,Villers-la-Combe
25,626,Villers-Saint-Martin
25,627,Villers-sous-Chalamont
25,629,Voillans
25,630,Voires
25,631,Vorges-les-Pins
25,632,Voujeaucourt
25,633,Vuillafans
25,634,Vuillecin
25,635,Vyt-lès-Belvoir
26,001,Solaure en Diois
26,002,Albon
26,003,Aleyrac
26,004,Alixan
26,005,Allan
26,006,Allex
26,007,Ambonil
26,008,Ancône
26,009,Andancette
26,010,Anneyron
26,011,Aouste-sur-Sye
26,012,Arnayon
26,013,Arpavon
26,014,Arthémonay
26,015,Aubenasson
26,016,Aubres
26,017,Aucelon
26,018,Aulan
26,019,Aurel
26,020,La Répara-Auriples
26,021,Autichamp
26,022,Ballons
26,023,Barbières
26,024,Barcelonne
26,025,Barnave
26,026,Barret-de-Lioure
26,027,Barsac
26,028,Bathernay
26,030,La Bâtie-des-Fonds
26,031,La Bâtie-Rolland
26,032,La Baume-Cornillane
26,033,La Baume-de-Transit
26,034,La Baume-d'Hostun
26,035,Beaufort-sur-Gervanne
26,036,Beaumont-en-Diois
26,037,Beaumont-lès-Valence
26,038,Beaumont-Monteux
26,039,Beauregard-Baret
26,040,Beaurières
26,041,Beausemblant
26,042,Beauvallon
26,043,Beauvoisin
26,045,La Bégude-de-Mazenc
26,046,Bellecombe-Tarendol
26,047,Bellegarde-en-Diois
26,048,Bénivay-Ollon
26,049,Bésayes
26,050,Bésignan
26,051,Bézaudun-sur-Bîne
26,052,Bonlieu-sur-Roubion
26,054,Bouchet
26,055,Boulc
26,056,Bourdeaux
26,057,Bourg-de-Péage
26,058,Bourg-lès-Valence
26,059,Bouvante
26,060,Bouvières
26,061,Bren
26,062,Brette
26,063,Buis-les-Baronnies
26,064,Chabeuil
26,065,Chabrillan
26,066,Le Chaffal
26,067,Chalancon
26,068,Le Chalon
26,069,Chamaloc
26,070,Chamaret
26,071,Chanos-Curson
26,072,Chantemerle-les-Blés
26,073,Chantemerle-lès-Grignan
26,074,La Chapelle-en-Vercors
26,075,La Charce
26,076,Charens
26,077,Charmes-sur-l'Herbasse
26,078,Charols
26,079,Charpey
26,080,Chastel-Arnaud
26,081,Châteaudouble
26,082,Châteauneuf-de-Bordette
26,083,Châteauneuf-de-Galaure
26,084,Châteauneuf-sur-Isère
26,085,Châteauneuf-du-Rhône
26,086,Châtillon-en-Diois
26,087,Châtillon-Saint-Jean
26,088,Chatuzange-le-Goubet
26,089,Chaudebonne
26,090,La Chaudière
26,091,Chauvac-Laux-Montaux
26,092,Chavannes
26,093,Clansayes
26,094,Claveyson
26,095,Cléon-d'Andran
26,096,Clérieux
26,097,Cliousclat
26,098,Cobonne
26,099,Colonzelle
26,100,Combovin
26,101,Comps
26,102,Condillac
26,103,Condorcet
26,104,Cornillac
26,105,Cornillon-sur-l'Oule
26,106,La Coucourde
26,107,Crépol
26,108,Crest
26,110,Crozes-Hermitage
26,111,Crupies
26,112,Curnier
26,113,Die
26,114,Dieulefit
26,115,Divajeu
26,116,Donzère
26,117,Échevis
26,118,Épinouze
26,119,Érôme
26,121,Espeluche
26,122,Espenel
26,123,Establet
26,124,Étoile-sur-Rhône
26,125,Eurre
26,126,Eygalayes
26,127,Eygaliers
26,128,Eygluy-Escoulin
26,129,Eymeux
26,130,Eyroles
26,131,Eyzahut
26,133,Fay-le-Clos
26,134,Félines-sur-Rimandoule
26,135,Ferrassières
26,136,Val-Maravel
26,137,Francillon-sur-Roubion
26,138,La Garde-Adhémar
26,139,Génissieux
26,140,Geyssans
26,141,Gigors-et-Lozeron
26,142,Glandage
26,143,Le Grand-Serre
26,144,Grane
26,145,Les Granges-Gontardes
26,146,Grignan
26,147,Gumiane
26,148,Hauterives
26,149,Hostun
26,150,Izon-la-Bruisse
26,152,Jonchères
26,153,Laborel
26,154,Lachau
26,155,Lapeyrouse-Mornay
26,156,Larnage
26,157,La Laupie
26,159,Laval-d'Aix
26,160,Laveyron
26,161,Lemps
26,162,Lens-Lestang
26,163,Léoncel
26,164,Lesches-en-Diois
26,165,Livron-sur-Drôme
26,166,Loriol-sur-Drôme
26,167,Luc-en-Diois
26,168,Lus-la-Croix-Haute
26,169,Malataverne
26,170,Malissard
26,171,Manas
26,172,Manthes
26,173,Marches
26,174,Margès
26,175,Marignac-en-Diois
26,176,Marsanne
26,177,Marsaz
26,178,Menglon
26,179,Mercurol-Veaunes
26,180,Mérindol-les-Oliviers
26,181,Mévouillon
26,182,Mirabel-aux-Baronnies
26,183,Mirabel-et-Blacons
26,185,Mirmande
26,186,Miscon
26,188,Mollans-sur-Ouvèze
26,189,Montauban-sur-l'Ouvèze
26,190,Montaulieu
26,191,Montboucher-sur-Jabron
26,192,Montbrison-sur-Lez
26,193,Montbrun-les-Bains
26,194,Montchenu
26,195,Montclar-sur-Gervanne
26,196,Montéléger
26,197,Montélier
26,198,Montélimar
26,199,Montferrand-la-Fare
26,200,Montfroc
26,201,Montguers
26,202,Montjoux
26,203,Montjoyer
26,204,Montlaur-en-Diois
26,205,Montmaur-en-Diois
26,206,Montmeyran
26,207,Montmiral
26,208,Montoison
26,209,Montréal-les-Sources
26,210,Valherbasse
26,211,Montségur-sur-Lauzon
26,212,Montvendre
26,213,Moras-en-Valloire
26,214,Mornans
26,215,La Motte-Chalancon
26,216,Saint-Jean-de-Galaure
26,217,La Motte-Fanjas
26,218,Mours-Saint-Eusèbe
26,220,Nyons
26,221,Omblèze
26,222,Orcinas
26,223,Oriol-en-Royans
26,224,Ourches
26,225,Parnans
26,226,Le Pègue
26,227,Pelonne
26,228,Pennes-le-Sec
26,229,La Penne-sur-l'Ouvèze
26,231,Peyrins
26,232,Peyrus
26,233,Piégon
26,234,Piégros-la-Clastre
26,235,Pierrelatte
26,236,Pierrelongue
26,238,Les Pilles
26,239,Plaisians
26,240,Plan-de-Baix
26,241,Le Poët-Célard
26,242,Le Poët-en-Percip
26,243,Le Poët-Laval
26,244,Le Poët-Sigillat
26,245,Pommerol
26,246,Ponet-et-Saint-Auban
26,247,Ponsas
26,248,Pontaix
26,249,Pont-de-Barret
26,250,Pont-de-l'Isère
26,251,Portes-en-Valdaine
26,252,Portes-lès-Valence
26,253,Poyols
26,254,Pradelle
26,255,Les Prés
26,256,Propiac
26,257,Puygiron
26,258,Puy-Saint-Martin
26,259,Ratières
26,261,Réauville
26,262,Recoubeau-Jansac
26,263,Reilhanette
26,264,Rémuzat
26,266,Rimon-et-Savel
26,267,Rioms
26,268,Rochebaudin
26,269,Rochebrune
26,270,Rochechinard
26,271,La Roche-de-Glun
26,272,Rochefort-en-Valdaine
26,273,Rochefort-Samson
26,274,Rochefourchat
26,275,Rochegude
26,276,Roche-Saint-Secret-Béconne
26,277,La Roche-sur-Grane
26,278,La Roche-sur-le-Buis
26,279,La Rochette-du-Buis
26,281,Romans-sur-Isère
26,282,Romeyer
26,283,Rottier
26,284,Roussas
26,285,Rousset-les-Vignes
26,286,Roussieux
26,287,Roynac
26,288,Sahune
26,289,Saillans
26,290,Saint-Agnan-en-Vercors
26,291,Saint-Andéol
26,292,Saint-Auban-sur-l'Ouvèze
26,293,Saint-Avit
26,294,Saint-Bardoux
26,295,Saint-Barthélemy-de-Vals
26,296,Saint-Benoit-en-Diois
26,298,Saint-Christophe-et-le-Laris
26,299,Sainte-Croix
26,300,Saint-Dizier-en-Diois
26,301,Saint-Donat-sur-l'Herbasse
26,302,Sainte-Eulalie-en-Royans
26,303,Sainte-Euphémie-sur-Ouvèze
26,304,Saint-Ferréol-Trente-Pas
26,305,Saint-Gervais-sur-Roubion
26,306,Sainte-Jalle
26,307,Saint-Jean-en-Royans
26,308,Saint-Julien-en-Quint
26,309,Saint-Julien-en-Vercors
26,310,Saint-Laurent-d'Onay
26,311,Saint-Laurent-en-Royans
26,312,Saint-Marcel-lès-Sauzet
26,313,Saint-Marcel-lès-Valence
26,314,Saint-Martin-d'Août
26,315,Saint-Martin-en-Vercors
26,316,Saint-Martin-le-Colonel
26,317,Saint-Maurice-sur-Eygues
26,318,Saint-May
26,319,Saint-Michel-sur-Savasse
26,320,Saint-Nazaire-en-Royans
26,321,Saint-Nazaire-le-Désert
26,322,Saint-Pantaléon-les-Vignes
26,323,Saint-Paul-lès-Romans
26,324,Saint-Paul-Trois-Châteaux
26,325,Saint-Rambert-d'Albon
26,326,Saint-Restitut
26,327,Saint-Roman
26,328,Saint-Sauveur-en-Diois
26,329,Saint-Sauveur-Gouvernet
26,330,Saint-Sorlin-en-Valloire
26,331,Saint-Thomas-en-Royans
26,332,Saint-Uze
26,333,Saint-Vallier
26,334,Salettes
26,335,Salles-sous-Bois
26,336,Saou
26,337,Saulce-sur-Rhône
26,338,Sauzet
26,339,Savasse
26,340,Séderon
26,341,Serves-sur-Rhône
26,342,Solérieux
26,343,Souspierre
26,344,Soyans
26,345,Suze-la-Rousse
26,346,Suze
26,347,Tain-l'Hermitage
26,348,Taulignan
26,349,Tersanne
26,350,Teyssières
26,351,Les Tonils
26,352,La Touche
26,353,Les Tourrettes
26,355,Triors
26,356,Truinas
26,357,Tulette
26,358,Upie
26,359,Vachères-en-Quint
26,360,Valaurie
26,361,Valdrôme
26,362,Valence
26,363,Valouse
26,364,Vassieux-en-Vercors
26,365,Vaunaveys-la-Rochette
26,367,Venterol
26,368,Vercheny
26,369,Verclause
26,370,Vercoiran
26,372,Vers-sur-Méouge
26,373,Vesc
26,374,Villebois-les-Pins
26,375,Villefranche-le-Château
26,376,Villeperdrix
26,377,Vinsobres
26,378,Volvent
26,379,Granges-les-Beaumont
26,380,Gervans
26,381,Jaillans
26,382,Saint-Vincent-la-Commanderie
27,001,Aclou
27,002,Acon
27,003,Acquigny
27,004,Aigleville
27,005,Ailly
27,006,Aizier
27,008,Alizay
27,009,Ambenay
27,010,Amécourt
27,011,Amfreville-Saint-Amand
27,012,Amfreville-les-Champs
27,013,Amfreville-sous-les-Monts
27,014,Amfreville-sur-Iton
27,015,Andé
27,016,Les Andelys
27,017,Angerville-la-Campagne
27,018,Appeville-Annebault
27,019,Armentières-sur-Avre
27,020,Arnières-sur-Iton
27,021,Asnières
27,022,Le Val d'Hazey
27,023,Aulnay-sur-Iton
27,025,Autheuil-Authouillet
27,026,Authevernes
27,027,Les Authieux
27,028,Authou
27,031,Aviron
27,032,Chambois
27,033,Bacquepuis
27,034,Bacqueville
27,035,Bailleul-la-Vallée
27,036,Bâlines
27,037,Barc
27,038,Les Barils
27,039,Barneville-sur-Seine
27,040,Barquet
27,042,Barville
27,043,Les Baux-de-Breteuil
27,044,Les Baux-Sainte-Croix
27,045,Bazincourt-sur-Epte
27,046,Bazoques
27,047,Beaubray
27,048,Beauficel-en-Lyons
27,049,Mesnil-en-Ouche
27,050,Beaumontel
27,051,Beaumont-le-Roger
27,052,Le Bec-Hellouin
27,053,Le Bec-Thomas
27,054,Bémécourt
27,055,Bérengeville-la-Campagne
27,056,Bernay
27,057,Bernienville
27,059,Bernouville
27,061,Berthouville
27,062,Les Monts du Roumois
27,063,Berville-la-Campagne
27,064,Berville-sur-Mer
27,065,Beuzeville
27,066,Bézu-la-Forêt
27,067,Bézu-Saint-Éloi
27,068,Bois-Anzeray
27,069,Bois-Arnault
27,070,Frenelles-en-Vexin
27,071,Le Bois-Hellain
27,072,Bois-Jérôme-Saint-Ouen
27,073,Bois-le-Roi
27,074,Boisney
27,075,Bois-Normand-près-Lyre
27,076,Boisset-les-Prévanches
27,077,Boissey-le-Châtel
27,078,La Boissière
27,079,Boissy-Lamberville
27,081,Boncourt
27,082,La Bonneville-sur-Iton
27,083,Bonneville-Aptot
27,085,Flancourt-Crescy-en-Roumois
27,089,Thénouville
27,090,Bosroumois
27,091,Bosgouet
27,094,Bosquentin
27,095,Bosrobert
27,096,Les Bottereaux
27,097,Bouafles
27,098,Bouchevilliers
27,099,Le Boulay-Morin
27,100,Boulleville
27,101,Bouquelon
27,102,Bouquetot
27,103,Bourg-Achard
27,104,Bourg-Beaudouin
27,105,Grand Bourgtheroulde
27,106,Bournainville-Faverolles
27,107,Bourneville-Sainte-Croix
27,108,Bourth
27,109,Bray
27,110,Brestot
27,111,Bretagnolles
27,112,Breteuil
27,113,Brétigny
27,114,Breuilpont
27,115,Breux-sur-Avre
27,116,Brionne
27,117,Broglie
27,118,Brosville
27,119,Bueil
27,120,Burey
27,123,Caillouet-Orgeville
27,124,Cailly-sur-Eure
27,125,Calleville
27,126,Campigny
27,127,Canappeville
27,129,Caorches-Saint-Nicolas
27,130,Capelle-les-Grands
27,132,Caugé
27,133,Caumont
27,134,Cauverville-en-Roumois
27,135,Cesseville
27,136,Chaignes
27,137,Chaise-Dieu-du-Theil
27,138,Chamblac
27,139,Chambord
27,140,Chambray
27,141,Champ-Dolent
27,142,Champenard
27,144,Champigny-la-Futelaye
27,146,La Chapelle-Bayvel
27,147,La Chapelle-du-Bois-des-Faulx
27,148,La Chapelle-Gauthier
27,149,La Chapelle-Hareng
27,151,Charleval
27,152,Château-sur-Epte
27,153,Chauvincourt-Provemont
27,154,Chavigny-Bailleul
27,155,Chennebrun
27,156,Chéronvilliers
27,157,Marbois
27,158,Cierrey
27,161,Claville
27,162,Collandres-Quincarnon
27,163,Colletot
27,164,Combon
27,165,Conches-en-Ouche
27,167,Condé-sur-Risle
27,168,Connelles
27,169,Conteville
27,170,Cormeilles
27,171,Le Cormier
27,173,Corneville-la-Fouquetière
27,174,Corneville-sur-Risle
27,176,Coudray
27,177,Coudres
27,179,Courbépine
27,180,Courcelles-sur-Seine
27,181,Courdemanche
27,182,Courteilles
27,183,La Couture-Boussey
27,184,Crasville
27,185,Crestot
27,187,Criquebeuf-la-Campagne
27,188,Criquebeuf-sur-Seine
27,189,La Croisille
27,190,Croisy-sur-Eure
27,191,Clef Vallée d'Eure
27,192,Crosville-la-Vieille
27,193,Croth
27,194,Cuverville
27,196,Les Damps
27,198,Mesnils-sur-Iton
27,199,Dangu
27,200,Dardez
27,201,Daubeuf-la-Campagne
27,202,Daubeuf-près-Vatteville
27,203,Douains
27,204,Doudeauville-en-Vexin
27,205,Douville-sur-Andelle
27,206,Droisy
27,207,Drucourt
27,208,Duranville
27,209,Écaquelon
27,210,Écardenville-la-Campagne
27,212,Écauville
27,213,Vexin-sur-Epte
27,214,Écouis
27,215,Ecquetot
27,216,Émalleville
27,217,Émanville
27,218,Épaignes
27,219,Épégard
27,220,Épieds
27,222,Épreville-en-Lieuvin
27,224,Épreville-près-le-Neubourg
27,226,Étrépagny
27,227,Étréville
27,228,Éturqueraye
27,229,Évreux
27,230,Ézy-sur-Eure
27,231,Fains
27,232,Farceaux
27,233,Fatouville-Grestain
27,234,Fauville
27,235,Faverolles-la-Campagne
27,237,Le Favril
27,238,Ferrières-Haut-Clocher
27,239,Ferrières-Saint-Hilaire
27,240,La Ferrière-sur-Risle
27,241,Feuguerolles
27,242,Le Fidelaire
27,243,Fiquefleur-Équainville
27,245,Fleury-la-Forêt
27,246,Fleury-sur-Andelle
27,247,Flipou
27,248,Folleville
27,249,Fontaine-Bellenger
27,251,Fontaine-l'Abbé
27,252,Fontaine-la-Louvet
27,254,Fontaine-sous-Jouy
27,256,La Forêt-du-Parc
27,258,Fort-Moville
27,259,Foucrainville
27,260,Foulbec
27,261,Fouqueville
27,263,Le Perrey
27,266,Franqueville
27,267,Freneuse-sur-Risle
27,269,Fresne-Cauverville
27,271,Fresney
27,273,Gadencourt
27,275,Gaillon
27,276,Gamaches-en-Vexin
27,277,La Baronnie
27,278,Garennes-sur-Eure
27,279,Gasny
27,280,Gauciel
27,281,Gaudreville-la-Rivière
27,282,Gauville-la-Campagne
27,284,Gisors
27,285,Giverny
27,286,Giverville
27,287,Glisolles
27,288,Glos-sur-Risle
27,289,La Goulafrière
27,290,Goupil-Othon
27,291,Gournay-le-Guérin
27,294,Val d'Orger
27,295,Grand-Camp
27,298,Graveron-Sémerville
27,299,Gravigny
27,300,Grosley-sur-Risle
27,301,Grossœuvre
27,302,Le Bosc du Theil
27,304,Guerny
27,306,Guichainville
27,307,Guiseniers
27,309,L'Habit
27,310,Hacqueville
27,311,Harcourt
27,312,Hardencourt-Cocherel
27,313,La Harengère
27,315,Harquency
27,316,Hauville
27,317,La Haye-Aubrée
27,318,La Haye-de-Calleville
27,319,La Haye-de-Routot
27,320,La Haye-du-Theil
27,321,La Haye-le-Comte
27,322,La Haye-Malherbe
27,323,La Haye-Saint-Sylvestre
27,324,Hébécourt
27,325,Hecmanville
27,326,Hécourt
27,327,Hectomare
27,329,Hennezis
27,330,Herqueville
27,331,Heubécourt-Haricourt
27,332,Heudebouville
27,333,Heudicourt
27,334,Heudreville-en-Lieuvin
27,335,Heudreville-sur-Eure
27,336,La Heunière
27,337,Heuqueville
27,338,Les Hogues
27,339,Hondouville
27,340,Honguemare-Guenouville
27,341,L'Hosmes
27,342,Houetteville
27,343,Houlbec-Cocherel
27,345,La Houssaye
27,346,Houville-en-Vexin
27,347,Huest
27,348,Igoville
27,349,Illeville-sur-Montfort
27,350,Illiers-l'Évêque
27,351,Incarville
27,353,Irreville
27,354,Iville
27,355,Ivry-la-Bataille
27,358,Jouy-sur-Eure
27,359,Juignettes
27,360,Jumelles
27,361,La Lande-Saint-Léger
27,363,Le Landin
27,364,Launay
27,365,Léry
27,366,Letteguives
27,367,Lieurey
27,368,Lignerolles
27,369,Lilly
27,370,Lisors
27,371,Livet-sur-Authou
27,372,Longchamps
27,373,Lorleau
27,374,Louversey
27,375,Louviers
27,376,Louye
27,377,Lyons-la-Forêt
27,378,La Madeleine-de-Nonancourt
27,379,Mainneville
27,380,Malleville-sur-le-Bec
27,381,Malouy
27,382,Mandeville
27,383,Mandres
27,384,Manneville-la-Raoult
27,385,Manneville-sur-Risle
27,386,Le Manoir
27,388,Marais-Vernier
27,389,Marbeuf
27,390,Marcilly-la-Campagne
27,391,Marcilly-sur-Eure
27,392,Martagny
27,393,Martainville
27,394,Martot
27,395,Mélicourt
27,396,Ménesqueville
27,397,Ménilles
27,398,Menneval
27,399,Mercey
27,400,Merey
27,401,Le Mesnil-Fuguet
27,403,Le Mesnil-Jourdain
27,404,Mesnil-Rousset
27,405,Mesnil-sous-Vienne
27,406,Mesnil-sur-l'Estrée
27,407,Mesnil-Verclives
27,408,Mézières-en-Vexin
27,410,Miserey
27,411,Moisville
27,412,Terres de Bord
27,413,Montfort-sur-Risle
27,414,Montreuil-l'Argillé
27,415,Morainville-Jouveaux
27,417,Morgny
27,418,Morsan
27,419,Mouettes
27,420,Mouflaines
27,421,Mousseaux-Neuville
27,422,Muids
27,423,Muzy
27,424,Nagel-Séez-Mesnil
27,425,Nassandres sur Risle
27,426,Neaufles-Saint-Martin
27,427,Neaufles-Auvergny
27,428,Le Neubourg
27,429,Neuilly
27,430,La Neuve-Grange
27,431,La Neuve-Lyre
27,432,La Neuville-du-Bosc
27,433,Neuville-sur-Authou
27,434,Noards
27,435,La Noë-Poulain
27,436,Nogent-le-Sec
27,437,Nojeon-en-Vexin
27,438,Nonancourt
27,439,Normanville
27,440,Notre-Dame-de-l'Isle
27,441,Notre-Dame-d'Épine
27,442,Notre-Dame-du-Hamel
27,444,Le Noyer-en-Ouche
27,445,Noyers
27,446,Ormes
27,447,Le Val-Doré
27,448,Pacy-sur-Eure
27,451,Parville
27,453,Perriers-sur-Andelle
27,454,Perruel
27,455,Piencourt
27,456,Pinterville
27,457,Piseux
27,458,Pîtres
27,459,Les Places
27,460,Plainville
27,462,Le Planquay
27,463,Plasnes
27,464,Le Plessis-Grohan
27,465,Le Plessis-Hébert
27,466,Le Plessis-Sainte-Opportune
27,467,Pont-Audemer
27,468,Pont-Authou
27,469,Pont-de-l'Arche
27,470,Pont-Saint-Pierre
27,471,Porte-de-Seine
27,472,Portes
27,473,Port-Mort
27,474,Poses
27,475,La Poterie-Mathieu
27,476,Les Préaux
27,477,Pressagny-l'Orgueilleux
27,478,Prey
27,480,Puchay
27,481,Pullay
27,482,La Pyle
27,483,Quatremare
27,485,Quillebeuf-sur-Seine
27,486,Quittebeuf
27,487,Radepont
27,488,Renneville
27,489,Reuilly
27,490,Richeville
27,492,Romilly-la-Puthenaye
27,493,Romilly-sur-Andelle
27,495,La Roquette
27,496,Rosay-sur-Lieure
27,497,Rougemontier
27,498,Rouge-Perriers
27,500,Routot
27,501,Rouvray
27,502,Rugles
27,504,Sacquenville
27,505,Saint-Agnan-de-Cernières
27,507,Saint-André-de-l'Eure
27,508,Saint-Antonin-de-Sommaire
27,511,Saint-Aubin-d'Écrosville
27,512,Saint-Aubin-de-Scellon
27,514,Saint-Aubin-du-Thenney
27,516,Treis-Sants-en-Ouche
27,517,Saint-Aubin-sur-Gaillon
27,518,Saint-Aubin-sur-Quillebeuf
27,520,Saint-Benoît-des-Ombres
27,521,Saint-Christophe-sur-Avre
27,522,Saint-Christophe-sur-Condé
27,524,Sainte-Colombe-la-Commanderie
27,525,Sainte-Colombe-près-Vernon
27,527,Saint-Cyr-de-Salerne
27,528,Le Vaudreuil
27,529,Saint-Cyr-la-Campagne
27,530,Saint-Denis-d'Augerons
27,531,Saint-Denis-des-Monts
27,533,Saint-Denis-le-Ferment
27,534,Saint-Didier-des-Bois
27,535,Saint-Élier
27,536,Saint-Éloi-de-Fourques
27,537,Saint-Étienne-du-Vauvray
27,538,Saint-Étienne-l'Allier
27,539,Saint-Étienne-sous-Bailleul
27,540,Sainte-Geneviève-lès-Gasny
27,541,Le Mesnil-Saint-Jean
27,542,Saint-Georges-du-Vièvre
27,543,Saint-Georges-Motel
27,544,Saint-Germain-de-Fresney
27,545,Saint-Germain-de-Pasquier
27,546,Saint-Germain-des-Angles
27,547,Saint-Germain-la-Campagne
27,548,Saint-Germain-sur-Avre
27,550,Saint-Grégoire-du-Vièvre
27,552,Saint-Jean-du-Thenney
27,553,Saint-Julien-de-la-Liègue
27,554,La Chapelle-Longueville
27,555,Saint-Laurent-des-Bois
27,556,Saint-Laurent-du-Tencement
27,557,Saint-Léger-de-Rôtes
27,558,Saint-Léger-du-Gennetey
27,560,Saint-Luc
27,561,Saint-Maclou
27,562,Saint-Marcel
27,563,Saint-Mards-de-Blacarville
27,564,Saint-Mards-de-Fresne
27,565,Le Lesme
27,567,Sainte-Marie-de-Vatimesnil
27,568,Sainte-Marthe
27,569,Saint-Martin-du-Tilleul
27,570,Saint-Martin-la-Campagne
27,571,Saint-Martin-Saint-Firmin
27,572,Saint-Meslin-du-Bosc
27,576,Sainte-Opportune-du-Bosc
27,577,Sainte-Opportune-la-Mare
27,578,Sainte-Marie-d'Attez
27,579,Saint-Ouen-de-Pontcheuil
27,580,Saint-Ouen-de-Thouberville
27,582,Saint-Ouen-du-Tilleul
27,584,Saint-Paul-de-Fourques
27,586,Saint-Philbert-sur-Boissey
27,587,Saint-Philbert-sur-Risle
27,589,Saint-Pierre-de-Bailleul
27,590,Saint-Pierre-de-Cernières
27,591,Saint-Pierre-de-Cormeilles
27,592,Saint-Pierre-de-Salerne
27,593,Saint-Pierre-des-Fleurs
27,594,Saint-Pierre-des-Ifs
27,595,Saint-Pierre-du-Bosguérard
27,597,Saint-Pierre-du-Val
27,598,Saint-Pierre-du-Vauvray
27,599,Saint-Pierre-la-Garenne
27,601,Saint-Samson-de-la-Roque
27,602,Saint-Sébastien-de-Morsent
27,603,Saint-Siméon
27,604,Saint-Sulpice-de-Grimbouville
27,605,Saint-Sylvestre-de-Cormeilles
27,606,Saint-Symphorien
27,608,Saint-Victor-de-Chrétienville
27,609,Saint-Victor-d'Épine
27,610,Saint-Victor-sur-Avre
27,611,Saint-Vigor
27,612,Saint-Vincent-des-Bois
27,613,Saint-Vincent-du-Boulay
27,614,Sancourt
27,615,Sassey
27,616,La Saussaye
27,617,Saussay-la-Campagne
27,618,Sébécourt
27,620,Selles
27,621,Serez
27,622,Serquigny
27,623,Surtauville
27,624,Surville
27,625,Suzay
27,627,Le Theil-Nolent
27,629,Thiberville
27,630,Thibouville
27,631,Thierville
27,632,Le Thil
27,633,Les Thilliers-en-Vexin
27,635,Le Thuit
27,638,Le Thuit de l'Oison
27,640,Tilleul-Dame-Agnès
27,641,Le Tilleul-Lambert
27,643,Tillières-sur-Avre
27,644,Tilly
27,645,Tocqueville
27,646,Le Torpt
27,649,Touffreville
27,650,Tournedos-Bois-Hubert
27,652,Tourneville
27,654,Tourville-la-Campagne
27,655,Tourville-sur-Pont-Audemer
27,656,Toutainville
27,658,Le Tremblay-Omonville
27,659,La Trinité
27,660,La Trinité-de-Réville
27,661,La Trinité-de-Thouberville
27,662,Triqueville
27,663,Le Troncq
27,664,Le Tronquay
27,665,Trouville-la-Haule
27,666,La Vacherie
27,667,Valailles
27,668,Le Val-David
27,669,Valletot
27,670,Vandrimare
27,671,Vannecrocq
27,672,Vascœuil
27,673,Vatteville
27,674,Vaux-sur-Eure
27,676,Les Trois Lacs
27,677,Venon
27,678,Les Ventes
27,679,Verneuil d'Avre et d'Iton
27,680,Verneusses
27,681,Vernon
27,682,Vesly
27,683,Vézillon
27,684,Le Vieil-Évreux
27,685,La Vieille-Lyre
27,686,Vieux-Port
27,689,Villegats
27,690,Villers-en-Vexin
27,691,Villers-sur-le-Roule
27,692,Villettes
27,693,Sylvains-Lès-Moulins
27,694,Villez-sous-Bailleul
27,695,Villez-sur-le-Neubourg
27,696,Villiers-en-Désœuvre
27,697,Vironvay
27,698,Vitot
27,699,Voiscreville
27,700,Vraiville
27,701,Val-de-Reuil
28,001,Abondant
28,003,Allainville
28,004,Allonnes
28,005,Alluyes
28,006,Amilly
28,007,Anet
28,008,Ardelles
28,009,Ardelu
28,010,Argenvilliers
28,012,Vald'Yerre
28,013,Aunay-sous-Auneau
28,014,Aunay-sous-Crécy
28,015,Auneau-Bleury-Saint-Symphorien
28,016,Les Autels-Villevillon
28,018,Authon-du-Perche
28,019,Baigneaux
28,021,Bailleau-le-Pin
28,022,Bailleau-l'Évêque
28,023,Bailleau-Armenonville
28,024,Barjouville
28,026,Baudreville
28,027,La Bazoche-Gouet
28,028,Bazoches-en-Dunois
28,029,Bazoches-les-Hautes
28,030,Beauche
28,031,Beaumont-les-Autels
28,032,Beauvilliers
28,033,Belhomert-Guéhouville
28,034,Berchères-Saint-Germain
28,035,Berchères-les-Pierres
28,036,Berchères-sur-Vesgre
28,037,Bérou-la-Mulotière
28,038,Béthonvilliers
28,039,Béville-le-Comte
28,040,Billancelles
28,041,Blandainville
28,045,Boissy-en-Drouais
28,046,Boissy-lès-Perche
28,047,Boisville-la-Saint-Père
28,048,La Bourdinière-Saint-Loup
28,049,Boncé
28,050,Boncourt
28,051,Bonneval
28,052,Bouglainval
28,053,Le Boullay-les-Deux-Églises
28,054,Le Boullay-Mivoye
28,055,Le Boullay-Thierry
28,056,Boutigny-Prouais
28,057,Bouville
28,058,Bréchamps
28,059,Brezolles
28,060,Briconville
28,061,Brou
28,062,Broué
28,064,Bû
28,065,Bullainville
28,067,Cernay
28,068,Challet
28,070,Champhol
28,071,Champrond-en-Gâtine
28,072,Champrond-en-Perchet
28,073,Champseru
28,074,La Chapelle-d'Aunainville
28,075,La Chapelle-du-Noyer
28,076,La Chapelle-Forainvilliers
28,077,La Chapelle-Fortin
28,078,Chapelle-Guillaume
28,079,Chapelle-Royale
28,080,Charbonnières
28,081,Charonville
28,082,Charpont
28,084,Chartainvilliers
28,085,Chartres
28,086,Chassant
28,087,Châtaincourt
28,088,Châteaudun
28,089,Châteauneuf-en-Thymerais
28,090,Les Châtelets
28,091,Les Châtelliers-Notre-Dame
28,092,Châtenay
28,094,Chaudon
28,095,Chauffours
28,096,La Chaussée-d'Ivry
28,098,Cherisy
28,099,Chuisnes
28,100,Cintray
28,102,Clévilliers
28,103,Cloyes-les-Trois-Rivières
28,104,Coltainville
28,105,Combres
28,106,Conie-Molitard
28,107,Corancez
28,108,Cormainville
28,109,Les Corvées-les-Yys
28,110,Le Coudray
28,111,Coudray-au-Perche
28,113,Coulombs
28,114,Courbehaye
28,116,Courville-sur-Eure
28,117,Crécy-Couvé
28,118,Croisilles
28,119,La Croix-du-Perche
28,120,Crucey-Villages
28,121,Dambron
28,122,Dammarie
28,123,Dampierre-sous-Brou
28,124,Dampierre-sur-Avre
28,126,Dancy
28,127,Dangeau
28,128,Dangers
28,129,Denonville
28,130,Digny
28,132,Donnemain-Saint-Mamès
28,134,Dreux
28,135,Droue-sur-Drouette
28,136,Écluzelles
28,137,Écrosnes
28,139,Épeautrolles
28,140,Épernon
28,141,Ermenonville-la-Grande
28,142,Ermenonville-la-Petite
28,143,Escorpain
28,144,Les Étilleux
28,146,Faverolles
28,147,Favières
28,148,Le Favril
28,149,La Ferté-Vidame
28,151,Fessanvilliers-Mattanvilliers
28,153,Flacey
28,154,Fontaine-la-Guyon
28,155,Fontaine-les-Ribouts
28,156,Fontaine-Simon
28,157,Fontenay-sur-Conie
28,158,Fontenay-sur-Eure
28,159,La Framboisière
28,160,Francourville
28,161,Frazé
28,162,Fresnay-le-Comte
28,163,Fresnay-le-Gilmert
28,164,Fresnay-l'Évêque
28,166,Friaize
28,167,Fruncé
28,168,Gallardon
28,169,Garancières-en-Beauce
28,170,Garancières-en-Drouais
28,171,Garnay
28,172,Gas
28,173,Gasville-Oisème
28,175,La Gaudaine
28,176,Le Gault-Saint-Denis
28,177,Gellainville
28,178,Germainville
28,180,Gilles
28,182,Gohory
28,183,Gommerville
28,184,Gouillons
28,185,Goussainville
28,187,Guainville
28,188,Le Gué-de-Longroi
28,189,Guilleville
28,190,Guillonville
28,191,Hanches
28,192,Happonvilliers
28,193,Havelu
28,194,Houville-la-Branche
28,195,Houx
28,196,Illiers-Combray
28,197,Intréville
28,198,Jallans
28,199,Janville-en-Beauce
28,200,Jaudrais
28,201,Jouy
28,202,Lamblore
28,203,Landelles
28,206,Laons
28,207,Léthuin
28,208,Levainville
28,209,Lèves
28,210,Levesville-la-Chenard
28,211,Logron
28,212,Loigny-la-Bataille
28,213,Lormaye
28,214,La Loupe
28,215,Louville-la-Chenard
28,216,Louvilliers-en-Drouais
28,217,Louvilliers-lès-Perche
28,218,Lucé
28,219,Luigny
28,220,Luisant
28,221,Lumeau
28,222,Luplanté
28,223,Luray
28,225,Magny
28,226,Maillebois
28,227,Maintenon
28,229,Mainvilliers
28,230,Maisons
28,231,La Mancelière
28,232,Manou
28,233,Marboué
28,234,Marchéville
28,235,Marchezais
28,236,Arcisses
28,237,Marolles-les-Buis
28,239,Marville-Moutiers-Brûlé
28,240,Meaucé
28,242,Méréglise
28,243,Mérouville
28,245,Meslay-le-Grenet
28,246,Meslay-le-Vidame
28,247,Le Mesnil-Simon
28,248,Le Mesnil-Thomas
28,249,Mévoisins
28,251,Mézières-en-Drouais
28,252,Miermaigne
28,253,Mignières
28,254,Mittainvilliers-Vérigny
28,255,Moinville-la-Jeulin
28,256,Moléans
28,257,Mondonville-Saint-Jean
28,259,Montboissier
28,260,Montharville
28,261,Montigny-le-Chartif
28,263,Montigny-sur-Avre
28,264,Montireau
28,265,Montlandon
28,267,Montreuil
28,268,Morainville
28,269,Morancez
28,270,Moriers
28,271,Morvilliers
28,272,Mottereau
28,273,Moulhard
28,274,Moutiers-en-Beauce
28,275,Néron
28,277,Neuvy-en-Dunois
28,278,Nogent-le-Phaye
28,279,Nogent-le-Roi
28,280,Nogent-le-Rotrou
28,281,Nogent-sur-Eure
28,282,Nonvilliers-Grandhoux
28,283,Nottonville
28,284,Oinville-Saint-Liphard
28,285,Oinville-sous-Auneau
28,286,Ollé
28,287,Orgères-en-Beauce
28,289,Ormoy
28,290,Orrouer
28,291,Ouarville
28,292,Ouerre
28,293,Oulins
28,294,Oysonville
28,296,Péronville
28,298,Pierres
28,299,Les Pinthières
28,300,Poinville
28,301,Poisvilliers
28,302,Pontgouin
28,303,Poupry
28,304,Prasville
28,305,Pré-Saint-Évroult
28,306,Pré-Saint-Martin
28,308,Prudemanche
28,309,Prunay-le-Gillon
28,310,La Puisaye
28,312,Puiseux
28,313,Réclainville
28,314,Les Ressuintes
28,315,Revercourt
28,316,Rohaire
28,317,Roinville
28,319,Neuville Saint Denis
28,321,Rouvres
28,322,Rueil-la-Gadelière
28,323,Saint-Ange-et-Torçay
28,324,Saint-Arnoult-des-Bois
28,325,Saint-Aubin-des-Bois
28,326,Saint-Avit-les-Guespières
28,327,Saint-Bomer
28,329,Saint-Christophe
28,330,Villemaury
28,331,Saintigny
28,332,Sainte-Gemme-Moronval
28,333,Saint-Denis-des-Puits
28,334,Saint-Denis-Lanneray
28,335,Saint-Éliph
28,336,Saint-Éman
28,337,Saint-Georges-sur-Eure
28,339,Saint-Germain-le-Gaillard
28,341,Saint-Jean-de-Rebervilliers
28,342,Saint-Jean-Pierre-Fixte
28,343,Saint-Laurent-la-Gâtine
28,344,Saint-Léger-des-Aubées
28,346,Saint-Lubin-de-Cravant
28,347,Saint-Lubin-de-la-Haye
28,348,Saint-Lubin-des-Joncherets
28,349,Saint-Lucien
28,350,Saint-Luperce
28,351,Saint-Maixme-Hauterive
28,352,Saint-Martin-de-Nigelles
28,353,Saint-Maur-sur-le-Loir
28,354,Saint-Maurice-Saint-Germain
28,355,Saint-Ouen-Marchefroy
28,357,Saint-Piat
28,358,Saint-Prest
28,359,Saint-Rémy-sur-Avre
28,360,Saint-Sauveur-Marville
28,362,Saint-Victor-de-Buthon
28,363,Sainville
28,364,Sancheville
28,365,Sandarville
28,366,Santeuil
28,367,Santilly
28,368,La Saucelle
28,369,Saulnières
28,370,Saumeray
28,371,Saussay
28,372,Senantes
28,373,Senonches
28,374,Serazereux
28,375,Serville
28,377,Sorel-Moussel
28,378,Souancé-au-Perche
28,379,Soulaires
28,380,Sours
28,382,Terminiers
28,383,Theuville
28,385,Le Thieulin
28,386,Thimert-Gâtelles
28,387,Thiron-Gardais
28,388,Thivars
28,389,Thiville
28,390,Tillay-le-Péneux
28,391,Toury
28,392,Trancrainville
28,393,Tremblay-les-Villages
28,394,Tréon
28,395,Trizay-Coutretot-Saint-Serge
28,396,Trizay-lès-Bonneval
28,397,Umpeau
28,398,Unverre
28,400,Varize
28,401,Vaupillon
28,403,Ver-lès-Chartres
28,404,Vernouillet
28,405,Vert-en-Drouais
28,406,Éole-en-Beauce
28,407,Vichères
28,408,Vierville
28,409,Vieuvicq
28,410,Villampuy
28,411,Villars
28,414,Villebon
28,415,Villemeux-sur-Eure
28,417,Villiers-le-Morhier
28,418,Villiers-Saint-Orien
28,419,Vitray-en-Beauce
28,421,Voise
28,422,Les Villages Vovéens
28,423,Yermenonville
28,424,Yèvres
28,425,Ymeray
28,426,Ymonville
29,001,Argol
29,002,Arzano
29,003,Audierne
29,004,Bannalec
29,005,Baye
29,006,Bénodet
29,007,Berrien
29,008,Beuzec-Cap-Sizun
29,010,Bodilis
29,011,Bohars
29,012,Bolazec
29,013,Botmeur
29,014,Botsorhel
29,015,Bourg-Blanc
29,016,Brasparts
29,017,Brélès
29,018,Brennilis
29,019,Brest
29,020,Briec
29,021,Plounéour-Brignogan-plages
29,022,Camaret-sur-Mer
29,023,Carantec
29,024,Carhaix-Plouguer
29,025,Cast
29,026,Châteaulin
29,027,Châteauneuf-du-Faou
29,028,Cléden-Cap-Sizun
29,029,Cléden-Poher
29,030,Cléder
29,031,Clohars-Carnoët
29,032,Clohars-Fouesnant
29,033,Le Cloître-Pleyben
29,034,Le Cloître-Saint-Thégonnec
29,035,Coat-Méal
29,036,Collorec
29,037,Combrit
29,038,Commana
29,039,Concarneau
29,040,Le Conquet
29,041,Coray
29,042,Crozon
29,043,Daoulas
29,044,Dinéault
29,045,Dirinon
29,046,Douarnenez
29,047,Le Drennec
29,048,Edern
29,049,Elliant
29,051,Ergué-Gabéric
29,053,Le Faou
29,054,La Feuillée
29,055,Le Folgoët
29,056,La Forest-Landerneau
29,057,La Forêt-Fouesnant
29,058,Fouesnant
29,059,Garlan
29,060,Gouesnach
29,061,Gouesnou
29,062,Gouézec
29,063,Goulien
29,064,Goulven
29,065,Gourlizon
29,066,Guengat
29,067,Guerlesquin
29,068,Guiclan
29,069,Guilers
29,070,Guiler-sur-Goyen
29,071,Guilligomarc'h
29,072,Guilvinec
29,073,Guimaëc
29,074,Guimiliau
29,075,Guipavas
29,076,Milizac-Guipronvel
29,077,Guissény
29,078,Hanvec
29,079,Henvic
29,080,Hôpital-Camfrout
29,081,Huelgoat
29,082,Île-de-Batz
29,083,Île-de-Sein
29,084,Île-Molène
29,085,Île-Tudy
29,086,Irvillac
29,087,Le Juch
29,089,Kergloff
29,090,Kerlaz
29,091,Kerlouan
29,093,Kernilis
29,094,Kernouës
29,095,Kersaint-Plabennec
29,097,Lampaul-Guimiliau
29,098,Lampaul-Plouarzel
29,099,Lampaul-Ploudalmézeau
29,100,Lanarvily
29,101,Landéda
29,102,Landeleau
29,103,Landerneau
29,104,Landévennec
29,105,Landivisiau
29,106,Landrévarzec
29,107,Landudal
29,108,Landudec
29,109,Landunvez
29,110,Langolen
29,111,Lanhouarneau
29,112,Lanildut
29,113,Lanmeur
29,114,Lannéanou
29,115,Lannédern
29,116,Lanneuffret
29,117,Lannilis
29,119,Lanrivoaré
29,120,Lanvéoc
29,122,Laz
29,123,Lennon
29,124,Lesneven
29,125,Leuhan
29,126,Loc-Brévalaire
29,128,Loc-Eguiner
29,130,Locmaria-Plouzané
29,131,Locmélar
29,132,Locquénolé
29,133,Locquirec
29,134,Locronan
29,135,Loctudy
29,136,Locunolé
29,137,Logonna-Daoulas
29,139,Lopérec
29,140,Loperhet
29,141,Loqueffret
29,142,Lothey
29,143,Mahalon
29,144,La Martyre
29,145,Confort-Meilars
29,146,Melgven
29,147,Mellac
29,148,Mespaul
29,150,Moëlan-sur-Mer
29,151,Morlaix
29,152,Motreff
29,153,Névez
29,155,Ouessant
29,156,Pencran
29,158,Penmarch
29,159,Peumerit
29,160,Plabennec
29,161,Pleuven
29,162,Pleyben
29,163,Pleyber-Christ
29,165,Plobannalec-Lesconil
29,166,Ploéven
29,167,Plogastel-Saint-Germain
29,168,Plogoff
29,169,Plogonnec
29,170,Plomelin
29,171,Plomeur
29,172,Plomodiern
29,173,Plonéis
29,174,Plonéour-Lanvern
29,175,Plonévez-du-Faou
29,176,Plonévez-Porzay
29,177,Plouarzel
29,178,Ploudalmézeau
29,179,Ploudaniel
29,180,Ploudiry
29,181,Plouédern
29,182,Plouégat-Guérand
29,183,Plouégat-Moysan
29,184,Plouénan
29,185,Plouescat
29,186,Plouezoc'h
29,187,Plougar
29,188,Plougasnou
29,189,Plougastel-Daoulas
29,190,Plougonvelin
29,191,Plougonven
29,192,Plougoulm
29,193,Plougourvest
29,195,Plouguerneau
29,196,Plouguin
29,197,Plouhinec
29,198,Plouider
29,199,Plouigneau
29,201,Ploumoguer
29,202,Plounéour-Ménez
29,204,Plounéventer
29,205,Plounévézel
29,206,Plounévez-Lochrist
29,207,Plourin-lès-Morlaix
29,208,Plourin
29,209,Plouvien
29,210,Plouvorn
29,211,Plouyé
29,212,Plouzané
29,213,Plouzévédé
29,214,Plovan
29,215,Plozévet
29,216,Pluguffan
29,217,Pont-Aven
29,218,Pont-Croix
29,220,Pont-l'Abbé
29,221,Porspoder
29,222,Port-Launay
29,224,Pouldergat
29,225,Pouldreuzic
29,226,Poullan-sur-Mer
29,227,Poullaouen
29,228,Primelin
29,229,Quéménéven
29,230,Querrien
29,232,Quimper
29,233,Quimperlé
29,234,Rédené
29,235,Le Relecq-Kerhuon
29,236,Riec-sur-Bélon
29,237,La Roche-Maurice
29,238,Roscanvel
29,239,Roscoff
29,240,Rosnoën
29,241,Rosporden
29,243,Saint-Coulitz
29,244,Saint-Derrien
29,245,Saint-Divy
29,246,Saint-Eloy
29,247,Saint-Évarzec
29,248,Saint-Frégant
29,249,Saint-Goazec
29,250,Saint-Hernin
29,251,Saint-Jean-du-Doigt
29,252,Saint-Jean-Trolimon
29,254,Saint-Martin-des-Champs
29,255,Saint-Méen
29,256,Saint-Nic
29,257,Saint-Pabu
29,259,Saint-Pol-de-Léon
29,260,Saint-Renan
29,261,Saint-Rivoal
29,262,Saint-Sauveur
29,263,Saint-Ségal
29,264,Saint-Servais
29,265,Sainte-Sève
29,266,Saint-Thégonnec Loc-Eguiner
29,267,Saint-Thois
29,268,Saint-Thonan
29,269,Saint-Thurien
29,270,Saint-Urbain
29,271,Saint-Vougay
29,272,Saint-Yvi
29,273,Santec
29,274,Scaër
29,275,Scrignac
29,276,Sibiril
29,277,Sizun
29,278,Spézet
29,279,Taulé
29,280,Telgruc-sur-Mer
29,281,Tourch
29,282,Trébabu
29,284,Treffiagat
29,285,Tréflaouénan
29,286,Tréflévénez
29,287,Tréflez
29,288,Trégarantec
29,289,Trégarvan
29,290,Tréglonou
29,291,Trégourez
29,292,Tréguennec
29,293,Trégunc
29,294,Le Tréhou
29,295,Trémaouézan
29,296,Tréméoc
29,297,Tréméven
29,298,Tréogat
29,299,Tréouergat
29,300,Le Trévoux
29,301,Trézilidé
29,302,Pont-de-Buis-lès-Quimerch
2A,001,Afa
2A,004,Ajaccio
2A,006,Alata
2A,008,Albitreccia
2A,011,Altagène
2A,014,Ambiegna
2A,017,Appietto
2A,018,Arbellara
2A,019,Arbori
2A,021,Argiusta-Moriccio
2A,022,Arro
2A,024,Aullène
2A,026,Azilone-Ampaza
2A,027,Azzana
2A,028,Balogna
2A,031,Bastelica
2A,032,Bastelicaccia
2A,035,Belvédère-Campomoro
2A,038,Bilia
2A,040,Bocognano
2A,041,Bonifacio
2A,048,Calcatoggio
2A,056,Campo
2A,060,Cannelle
2A,061,Carbini
2A,062,Carbuccia
2A,064,Cardo-Torgia
2A,065,Cargèse
2A,066,Cargiaca
2A,070,Casaglione
2A,071,Casalabriva
2A,085,Cauro
2A,089,Ciamannacce
2A,090,Coggia
2A,091,Cognocoli-Monticchi
2A,092,Conca
2A,094,Corrano
2A,098,Coti-Chiavari
2A,099,Cozzano
2A,100,Cristinacce
2A,103,Cuttoli-Corticchiato
2A,104,Eccica-Suarella
2A,108,Évisa
2A,114,Figari
2A,115,Foce
2A,117,Forciolo
2A,118,Fozzano
2A,119,Frasseto
2A,127,Giuncheto
2A,128,Granace
2A,129,Grossa
2A,130,Grosseto-Prugna
2A,131,Guagno
2A,132,Guargualé
2A,133,Guitera-les-Bains
2A,139,Lecci
2A,141,Letia
2A,142,Levie
2A,144,Lopigna
2A,146,Loreto-di-Tallano
2A,154,Marignana
2A,158,Mela
2A,160,Moca-Croce
2A,163,Monacia-d'Aullène
2A,174,Murzo
2A,181,Ocana
2A,186,Olivese
2A,189,Olmeto
2A,191,Olmiccia
2A,196,Orto
2A,197,Osani
2A,198,Ota
2A,200,Palneca
2A,203,Partinello
2A,204,Pastricciola
2A,209,Peri
2A,211,Petreto-Bicchisano
2A,212,Piana
2A,215,Pianottoli-Caldarello
2A,228,Pietrosella
2A,232,Pila-Canale
2A,240,Poggiolo
2A,247,Porto-Vecchio
2A,249,Propriano
2A,253,Quasquara
2A,254,Quenza
2A,258,Renno
2A,259,Rezza
2A,262,Rosazia
2A,266,Salice
2A,268,Sampolo
2A,269,Sari-Solenzara
2A,270,Sari-d'Orcino
2A,271,Sarrola-Carcopino
2A,272,Sartène
2A,276,Serra-di-Ferro
2A,278,Serra-di-Scopamène
2A,279,Serriera
2A,282,Soccia
2A,284,Sollacaro
2A,285,Sorbollano
2A,288,Sotta
2A,295,Sant'Andréa-d'Orcino
2A,300,San-Gavino-di-Carbini
2A,308,Sainte-Lucie-de-Tallano
2A,310,Santa-Maria-Figaniella
2A,312,Santa-Maria-Siché
2A,322,Tasso
2A,323,Tavaco
2A,324,Tavera
2A,326,Tolla
2A,330,Ucciani
2A,331,Urbalacone
2A,336,Valle-di-Mezzana
2A,345,Vero
2A,348,Vico
2A,349,Viggianello
2A,351,Villanova
2A,357,Zérubia
2A,358,Zévaco
2A,359,Zicavo
2A,360,Zigliara
2A,362,Zonza
2A,363,Zoza
2B,002,Aghione
2B,003,Aiti
2B,005,Alando
2B,007,Albertacce
2B,009,Aléria
2B,010,Algajola
2B,012,Altiani
2B,013,Alzi
2B,015,Ampriani
2B,016,Antisanti
2B,020,Aregno
2B,023,Asco
2B,025,Avapessa
2B,029,Barbaggio
2B,030,Barrettali
2B,033,Bastia
2B,034,Belgodère
2B,036,Bigorno
2B,037,Biguglia
2B,039,Bisinchi
2B,042,Borgo
2B,043,Brando
2B,045,Bustanico
2B,046,Cagnano
2B,047,Calacuccia
2B,049,Calenzana
2B,050,Calvi
2B,051,Cambia
2B,052,Campana
2B,053,Campi
2B,054,Campile
2B,055,Campitello
2B,057,Canale-di-Verde
2B,058,Canari
2B,059,Canavaggia
2B,063,Carcheto-Brustico
2B,067,Carpineto
2B,068,Carticasi
2B,069,Casabianca
2B,072,Casalta
2B,073,Casamaccioli
2B,074,Casanova
2B,075,Casevecchie
2B,077,Castellare-di-Casinca
2B,078,Castellare-di-Mercurio
2B,079,Castello-di-Rostino
2B,080,Castifao
2B,081,Castiglione
2B,082,Castineta
2B,083,Castirla
2B,084,Cateri
2B,086,Centuri
2B,087,Cervione
2B,088,Chiatra
2B,093,Corbara
2B,095,Corscia
2B,096,Corte
2B,097,Costa
2B,101,Croce
2B,102,Crocicchia
2B,105,Erbajolo
2B,106,Érone
2B,107,Ersa
2B,109,Farinole
2B,110,Favalello
2B,111,Felce
2B,112,Feliceto
2B,113,Ficaja
2B,116,Focicchia
2B,120,Furiani
2B,121,Galéria
2B,122,Gavignano
2B,123,Ghisonaccia
2B,124,Ghisoni
2B,125,Giocatojo
2B,126,Giuncaggio
2B,134,L'Île-Rousse
2B,135,Isolaccio-di-Fiumorbo
2B,136,Lama
2B,137,Lano
2B,138,Lavatoggio
2B,140,Lento
2B,143,Linguizzetta
2B,145,Loreto-di-Casinca
2B,147,Lozzi
2B,148,Lucciana
2B,149,Lugo-di-Nazza
2B,150,Lumio
2B,152,Luri
2B,153,Manso
2B,155,Matra
2B,156,Mausoléo
2B,157,Mazzola
2B,159,Meria
2B,161,Moïta
2B,162,Moltifao
2B,164,Monacia-d'Orezza
2B,165,Moncale
2B,166,Monte
2B,167,Montegrosso
2B,168,Monticello
2B,169,Morosaglia
2B,170,Morsiglia
2B,171,Muracciole
2B,172,Murato
2B,173,Muro
2B,175,Nessa
2B,176,Nocario
2B,177,Noceta
2B,178,Nonza
2B,179,Novale
2B,180,Novella
2B,182,Occhiatana
2B,183,Ogliastro
2B,184,Olcani
2B,185,Oletta
2B,187,Olmeta-di-Capocorso
2B,188,Olmeta-di-Tuda
2B,190,Olmi-Cappella
2B,192,Olmo
2B,193,Omessa
2B,194,Ortale
2B,195,Ortiporio
2B,199,Palasca
2B,201,Pancheraccia
2B,202,Parata
2B,205,Patrimonio
2B,206,Penta-Acquatella
2B,207,Penta-di-Casinca
2B,208,Perelli
2B,210,Pero-Casevecchie
2B,213,Pianello
2B,214,Piano
2B,216,Piazzali
2B,217,Piazzole
2B,218,Piedicorte-di-Gaggio
2B,219,Piedicroce
2B,220,Piedigriggio
2B,221,Piedipartino
2B,222,Pie-d'Orezza
2B,223,Pietralba
2B,224,Pietracorbara
2B,225,Pietra-di-Verde
2B,226,Pietraserena
2B,227,Pietricaggio
2B,229,Pietroso
2B,230,Piève
2B,231,Pigna
2B,233,Pino
2B,234,Piobetta
2B,235,Pioggiola
2B,236,Poggio-di-Nazza
2B,238,Poggio-di-Venaco
2B,239,Poggio-d'Oletta
2B,241,Poggio-Marinaccio
2B,242,Poggio-Mezzana
2B,243,Polveroso
2B,244,Popolasca
2B,245,Porri
2B,246,La Porta
2B,248,Prato-di-Giovellina
2B,250,Prunelli-di-Casacconi
2B,251,Prunelli-di-Fiumorbo
2B,252,Pruno
2B,255,Quercitello
2B,256,Rapaggio
2B,257,Rapale
2B,260,Riventosa
2B,261,Rogliano
2B,263,Rospigliani
2B,264,Rusio
2B,265,Rutali
2B,267,Saliceto
2B,273,Scata
2B,274,Scolca
2B,275,Sermano
2B,277,Serra-di-Fiumorbo
2B,280,Silvareccio
2B,281,Sisco
2B,283,Solaro
2B,286,Sorbo-Ocagnano
2B,287,Sorio
2B,289,Soveria
2B,290,Speloncato
2B,291,Stazzona
2B,292,Sant'Andréa-di-Bozio
2B,293,Sant'Andréa-di-Cotone
2B,296,Sant'Antonino
2B,297,San-Damiano
2B,298,Saint-Florent
2B,299,San-Gavino-d'Ampugnani
2B,301,San-Gavino-di-Tenda
2B,302,San-Giovanni-di-Moriani
2B,303,San-Giuliano
2B,304,San-Lorenzo
2B,305,San-Martino-di-Lota
2B,306,Santa-Lucia-di-Mercurio
2B,307,Santa-Lucia-di-Moriani
2B,309,Santa-Maria-di-Lota
2B,311,Santa-Maria-Poggio
2B,313,San-Nicolao
2B,314,Santo-Pietro-di-Tenda
2B,315,Santo-Pietro-di-Venaco
2B,316,Santa-Reparata-di-Balagna
2B,317,Santa-Reparata-di-Moriani
2B,318,Taglio-Isolaccio
2B,319,Talasani
2B,320,Tallone
2B,321,Tarrano
2B,327,Tomino
2B,328,Tox
2B,329,Tralonca
2B,332,Urtaca
2B,333,Vallecalle
2B,334,Valle-d'Alesani
2B,335,Valle-di-Campoloro
2B,337,Valle-di-Rostino
2B,338,Valle-d'Orezza
2B,339,Vallica
2B,340,Velone-Orneto
2B,341,Venaco
2B,342,Ventiseri
2B,343,Venzolasca
2B,344,Verdèse
2B,346,Vescovato
2B,347,Vezzani
2B,350,Vignale
2B,352,Ville-di-Paraso
2B,353,Ville-di-Pietrabugno
2B,354,Vivario
2B,355,Volpajola
2B,356,Zalana
2B,361,Zilia
2B,364,Zuani
2B,365,San-Gavino-di-Fiumorbo
2B,366,Chisa
30,001,Aigaliers
30,002,Aigremont
30,003,Aigues-Mortes
30,004,Aigues-Vives
30,005,Aiguèze
30,006,Aimargues
30,007,Alès
30,008,Allègre-les-Fumades
30,009,Alzon
30,010,Anduze
30,011,Les Angles
30,012,Aramon
30,013,Argilliers
30,014,Arpaillargues-et-Aureillac
30,015,Arphy
30,016,Arre
30,017,Arrigas
30,018,Aspères
30,019,Aubais
30,020,Aubord
30,021,Aubussargues
30,022,Aujac
30,023,Aujargues
30,024,Aulas
30,025,Aumessas
30,026,Avèze
30,027,Bagard
30,028,Bagnols-sur-Cèze
30,029,Barjac
30,030,Baron
30,031,La Bastide-d'Engras
30,032,Beaucaire
30,033,Beauvoisin
30,034,Bellegarde
30,035,Belvézet
30,036,Bernis
30,037,Bessèges
30,038,Bez-et-Esparon
30,039,Bezouce
30,040,Blandas
30,041,Blauzac
30,042,Boisset-et-Gaujac
30,043,Boissières
30,044,Bonnevaux
30,045,Bordezac
30,046,Boucoiran-et-Nozières
30,047,Bouillargues
30,048,Bouquet
30,049,Bourdic
30,050,Bragassargues
30,051,Branoux-les-Taillades
30,052,Bréau-Mars
30,053,Brignon
30,054,Brouzet-lès-Quissac
30,055,Brouzet-lès-Alès
30,056,La Bruguière
30,057,Cabrières
30,058,La Cadière-et-Cambo
30,059,Le Cailar
30,060,Caissargues
30,061,La Calmette
30,062,Calvisson
30,064,Campestre-et-Luc
30,065,Canaules-et-Argentières
30,066,Cannes-et-Clairan
30,067,La Capelle-et-Masmolène
30,068,Cardet
30,069,Carnas
30,070,Carsan
30,071,Cassagnoles
30,072,Castelnau-Valence
30,073,Castillon-du-Gard
30,074,Causse-Bégon
30,075,Caveirac
30,076,Cavillargues
30,077,Cendras
30,079,Chambon
30,080,Chamborigaud
30,081,Chusclan
30,082,Clarensac
30,083,Codognan
30,084,Codolet
30,085,Collias
30,086,Collorgues
30,087,Colognac
30,088,Combas
30,089,Comps
30,090,Concoules
30,091,Congénies
30,092,Connaux
30,093,Conqueyrac
30,095,Corconne
30,096,Cornillon
30,097,Courry
30,098,Crespian
30,099,Cros
30,100,Cruviers-Lascours
30,101,Deaux
30,102,Dions
30,103,Domazan
30,104,Domessargues
30,105,Dourbies
30,106,Durfort-et-Saint-Martin-de-Sossenac
30,107,Estézargues
30,108,L'Estréchure
30,109,Euzet
30,110,Flaux
30,111,Foissac
30,112,Fons
30,113,Fons-sur-Lussan
30,114,Fontanès
30,115,Fontarèches
30,116,Fournès
30,117,Fourques
30,119,Fressac
30,120,Gagnières
30,121,Gailhan
30,122,Gajan
30,123,Gallargues-le-Montueux
30,124,Le Garn
30,125,Garons
30,126,Garrigues-Sainte-Eulalie
30,127,Gaujac
30,128,Générac
30,129,Générargues
30,130,Génolhac
30,131,Goudargues
30,132,La Grand-Combe
30,133,Le Grau-du-Roi
30,134,Issirac
30,135,Jonquières-Saint-Vincent
30,136,Junas
30,137,Lamelouze
30,138,Langlade
30,139,Lanuéjols
30,140,Lasalle
30,141,Laudun-l'Ardoise
30,142,Laval-Pradel
30,143,Laval-Saint-Roman
30,144,Lecques
30,145,Lédenon
30,146,Lédignan
30,147,Lézan
30,148,Liouc
30,149,Lirac
30,150,Logrian-Florian
30,151,Lussan
30,152,Les Mages
30,153,Malons-et-Elze
30,154,Mandagout
30,155,Manduel
30,156,Marguerittes
30,158,Martignargues
30,159,Le Martinet
30,160,Maruéjols-lès-Gardon
30,161,Massanes
30,162,Massillargues-Attuech
30,163,Mauressargues
30,164,Méjannes-le-Clap
30,165,Méjannes-lès-Alès
30,166,Meynes
30,167,Meyrannes
30,168,Mialet
30,169,Milhaud
30,170,Molières-Cavaillac
30,171,Molières-sur-Cèze
30,172,Monoblet
30,173,Mons
30,174,Montaren-et-Saint-Médiers
30,175,Montclus
30,176,Montdardier
30,177,Monteils
30,178,Montfaucon
30,179,Montfrin
30,180,Montignargues
30,181,Montmirat
30,182,Montpezat
30,183,Moulézan
30,184,Moussac
30,185,Mus
30,186,Nages-et-Solorgues
30,187,Navacelles
30,188,Ners
30,189,Nîmes
30,191,Orsan
30,192,Orthoux-Sérignac-Quilhan
30,193,Parignargues
30,194,Peyremale
30,195,Peyrolles-en-Cévennes
30,196,Le Pin
30,197,Les Plans
30,198,Les Plantiers
30,199,Pommiers
30,200,Pompignan
30,201,Ponteils-et-Brésis
30,202,Pont-Saint-Esprit
30,203,Portes
30,204,Potelières
30,205,Pougnadoresse
30,206,Poulx
30,207,Pouzilhac
30,208,Puechredon
30,209,Pujaut
30,210,Quissac
30,211,Redessan
30,212,Remoulins
30,213,Revens
30,214,Ribaute-les-Tavernes
30,215,Rivières
30,216,Robiac-Rochessadoule
30,217,Rochefort-du-Gard
30,218,Rochegude
30,219,Rogues
30,220,Roquedur
30,221,Roquemaure
30,222,La Roque-sur-Cèze
30,223,Rousson
30,224,La Rouvière
30,225,Sabran
30,226,Saint-Alexandre
30,227,Saint-Ambroix
30,228,Sainte-Anastasie
30,229,Saint-André-de-Majencoules
30,230,Saint-André-de-Roquepertuis
30,231,Saint-André-de-Valborgne
30,232,Saint-André-d'Olérargues
30,233,Saint-Bauzély
30,234,Saint-Bénézet
30,235,Saint-Bonnet-du-Gard
30,236,Saint-Bonnet-de-Salendrinque
30,237,Saint-Brès
30,238,Saint-Bresson
30,239,Sainte-Cécile-d'Andorge
30,240,Saint-Césaire-de-Gauzignan
30,241,Saint-Chaptes
30,242,Saint-Christol-de-Rodières
30,243,Saint-Christol-lez-Alès
30,244,Saint-Clément
30,245,Saint-Côme-et-Maruéjols
30,246,Sainte-Croix-de-Caderle
30,247,Saint-Denis
30,248,Saint-Dézéry
30,249,Saint-Dionisy
30,250,Saint-Étienne-de-l'Olm
30,251,Saint-Étienne-des-Sorts
30,252,Saint-Félix-de-Pallières
30,253,Saint-Florent-sur-Auzonnet
30,254,Saint-Geniès-de-Comolas
30,255,Saint-Geniès-de-Malgoirès
30,256,Saint-Gervais
30,257,Saint-Gervasy
30,258,Saint-Gilles
30,259,Saint-Hilaire-de-Brethmas
30,260,Saint-Hilaire-d'Ozilhan
30,261,Saint-Hippolyte-de-Caton
30,262,Saint-Hippolyte-de-Montaigu
30,263,Saint-Hippolyte-du-Fort
30,264,Saint-Jean-de-Ceyrargues
30,265,Saint-Jean-de-Crieulon
30,266,Saint-Jean-de-Maruéjols-et-Avéjan
30,267,Saint-Jean-de-Serres
30,268,Saint-Jean-de-Valériscle
30,269,Saint-Jean-du-Gard
30,270,Saint-Jean-du-Pin
30,271,Saint-Julien-de-Cassagnas
30,272,Saint-Julien-de-la-Nef
30,273,Saint-Julien-de-Peyrolas
30,274,Saint-Julien-les-Rosiers
30,275,Saint-Just-et-Vacquières
30,276,Saint-Laurent-d'Aigouze
30,277,Saint-Laurent-de-Carnols
30,278,Saint-Laurent-des-Arbres
30,279,Saint-Laurent-la-Vernède
30,280,Saint-Laurent-le-Minier
30,281,Saint-Mamert-du-Gard
30,282,Saint-Marcel-de-Careiret
30,283,Saint-Martial
30,284,Saint-Martin-de-Valgalgues
30,285,Saint-Maurice-de-Cazevieille
30,286,Saint-Maximin
30,287,Saint-Michel-d'Euzet
30,288,Saint-Nazaire
30,289,Saint-Nazaire-des-Gardies
30,290,Saint-Paulet-de-Caisson
30,291,Saint-Paul-la-Coste
30,292,Saint-Pons-la-Calm
30,293,Saint-Privat-de-Champclos
30,294,Saint-Privat-des-Vieux
30,295,Saint-Quentin-la-Poterie
30,296,Saint-Roman-de-Codières
30,297,Saint-Sauveur-Camprieu
30,298,Saint-Sébastien-d'Aigrefeuille
30,299,Saint-Siffret
30,300,Saint-Théodorit
30,301,Saint-Victor-des-Oules
30,302,Saint-Victor-la-Coste
30,303,Saint-Victor-de-Malcap
30,304,Salazac
30,305,Salindres
30,306,Salinelles
30,307,Les Salles-du-Gardon
30,308,Sanilhac-Sagriès
30,309,Sardan
30,310,Saumane
30,311,Sauve
30,312,Sauveterre
30,313,Sauzet
30,314,Savignargues
30,315,Saze
30,316,Sénéchas
30,317,Sernhac
30,318,Servas
30,319,Serviers-et-Labaume
30,320,Seynes
30,321,Sommières
30,322,Soudorgues
30,323,Soustelle
30,324,Souvignargues
30,325,Sumène
30,326,Tavel
30,327,Tharaux
30,328,Théziers
30,329,Thoiras-Corbès
30,330,Tornac
30,331,Tresques
30,332,Trèves
30,333,Uchaud
30,334,Uzès
30,335,Vabres
30,336,Vallabrègues
30,337,Vallabrix
30,338,Vallérargues
30,339,Val-d'Aigoual
30,340,Valliguières
30,341,Vauvert
30,342,Vénéjan
30,343,Verfeuil
30,344,Vergèze
30,345,La Vernarède
30,346,Vers-Pont-du-Gard
30,347,Vestric-et-Candiac
30,348,Vézénobres
30,349,Vic-le-Fesq
30,350,Le Vigan
30,351,Villeneuve-lès-Avignon
30,352,Villevieille
30,353,Vissec
30,354,Montagnac
30,355,Saint-Paul-les-Fonts
30,356,Rodilhan
31,001,Agassac
31,002,Aignes
31,003,Aigrefeuille
31,004,Ayguesvives
31,005,Alan
31,006,Albiac
31,007,Ambax
31,008,Anan
31,009,Antichan-de-Frontignes
31,010,Antignac
31,011,Arbas
31,012,Arbon
31,013,Ardiège
31,014,Arguenos
31,015,Argut-Dessous
31,017,Arlos
31,018,Arnaud-Guilhem
31,019,Artigue
31,020,Aspet
31,021,Aspret-Sarrat
31,022,Aucamville
31,023,Aulon
31,024,Auragne
31,025,Aureville
31,026,Auriac-sur-Vendinelle
31,027,Auribail
31,028,Aurignac
31,029,Aurin
31,030,Ausseing
31,031,Ausson
31,032,Aussonne
31,033,Auterive
31,034,Auzas
31,035,Auzeville-Tolosane
31,036,Auzielle
31,037,Avignonet-Lauragais
31,038,Azas
31,039,Bachas
31,040,Bachos
31,041,Bagiry
31,042,Bagnères-de-Luchon
31,043,Balesta
31,044,Balma
31,045,Barbazan
31,046,Baren
31,047,Bax
31,048,Baziège
31,049,Bazus
31,050,Beauchalot
31,051,Beaufort
31,052,Beaumont-sur-Lèze
31,053,Beaupuy
31,054,Beauteville
31,055,Beauville
31,056,Beauzelle
31,057,Belberaud
31,058,Belbèze-de-Lauragais
31,059,Belbèze-en-Comminges
31,060,Bélesta-en-Lauragais
31,061,Bellegarde-Sainte-Marie
31,062,Bellesserre
31,063,Benque
31,064,Benque-Dessous-et-Dessus
31,065,Bérat
31,066,Bessières
31,067,Bezins-Garraux
31,068,Billière
31,069,Blagnac
31,070,Blajan
31,071,Bois-de-la-Pierre
31,072,Boissède
31,073,Bondigoux
31,074,Bonrepos-Riquet
31,075,Bonrepos-sur-Aussonnelle
31,076,Bordes-de-Rivière
31,077,Le Born
31,078,Boudrac
31,079,Bouloc
31,080,Boulogne-sur-Gesse
31,081,Bourg-d'Oueil
31,082,Bourg-Saint-Bernard
31,083,Boussan
31,084,Boussens
31,085,Boutx
31,086,Bouzin
31,087,Bragayrac
31,088,Brax
31,089,Bretx
31,090,Brignemont
31,091,Bruguières
31,092,Burgalays
31,093,Le Burgaud
31,094,Buzet-sur-Tarn
31,095,Cabanac-Cazaux
31,096,Cabanac-Séguenville
31,097,Le Cabanial
31,098,Cadours
31,099,Caignac
31,100,Calmont
31,101,Cambernard
31,102,Cambiac
31,103,Canens
31,104,Capens
31,105,Caragoudes
31,106,Caraman
31,107,Carbonne
31,108,Cardeilhac
31,109,Cassagnabère-Tournas
31,110,Cassagne
31,111,Castagnac
31,112,Castagnède
31,113,Castanet-Tolosan
31,114,Castelbiague
31,115,Castelgaillard
31,116,Castelginest
31,117,Castelmaurou
31,118,Castelnau-d'Estrétefonds
31,119,Castelnau-Picampeau
31,120,Le Castéra
31,121,Castéra-Vignoles
31,122,Casties-Labrande
31,123,Castillon-de-Larboust
31,124,Castillon-de-Saint-Martory
31,125,Cathervielle
31,126,Caubiac
31,127,Caubous
31,128,Caujac
31,129,Cazarilh-Laspènes
31,130,Cazaril-Tambourès
31,131,Cazaunous
31,132,Cazaux-Layrisse
31,133,Cazeaux-de-Larboust
31,134,Cazeneuve-Montaut
31,135,Cazères
31,136,Cépet
31,137,Cessales
31,138,Charlas
31,139,Chaum
31,140,Chein-Dessus
31,141,Ciadoux
31,142,Cier-de-Luchon
31,143,Cier-de-Rivière
31,144,Cierp-Gaud
31,145,Cintegabelle
31,146,Cirès
31,147,Clarac
31,148,Clermont-le-Fort
31,149,Colomiers
31,150,Cornebarrieu
31,151,Corronsac
31,152,Coueilles
31,153,Couladère
31,155,Couret
31,156,Cox
31,157,Cugnaux
31,158,Cuguron
31,159,Le Cuing
31,160,Daux
31,161,Deyme
31,162,Donneville
31,163,Drémil-Lafage
31,164,Drudas
31,165,Eaunes
31,166,Empeaux
31,167,Encausse-les-Thermes
31,168,Eoux
31,169,Escalquens
31,170,Escanecrabe
31,171,Espanès
31,172,Esparron
31,173,Esperce
31,174,Estadens
31,175,Estancarbon
31,176,Esténos
31,177,Eup
31,178,Fabas
31,179,Le Faget
31,180,Falga
31,181,Le Fauga
31,182,Fenouillet
31,183,Figarol
31,184,Flourens
31,185,Folcarde
31,186,Fonbeauzard
31,187,Fonsorbes
31,188,Fontenilles
31,189,Forgues
31,190,Fos
31,191,Fougaron
31,192,Fourquevaux
31,193,Le Fousseret
31,194,Francarville
31,195,Francazal
31,196,Francon
31,197,Franquevielle
31,198,Le Fréchet
31,199,Fronsac
31,200,Frontignan-de-Comminges
31,201,Frontignan-Savès
31,202,Fronton
31,203,Frouzins
31,204,Fustignac
31,205,Gagnac-sur-Garonne
31,206,Gaillac-Toulza
31,207,Galié
31,208,Ganties
31,209,Garac
31,210,Gardouch
31,211,Gargas
31,212,Garidech
31,213,Garin
31,215,Gauré
31,216,Gémil
31,217,Génos
31,218,Gensac-de-Boulogne
31,219,Gensac-sur-Garonne
31,220,Gibel
31,221,Gouaux-de-Larboust
31,222,Gouaux-de-Luchon
31,223,Goudex
31,224,Gourdan-Polignan
31,225,Goutevernisse
31,226,Gouzens
31,227,Goyrans
31,228,Gragnague
31,229,Gratens
31,230,Gratentour
31,231,Grazac
31,232,Grenade
31,233,Grépiac
31,234,Le Grès
31,235,Guran
31,236,Herran
31,237,His
31,238,Huos
31,239,L'Isle-en-Dodon
31,240,Issus
31,241,Izaut-de-l'Hôtel
31,242,Jurvielle
31,243,Juzes
31,244,Juzet-de-Luchon
31,245,Juzet-d'Izaut
31,246,Labarthe-Inard
31,247,Labarthe-Rivière
31,248,Labarthe-sur-Lèze
31,249,Labastide-Beauvoir
31,250,Labastide-Clermont
31,251,Labastide-Paumès
31,252,Labastide-Saint-Sernin
31,253,Labastidette
31,254,Labège
31,255,Labroquère
31,256,Labruyère-Dorsa
31,258,Lacaugne
31,259,Lacroix-Falgarde
31,260,Laffite-Toupière
31,261,Lafitte-Vigordane
31,262,Lagarde
31,263,Lagardelle-sur-Lèze
31,264,Lagrâce-Dieu
31,265,Lagraulet-Saint-Nicolas
31,266,Lahage
31,267,Lahitère
31,268,Lalouret-Laffiteau
31,269,Lamasquère
31,270,Landorthe
31,271,Lanta
31,272,Lapeyrère
31,273,Lapeyrouse-Fossat
31,274,Larcan
31,275,Laréole
31,276,Larroque
31,277,Lasserre-Pradère
31,278,Latoue
31,279,Latour
31,280,Latrape
31,281,Launac
31,282,Launaguet
31,283,Lautignac
31,284,Lauzerville
31,285,Lavalette
31,286,Lavelanet-de-Comminges
31,287,Lavernose-Lacasse
31,288,Layrac-sur-Tarn
31,289,Lécussan
31,290,Lège
31,291,Léguevin
31,292,Lescuns
31,293,Lespinasse
31,294,Lespiteau
31,295,Lespugue
31,296,Lestelle-de-Saint-Martory
31,297,Lévignac
31,299,Lherm
31,300,Lieoux
31,301,Lilhac
31,302,Lodes
31,303,Longages
31,304,Loubens-Lauragais
31,305,Loudet
31,306,Lourde
31,308,Luscan
31,309,Lussan-Adeilhac
31,310,Lux
31,311,La Magdelaine-sur-Tarn
31,312,Mailholas
31,313,Malvezie
31,314,Mancioux
31,315,Mane
31,316,Marignac
31,317,Marignac-Lasclares
31,318,Marignac-Laspeyres
31,319,Marliac
31,320,Marquefave
31,321,Marsoulas
31,322,Martisserre
31,323,Martres-de-Rivière
31,324,Martres-Tolosane
31,325,Mascarville
31,326,Massabrac
31,327,Mauran
31,328,Mauremont
31,329,Maurens
31,330,Mauressac
31,331,Maureville
31,332,Mauvaisin
31,333,Mauvezin
31,334,Mauzac
31,335,Mayrègne
31,336,Mazères-sur-Salat
31,337,Melles
31,338,Menville
31,339,Mérenvielle
31,340,Mervilla
31,341,Merville
31,342,Milhas
31,343,Mirambeau
31,344,Miramont-de-Comminges
31,345,Miremont
31,346,Mirepoix-sur-Tarn
31,347,Molas
31,348,Moncaup
31,349,Mondavezan
31,350,Mondilhan
31,351,Mondonville
31,352,Mondouzil
31,353,Monès
31,354,Monestrol
31,355,Mons
31,356,Montaigut-sur-Save
31,357,Montastruc-de-Salies
31,358,Montastruc-la-Conseillère
31,359,Montastruc-Savès
31,360,Montauban-de-Luchon
31,361,Montaut
31,362,Montberaud
31,363,Montbernard
31,364,Montberon
31,365,Montbrun-Bocage
31,366,Montbrun-Lauragais
31,367,Montclar-de-Comminges
31,368,Montclar-Lauragais
31,369,Mont-de-Galié
31,370,Montégut-Bourjac
31,371,Montégut-Lauragais
31,372,Montespan
31,373,Montesquieu-Guittaut
31,374,Montesquieu-Lauragais
31,375,Montesquieu-Volvestre
31,376,Montgaillard-de-Salies
31,377,Montgaillard-Lauragais
31,378,Montgaillard-sur-Save
31,379,Montgazin
31,380,Montgeard
31,381,Montgiscard
31,382,Montgras
31,383,Montjoire
31,384,Montlaur
31,385,Montmaurin
31,386,Montoulieu-Saint-Bernard
31,387,Montoussin
31,388,Montpitol
31,389,Montrabé
31,390,Montréjeau
31,391,Montsaunès
31,392,Mourvilles-Basses
31,393,Mourvilles-Hautes
31,394,Moustajon
31,395,Muret
31,396,Nailloux
31,397,Nénigan
31,398,Nizan-Gesse
31,399,Noé
31,400,Nogaret
31,401,Noueilles
31,402,Odars
31,403,Ondes
31,404,Oô
31,405,Ore
31,406,Palaminy
31,407,Paulhac
31,408,Payssous
31,409,Péchabou
31,410,Pechbonnieu
31,411,Pechbusque
31,412,Péguilhan
31,413,Pelleport
31,414,Peyrissas
31,415,Peyrouzet
31,416,Peyssies
31,417,Pibrac
31,418,Pin-Balma
31,419,Le Pin-Murelet
31,420,Pinsaguel
31,421,Pins-Justaret
31,422,Plagne
31,423,Plagnole
31,424,Plaisance-du-Touch
31,425,Le Plan
31,426,Pointis-de-Rivière
31,427,Pointis-Inard
31,428,Polastron
31,429,Pompertuzat
31,430,Ponlat-Taillebourg
31,431,Portet-d'Aspet
31,432,Portet-de-Luchon
31,433,Portet-sur-Garonne
31,434,Poubeau
31,435,Poucharramet
31,436,Pouy-de-Touges
31,437,Pouze
31,439,Préserville
31,440,Proupiary
31,441,Prunet
31,442,Puydaniel
31,443,Puymaurin
31,444,Puysségur
31,445,Quint-Fonsegrives
31,446,Ramonville-Saint-Agne
31,447,Razecueillé
31,448,Rebigue
31,449,Régades
31,450,Renneville
31,451,Revel
31,452,Rieucazé
31,453,Rieumajou
31,454,Rieumes
31,455,Rieux-Volvestre
31,456,Riolas
31,457,Roquefort-sur-Garonne
31,458,Roques
31,459,Roquesérière
31,460,Roquettes
31,461,Rouède
31,462,Rouffiac-Tolosan
31,463,Roumens
31,464,Sabonnères
31,465,Saccourvielle
31,466,Saiguède
31,467,Saint-Alban
31,468,Saint-André
31,469,Saint-Araille
31,470,Saint-Aventin
31,471,Saint-Béat-Lez
31,472,Saint-Bertrand-de-Comminges
31,473,Saint-Cézert
31,474,Saint-Christaud
31,475,Saint-Clar-de-Rivière
31,476,Saint-Élix-le-Château
31,477,Saint-Élix-Séglan
31,478,Saint-Félix-Lauragais
31,479,Saint-Ferréol-de-Comminges
31,480,Sainte-Foy-d'Aigrefeuille
31,481,Sainte-Foy-de-Peyrolières
31,482,Saint-Frajou
31,483,Saint-Gaudens
31,484,Saint-Geniès-Bellevue
31,485,Saint-Germier
31,486,Saint-Hilaire
31,487,Saint-Ignan
31,488,Saint-Jean
31,489,Saint-Jean-Lherm
31,490,Saint-Jory
31,491,Saint-Julia
31,492,Saint-Julien-sur-Garonne
31,493,Saint-Lary-Boujean
31,494,Saint-Laurent
31,495,Saint-Léon
31,496,Sainte-Livrade
31,497,Saint-Loup-Cammas
31,498,Saint-Loup-en-Comminges
31,499,Saint-Lys
31,500,Saint-Mamet
31,501,Saint-Marcel-Paulel
31,502,Saint-Marcet
31,503,Saint-Martory
31,504,Saint-Médard
31,505,Saint-Michel
31,506,Saint-Orens-de-Gameville
31,507,Saint-Paul-sur-Save
31,508,Saint-Paul-d'Oueil
31,509,Saint-Pé-d'Ardet
31,510,Saint-Pé-Delbosc
31,511,Saint-Pierre
31,512,Saint-Pierre-de-Lages
31,513,Saint-Plancard
31,514,Saint-Rome
31,515,Saint-Rustice
31,516,Saint-Sauveur
31,517,Saint-Sulpice-sur-Lèze
31,518,Saint-Thomas
31,519,Saint-Vincent
31,520,Sajas
31,521,Saleich
31,522,Salherm
31,523,Salies-du-Salat
31,524,Salles-et-Pratviel
31,525,Salles-sur-Garonne
31,526,La Salvetat-Saint-Gilles
31,527,La Salvetat-Lauragais
31,528,Saman
31,529,Samouillan
31,530,Sana
31,531,Sarrecave
31,532,Sarremezan
31,533,Saubens
31,534,Saussens
31,535,Sauveterre-de-Comminges
31,536,Saux-et-Pomarède
31,537,Savarthès
31,538,Savères
31,539,Sédeilhac
31,540,Ségreville
31,541,Seilh
31,542,Seilhan
31,543,Sénarens
31,544,Sengouagnet
31,545,Sepx
31,546,Seyre
31,547,Seysses
31,548,Signac
31,549,Sode
31,550,Soueich
31,551,Tarabel
31,552,Terrebasse
31,553,Thil
31,554,Touille
31,555,Toulouse
31,556,Les Tourreilles
31,557,Tournefeuille
31,558,Toutens
31,559,Trébons-de-Luchon
31,560,Trébons-sur-la-Grasse
31,561,L'Union
31,562,Urau
31,563,Vacquiers
31,564,Valcabrère
31,565,Valentine
31,566,Vallègue
31,567,Vallesvilles
31,568,Varennes
31,569,Vaudreuille
31,570,Vaux
31,571,Vendine
31,572,Venerque
31,573,Verfeil
31,574,Vernet
31,575,Vieille-Toulouse
31,576,Vieillevigne
31,577,Vignaux
31,578,Vigoulet-Auzil
31,579,Villariès
31,580,Villate
31,581,Villaudric
31,582,Villefranche-de-Lauragais
31,583,Villematier
31,584,Villemur-sur-Tarn
31,585,Villeneuve-de-Rivière
31,586,Villeneuve-Lécussan
31,587,Villeneuve-lès-Bouloc
31,588,Villeneuve-Tolosane
31,589,Villenouvelle
31,590,Binos
31,591,Escoulis
31,592,Larra
31,593,Cazac
32,001,Aignan
32,002,Ansan
32,003,Antras
32,004,Arblade-le-Bas
32,005,Arblade-le-Haut
32,007,Ardizas
32,008,Armentieux
32,009,Armous-et-Cau
32,010,Arrouède
32,012,Aubiet
32,013,Auch
32,014,Augnax
32,015,Aujan-Mournède
32,016,Auradé
32,017,Aurensan
32,018,Aurimont
32,019,Auterive
32,020,Aux-Aussat
32,021,Avensac
32,022,Avéron-Bergelle
32,023,Avezan
32,024,Ayguetinte
32,025,Ayzieu
32,026,Bajonnette
32,027,Barcelonne-du-Gers
32,028,Barcugnan
32,029,Barran
32,030,Bars
32,031,Bascous
32,032,Bassoues
32,033,Bazian
32,034,Bazugues
32,035,Beaucaire
32,036,Beaumarchés
32,037,Beaumont
32,038,Beaupuy
32,039,Beccas
32,040,Bédéchan
32,041,Bellegarde
32,042,Belloc-Saint-Clamens
32,043,Belmont
32,044,Béraut
32,045,Berdoues
32,046,Bernède
32,047,Berrac
32,048,Betcave-Aguin
32,049,Bétous
32,050,Betplan
32,051,Bézéril
32,052,Bezolles
32,053,Bézues-Bajon
32,054,Biran
32,055,Bivès
32,056,Blanquefort
32,057,Blaziert
32,058,Blousson-Sérian
32,059,Bonas
32,060,Boucagnères
32,061,Boulaur
32,062,Bourrouillan
32,063,Bouzon-Gellenave
32,064,Bretagne-d'Armagnac
32,065,Le Brouilh-Monbert
32,066,Brugnens
32,068,Cadeilhan
32,069,Cadeillan
32,070,Cahuzac-sur-Adour
32,071,Caillavet
32,072,Callian
32,073,Campagne-d'Armagnac
32,075,Cassaigne
32,076,Castelnau-Barbarens
32,077,Castelnau-d'Anglès
32,078,Castelnau-d'Arbieu
32,079,Castelnau d'Auzan Labarrère
32,080,Castelnau-sur-l'Auvignon
32,081,Castelnavet
32,082,Castéra-Lectourois
32,083,Castéra-Verduzan
32,084,Castéron
32,085,Castet-Arrouy
32,086,Castex
32,087,Castex-d'Armagnac
32,088,Castillon-Debats
32,089,Castillon-Massas
32,090,Castillon-Savès
32,091,Castin
32,092,Catonvielle
32,093,Caumont
32,094,Caupenne-d'Armagnac
32,095,Caussens
32,096,Cazaubon
32,097,Cazaux-d'Anglès
32,098,Cazaux-Savès
32,099,Cazaux-Villecomtal
32,100,Cazeneuve
32,101,Céran
32,102,Cézan
32,103,Chélan
32,104,Clermont-Pouyguillès
32,105,Clermont-Savès
32,106,Cologne
32,107,Condom
32,108,Corneillan
32,109,Couloumé-Mondebat
32,110,Courrensan
32,111,Courties
32,112,Crastes
32,113,Cravencères
32,114,Cuélas
32,115,Dému
32,116,Duffort
32,117,Duran
32,118,Durban
32,119,Eauze
32,120,Encausse
32,121,Endoufielle
32,122,Esclassan-Labastide
32,123,Escornebœuf
32,124,Espaon
32,125,Espas
32,126,Estampes
32,127,Estang
32,128,Estipouy
32,129,Estramiac
32,130,Faget-Abbatial
32,131,Flamarens
32,132,Fleurance
32,133,Fourcès
32,134,Frégouville
32,135,Fustérouau
32,136,Galiax
32,138,Garravet
32,139,Gaudonville
32,140,Gaujac
32,141,Gaujan
32,142,Gavarret-sur-Aulouste
32,143,Gazaupouy
32,144,Gazax-et-Baccarisse
32,145,Gée-Rivière
32,146,Gimbrède
32,147,Gimont
32,148,Giscaro
32,149,Gondrin
32,150,Goutz
32,151,Goux
32,152,Haget
32,153,Haulies
32,154,Homps
32,155,Le Houga
32,156,Idrac-Respaillès
32,157,L'Isle-Arné
32,158,L'Isle-Bouzon
32,159,L'Isle-de-Noé
32,160,L'Isle-Jourdain
32,161,Izotges
32,162,Jegun
32,163,Jû-Belloc
32,164,Juillac
32,165,Juilles
32,166,Justian
32,167,Laas
32,169,Labarthe
32,170,Labarthète
32,171,Labastide-Savès
32,172,Labéjan
32,173,Labrihe
32,174,Ladevèze-Rivière
32,175,Ladevèze-Ville
32,176,Lagarde
32,177,Lagarde-Hachan
32,178,Lagardère
32,180,Lagraulet-du-Gers
32,181,Laguian-Mazous
32,182,Lahas
32,183,Lahitte
32,184,Lalanne
32,185,Lalanne-Arqué
32,186,Lamaguère
32,187,Lamazère
32,188,Lamothe-Goas
32,189,Lannemaignan
32,190,Lannepax
32,191,Lanne-Soubiran
32,192,Lannux
32,193,Larée
32,194,Larressingle
32,195,Larroque-Engalin
32,196,Larroque-Saint-Sernin
32,197,Larroque-sur-l'Osse
32,198,Lartigue
32,199,Lasserrade
32,200,Lasséran
32,201,Lasseube-Propre
32,202,Laujuzan
32,203,Lauraët
32,204,Lavardens
32,205,Laveraët
32,206,Laymont
32,207,Leboulin
32,208,Lectoure
32,209,Lelin-Lapujolle
32,210,Lias
32,211,Lias-d'Armagnac
32,212,Ligardes
32,213,Lombez
32,214,Loubédat
32,215,Loubersan
32,216,Lourties-Monbrun
32,217,Louslitges
32,218,Loussous-Débat
32,219,Lupiac
32,220,Luppé-Violles
32,221,Lussan
32,222,Magnan
32,223,Magnas
32,224,Maignaut-Tauzia
32,225,Malabat
32,226,Manas-Bastanous
32,227,Manciet
32,228,Manent-Montané
32,229,Mansempuy
32,230,Mansencôme
32,231,Marambat
32,232,Maravat
32,233,Marciac
32,234,Marestaing
32,235,Margouët-Meymes
32,236,Marguestau
32,237,Marsan
32,238,Marseillan
32,239,Marsolan
32,240,Mascaras
32,241,Mas-d'Auvignon
32,242,Masseube
32,243,Mauléon-d'Armagnac
32,244,Maulichères
32,245,Maumusson-Laguian
32,246,Maupas
32,247,Maurens
32,248,Mauroux
32,249,Mauvezin
32,250,Meilhan
32,251,Mérens
32,252,Miélan
32,253,Miradoux
32,254,Miramont-d'Astarac
32,255,Miramont-Latour
32,256,Mirande
32,257,Mirannes
32,258,Mirepoix
32,261,Monblanc
32,262,Monbrun
32,263,Moncassin
32,264,Monclar
32,265,Monclar-sur-Losse
32,266,Moncorneil-Grazan
32,267,Monferran-Plavès
32,268,Monferran-Savès
32,269,Monfort
32,270,Mongausy
32,271,Monguilhem
32,272,Monlaur-Bernet
32,273,Monlezun
32,274,Monlezun-d'Armagnac
32,275,Monpardiac
32,276,Montadet
32,277,Montamat
32,278,Montaut
32,279,Montaut-les-Créneaux
32,280,Mont-d'Astarac
32,281,Mont-de-Marrast
32,282,Montégut
32,283,Montégut-Arros
32,284,Montégut-Savès
32,285,Montesquiou
32,286,Montestruc-sur-Gers
32,287,Monties
32,288,Montiron
32,289,Montpezat
32,290,Montréal
32,291,Mormès
32,292,Mouchan
32,293,Mouchès
32,294,Mourède
32,295,Nizas
32,296,Nogaro
32,297,Noilhan
32,298,Nougaroulet
32,299,Noulens
32,300,Orbessan
32,301,Ordan-Larroque
32,302,Ornézan
32,303,Pallanne
32,304,Panassac
32,305,Panjas
32,306,Pauilhac
32,307,Pavie
32,308,Pébées
32,309,Pellefigue
32,310,Perchède
32,311,Pergain-Taillac
32,312,Pessan
32,313,Pessoulens
32,314,Peyrecave
32,315,Peyrusse-Grande
32,316,Peyrusse-Massas
32,317,Peyrusse-Vieille
32,318,Pis
32,319,Plaisance
32,320,Plieux
32,321,Polastron
32,322,Pompiac
32,323,Ponsampère
32,324,Ponsan-Soubiran
32,325,Pouydraguin
32,326,Pouylebon
32,327,Pouy-Loubrin
32,328,Pouy-Roquelaure
32,329,Préchac
32,330,Préchac-sur-Adour
32,331,Preignan
32,332,Préneron
32,333,Projan
32,334,Pujaudran
32,335,Puycasquier
32,336,Puylausic
32,337,Puységur
32,338,Ramouzens
32,339,Razengues
32,340,Réans
32,341,Réjaumont
32,342,Ricourt
32,343,Riguepeu
32,344,Riscle
32,345,La Romieu
32,346,Roquebrune
32,347,Roquefort
32,348,Roquelaure
32,349,Roquelaure-Saint-Aubin
32,350,Roquepine
32,351,Roques
32,352,Rozès
32,353,Sabaillan
32,354,Sabazan
32,355,Sadeillan
32,356,Saint-André
32,357,Sainte-Anne
32,358,Saint-Antoine
32,359,Saint-Antonin
32,360,Saint-Arailles
32,361,Saint-Arroman
32,362,Saint-Aunix-Lengros
32,363,Sainte-Aurence-Cazaux
32,364,Saint-Avit-Frandat
32,365,Cap d'Astarac
32,366,Saint-Brès
32,367,Saint-Christaud
32,368,Sainte-Christie
32,369,Sainte-Christie-d'Armagnac
32,370,Saint-Clar
32,371,Saint-Créac
32,372,Saint-Cricq
32,373,Sainte-Dode
32,374,Saint-Élix-d'Astarac
32,375,Saint-Élix-Theux
32,376,Sainte-Gemme
32,377,Saint-Georges
32,378,Saint-Germé
32,379,Saint-Germier
32,380,Saint-Griède
32,381,Saint-Jean-le-Comtal
32,382,Saint-Jean-Poutge
32,383,Saint-Justin
32,384,Saint-Lary
32,385,Saint-Léonard
32,386,Saint-Lizier-du-Planté
32,387,Saint-Loube
32,388,Sainte-Marie
32,389,Saint-Martin
32,390,Saint-Martin-d'Armagnac
32,391,Saint-Martin-de-Goyne
32,392,Saint-Martin-Gimois
32,393,Saint-Maur
32,394,Saint-Médard
32,395,Sainte-Mère
32,396,Saint-Mézard
32,397,Saint-Michel
32,398,Saint-Mont
32,399,Saint-Orens
32,400,Saint-Orens-Pouy-Petit
32,401,Saint-Ost
32,402,Saint-Paul-de-Baïse
32,403,Saint-Pierre-d'Aubézies
32,404,Saint-Puy
32,405,Sainte-Radegonde
32,406,Saint-Sauvy
32,407,Saint-Soulan
32,408,Salles-d'Armagnac
32,409,Samaran
32,410,Samatan
32,411,Sansan
32,412,Saramon
32,414,Sarragachies
32,415,Sarraguzan
32,416,Sarrant
32,417,La Sauvetat
32,418,Sauveterre
32,419,Sauviac
32,420,Sauvimont
32,421,Savignac-Mona
32,422,Scieurac-et-Flourès
32,423,Séailles
32,424,Ségos
32,425,Ségoufielle
32,426,Seissan
32,427,Sembouès
32,428,Sémézies-Cachan
32,429,Sempesserre
32,430,Sère
32,431,Sérempuy
32,432,Seysses-Savès
32,433,Simorre
32,434,Sion
32,435,Sirac
32,436,Solomiac
32,437,Sorbets
32,438,Tachoires
32,439,Tarsac
32,440,Tasque
32,441,Taybosc
32,442,Terraube
32,443,Termes-d'Armagnac
32,444,Thoux
32,445,Tieste-Uragnoux
32,446,Tillac
32,447,Tirent-Pontéjac
32,448,Touget
32,449,Toujouse
32,450,Tourdun
32,451,Tournan
32,452,Tournecoupe
32,453,Tourrenquets
32,454,Traversères
32,455,Troncens
32,456,Tudelle
32,457,Urdens
32,458,Urgosse
32,459,Valence-sur-Baïse
32,460,Vergoignan
32,461,Verlus
32,462,Vic-Fezensac
32,463,Viella
32,464,Villecomtal-sur-Arros
32,465,Villefranche-d'Astarac
32,466,Viozan
32,467,Saint-Caprais
32,468,Aussos
33,001,Abzac
33,002,Aillas
33,003,Ambarès-et-Lagrave
33,004,Ambès
33,005,Andernos-les-Bains
33,006,Anglade
33,007,Arbanats
33,008,Porte-de-Benauge
33,009,Arcachon
33,010,Arcins
33,011,Arès
33,012,Arsac
33,013,Artigues-près-Bordeaux
33,014,Les Artigues-de-Lussac
33,015,Arveyres
33,016,Asques
33,017,Aubiac
33,018,Val de Virvée
33,019,Audenge
33,020,Auriolles
33,021,Auros
33,022,Avensan
33,023,Ayguemorte-les-Graves
33,024,Bagas
33,025,Baigneaux
33,026,Balizac
33,027,Barie
33,028,Baron
33,029,Le Barp
33,030,Barsac
33,031,Bassanne
33,032,Bassens
33,033,Baurech
33,034,Bayas
33,035,Bayon-sur-Gironde
33,036,Bazas
33,037,Beautiran
33,038,Bégadan
33,039,Bègles
33,040,Béguey
33,042,Belin-Béliet
33,043,Bellebat
33,044,Bellefond
33,045,Belvès-de-Castillon
33,046,Bernos-Beaulac
33,047,Berson
33,048,Berthez
33,049,Beychac-et-Caillau
33,050,Bieujac
33,051,Biganos
33,052,Les Billaux
33,053,Birac
33,054,Blaignac
33,055,Blaignan-Prignac
33,056,Blanquefort
33,057,Blasimon
33,058,Blaye
33,059,Blésignac
33,060,Bommes
33,061,Bonnetan
33,062,Bonzac
33,063,Bordeaux
33,064,Bossugan
33,065,Bouliac
33,066,Bourdelles
33,067,Bourg
33,068,Bourideys
33,069,Le Bouscat
33,070,Brach
33,071,Branne
33,072,Brannens
33,073,Braud-et-Saint-Louis
33,074,Brouqueyran
33,075,Bruges
33,076,Budos
33,077,Cabanac-et-Villagrains
33,078,Cabara
33,079,Cadarsac
33,080,Cadaujac
33,081,Cadillac-sur-Garonne
33,082,Cadillac-en-Fronsadais
33,083,Camarsac
33,084,Cambes
33,085,Camblanes-et-Meynac
33,086,Camiac-et-Saint-Denis
33,087,Camiran
33,088,Camps-sur-l'Isle
33,089,Campugnan
33,090,Canéjan
33,093,Capian
33,094,Caplong
33,095,Captieux
33,096,Carbon-Blanc
33,097,Carcans
33,098,Cardan
33,099,Carignan-de-Bordeaux
33,100,Cars
33,101,Cartelègue
33,102,Casseuil
33,103,Castelmoron-d'Albret
33,104,Castelnau-de-Médoc
33,105,Castelviel
33,106,Castets et Castillon
33,108,Castillon-la-Bataille
33,109,Castres-Gironde
33,111,Caudrot
33,112,Caumont
33,113,Cauvignac
33,114,Cavignac
33,115,Cazalis
33,116,Cazats
33,117,Cazaugitat
33,118,Cénac
33,119,Cenon
33,120,Cérons
33,121,Cessac
33,122,Cestas
33,123,Cézac
33,124,Chamadelle
33,125,Cissac-Médoc
33,126,Civrac-de-Blaye
33,127,Civrac-sur-Dordogne
33,128,Civrac-en-Médoc
33,129,Cleyrac
33,130,Coimères
33,131,Coirac
33,132,Comps
33,133,Coubeyrac
33,134,Couquèques
33,135,Courpiac
33,136,Cours-de-Monségur
33,137,Cours-les-Bains
33,138,Coutras
33,139,Coutures
33,140,Créon
33,141,Croignon
33,142,Cubnezais
33,143,Cubzac-les-Ponts
33,144,Cudos
33,145,Cursan
33,146,Cussac-Fort-Médoc
33,147,Daignac
33,148,Dardenac
33,149,Daubèze
33,150,Dieulivol
33,151,Donnezac
33,152,Donzac
33,153,Doulezon
33,154,Les Églisottes-et-Chalaures
33,155,Escaudes
33,156,Escoussans
33,157,Espiet
33,158,Les Esseintes
33,159,Étauliers
33,160,Eynesse
33,161,Eyrans
33,162,Eysines
33,163,Faleyras
33,164,Fargues
33,165,Fargues-Saint-Hilaire
33,166,Le Fieu
33,167,Floirac
33,168,Flaujagues
33,169,Floudès
33,170,Fontet
33,171,Fossès-et-Baleyssac
33,172,Fours
33,173,Francs
33,174,Fronsac
33,175,Frontenac
33,176,Gabarnac
33,177,Gaillan-en-Médoc
33,178,Gajac
33,179,Galgon
33,180,Gans
33,181,Gardegan-et-Tourtirac
33,182,Gauriac
33,183,Gauriaguet
33,184,Générac
33,185,Génissac
33,186,Gensac
33,187,Gironde-sur-Dropt
33,188,Giscos
33,189,Gornac
33,190,Goualade
33,191,Gours
33,192,Gradignan
33,193,Grayan-et-l'Hôpital
33,194,Grézillac
33,195,Grignols
33,196,Guillac
33,197,Guillos
33,198,Guîtres
33,199,Gujan-Mestras
33,200,Le Haillan
33,201,Haux
33,202,Hostens
33,203,Hourtin
33,204,Hure
33,205,Illats
33,206,Isle-Saint-Georges
33,207,Izon
33,208,Jau-Dignac-et-Loirac
33,209,Jugazan
33,210,Juillac
33,211,Labarde
33,212,Labescau
33,213,La Brède
33,214,Lacanau
33,215,Ladaux
33,216,Lados
33,218,Lagorce
33,219,La Lande-de-Fronsac
33,220,Lamarque
33,221,Lamothe-Landerron
33,222,Lalande-de-Pomerol
33,223,Landerrouat
33,224,Landerrouet-sur-Ségur
33,225,Landiras
33,226,Langoiran
33,227,Langon
33,228,Lansac
33,229,Lanton
33,230,Lapouyade
33,231,Laroque
33,232,Lartigue
33,233,Laruscade
33,234,Latresne
33,235,Lavazan
33,236,Lège-Cap-Ferret
33,237,Léogeats
33,238,Léognan
33,239,Lerm-et-Musset
33,240,Lesparre-Médoc
33,241,Lestiac-sur-Garonne
33,242,Les Lèves-et-Thoumeyragues
33,243,Libourne
33,244,Lignan-de-Bazas
33,245,Lignan-de-Bordeaux
33,246,Ligueux
33,247,Listrac-de-Durèze
33,248,Listrac-Médoc
33,249,Lormont
33,250,Loubens
33,251,Louchats
33,252,Loupes
33,253,Loupiac
33,254,Loupiac-de-la-Réole
33,255,Lucmau
33,256,Ludon-Médoc
33,257,Lugaignac
33,258,Lugasson
33,259,Lugon-et-l'Île-du-Carnay
33,260,Lugos
33,261,Lussac
33,262,Macau
33,263,Madirac
33,264,Maransin
33,266,Marcenais
33,268,Margaux-Cantenac
33,269,Margueron
33,270,Marimbault
33,271,Marions
33,272,Marsas
33,273,Martignas-sur-Jalle
33,274,Martillac
33,275,Martres
33,276,Masseilles
33,277,Massugas
33,278,Mauriac
33,279,Mazères
33,280,Mazion
33,281,Mérignac
33,282,Mérignas
33,283,Mesterrieux
33,284,Mios
33,285,Mombrier
33,287,Mongauzy
33,288,Monprimblanc
33,289,Monségur
33,290,Montagne
33,291,Montagoudin
33,292,Montignac
33,293,Montussan
33,294,Morizès
33,295,Mouillac
33,296,Mouliets-et-Villemartin
33,297,Moulis-en-Médoc
33,298,Moulon
33,299,Mourens
33,300,Naujac-sur-Mer
33,301,Naujan-et-Postiac
33,302,Néac
33,303,Nérigean
33,304,Neuffons
33,305,Le Nizan
33,306,Noaillac
33,307,Noaillan
33,308,Omet
33,309,Ordonnac
33,310,Origne
33,311,Paillet
33,312,Parempuyre
33,314,Pauillac
33,315,Les Peintures
33,316,Pellegrue
33,317,Périssac
33,318,Pessac
33,319,Pessac-sur-Dordogne
33,320,Petit-Palais-et-Cornemps
33,321,Peujard
33,322,Le Pian-Médoc
33,323,Le Pian-sur-Garonne
33,324,Pineuilh
33,325,Plassac
33,326,Pleine-Selve
33,327,Podensac
33,328,Pomerol
33,329,Pompéjac
33,330,Pompignac
33,331,Pondaurat
33,332,Porchères
33,333,Le Porge
33,334,Portets
33,335,Le Pout
33,336,Préchac
33,337,Preignac
33,339,Prignac-et-Marcamps
33,341,Pugnac
33,342,Puisseguin
33,343,Pujols-sur-Ciron
33,344,Pujols
33,345,Le Puy
33,346,Puybarban
33,347,Puynormand
33,348,Queyrac
33,349,Quinsac
33,350,Rauzan
33,351,Reignac
33,352,La Réole
33,353,Rimons
33,354,Riocaud
33,355,Rions
33,356,La Rivière
33,357,Roaillan
33,358,Romagne
33,359,Roquebrune
33,360,La Roquille
33,361,Ruch
33,362,Sablons
33,363,Sadirac
33,364,Saillans
33,365,Saint-Aignan
33,366,Saint-André-de-Cubzac
33,367,Saint-André-du-Bois
33,369,Saint-André-et-Appelles
33,370,Saint-Androny
33,372,Saint-Antoine-du-Queyret
33,373,Saint-Antoine-sur-l'Isle
33,374,Saint-Aubin-de-Blaye
33,375,Saint-Aubin-de-Branne
33,376,Saint-Aubin-de-Médoc
33,377,Saint-Avit-de-Soulège
33,378,Saint-Avit-Saint-Nazaire
33,379,Saint-Brice
33,380,Val-de-Livenne
33,381,Saint-Caprais-de-Bordeaux
33,382,Saint-Christoly-de-Blaye
33,383,Saint-Christoly-Médoc
33,384,Saint-Christophe-des-Bardes
33,385,Saint-Christophe-de-Double
33,386,Saint-Cibard
33,387,Saint-Ciers-d'Abzac
33,388,Saint-Ciers-de-Canesse
33,389,Saint-Ciers-sur-Gironde
33,390,Sainte-Colombe
33,391,Saint-Côme
33,392,Sainte-Croix-du-Mont
33,393,Saint-Denis-de-Pile
33,394,Saint-Émilion
33,395,Saint-Estèphe
33,396,Saint-Étienne-de-Lisse
33,397,Sainte-Eulalie
33,398,Saint-Exupéry
33,399,Saint-Félix-de-Foncaude
33,400,Saint-Ferme
33,401,Sainte-Florence
33,402,Sainte-Foy-la-Grande
33,403,Sainte-Foy-la-Longue
33,404,Sainte-Gemme
33,405,Saint-Genès-de-Blaye
33,406,Saint-Genès-de-Castillon
33,407,Saint-Genès-de-Fronsac
33,408,Saint-Genès-de-Lombaud
33,411,Saint-Germain-de-Grave
33,412,Saint-Germain-d'Esteuil
33,413,Saint-Germain-du-Puch
33,414,Saint-Germain-de-la-Rivière
33,415,Saint-Gervais
33,416,Saint-Girons-d'Aiguevives
33,417,Sainte-Hélène
33,418,Saint-Hilaire-de-la-Noaille
33,419,Saint-Hilaire-du-Bois
33,420,Saint-Hippolyte
33,421,Saint-Jean-de-Blaignac
33,422,Saint-Jean-d'Illac
33,423,Saint-Julien-Beychevelle
33,424,Saint-Laurent-Médoc
33,425,Saint-Laurent-d'Arce
33,426,Saint-Laurent-des-Combes
33,427,Saint-Laurent-du-Bois
33,428,Saint-Laurent-du-Plan
33,429,Saint-Léger-de-Balson
33,431,Saint-Léon
33,432,Saint-Loubert
33,433,Saint-Loubès
33,434,Saint-Louis-de-Montferrand
33,435,Saint-Macaire
33,436,Saint-Magne
33,437,Saint-Magne-de-Castillon
33,438,Saint-Maixant
33,439,Saint-Mariens
33,440,Saint-Martial
33,441,Saint-Martin-Lacaussade
33,442,Saint-Martin-de-Laye
33,443,Saint-Martin-de-Lerm
33,444,Saint-Martin-de-Sescas
33,445,Saint-Martin-du-Bois
33,446,Saint-Martin-du-Puy
33,447,Saint-Médard-de-Guizières
33,448,Saint-Médard-d'Eyrans
33,449,Saint-Médard-en-Jalles
33,450,Saint-Michel-de-Castelnau
33,451,Saint-Michel-de-Fronsac
33,452,Saint-Michel-de-Rieufret
33,453,Saint-Michel-de-Lapujade
33,454,Saint-Morillon
33,456,Saint-Palais
33,457,Saint-Pardon-de-Conques
33,458,Saint-Paul
33,459,Saint-Pey-d'Armens
33,460,Saint-Pey-de-Castets
33,461,Saint-Philippe-d'Aiguilhe
33,462,Saint-Philippe-du-Seignal
33,463,Saint-Pierre-d'Aurillac
33,464,Saint-Pierre-de-Bat
33,465,Saint-Pierre-de-Mons
33,466,Saint-Quentin-de-Baron
33,467,Saint-Quentin-de-Caplong
33,468,Sainte-Radegonde
33,470,Saint-Romain-la-Virvée
33,471,Saint-Sauveur
33,472,Saint-Sauveur-de-Puynormand
33,473,Saint-Savin
33,474,Saint-Selve
33,475,Saint-Seurin-de-Bourg
33,476,Saint-Seurin-de-Cadourne
33,477,Saint-Seurin-de-Cursac
33,478,Saint-Seurin-sur-l'Isle
33,479,Saint-Sève
33,480,Saint-Sulpice-de-Faleyrens
33,481,Saint-Sulpice-de-Guilleragues
33,482,Saint-Sulpice-de-Pommiers
33,483,Saint-Sulpice-et-Cameyrac
33,484,Saint-Symphorien
33,485,Sainte-Terre
33,486,Saint-Trojan
33,487,Saint-Vincent-de-Paul
33,488,Saint-Vincent-de-Pertignas
33,489,Saint-Vivien-de-Blaye
33,490,Saint-Vivien-de-Médoc
33,491,Saint-Vivien-de-Monségur
33,492,Saint-Yzan-de-Soudiac
33,493,Saint-Yzans-de-Médoc
33,494,Salaunes
33,496,Sallebœuf
33,498,Salles
33,499,Les Salles-de-Castillon
33,500,Samonac
33,501,Saucats
33,502,Saugon
33,503,Saumos
33,504,Sauternes
33,505,La Sauve
33,506,Sauveterre-de-Guyenne
33,507,Sauviac
33,508,Savignac
33,509,Savignac-de-l'Isle
33,510,Semens
33,511,Sendets
33,512,Sigalens
33,513,Sillas
33,514,Soulac-sur-Mer
33,515,Soulignac
33,516,Soussac
33,517,Soussans
33,518,Tabanac
33,519,Le Taillan-Médoc
33,520,Taillecavat
33,521,Talais
33,522,Talence
33,523,Targon
33,524,Tarnès
33,525,Tauriac
33,526,Tayac
33,527,Le Teich
33,528,Le Temple
33,529,La Teste-de-Buch
33,530,Teuillac
33,531,Tizac-de-Curton
33,532,Tizac-de-Lapouyade
33,533,Toulenne
33,534,Le Tourne
33,535,Tresses
33,536,Le Tuzan
33,537,Uzeste
33,538,Valeyrac
33,539,Vayres
33,540,Vendays-Montalivet
33,541,Vensac
33,542,Vérac
33,543,Verdelais
33,544,Le Verdon-sur-Mer
33,545,Vertheuil
33,546,Vignonet
33,547,Villandraut
33,548,Villegouge
33,549,Villenave-de-Rions
33,550,Villenave-d'Ornon
33,551,Villeneuve
33,552,Virelade
33,553,Virsac
33,554,Yvrac
33,555,Marcheprime
34,001,Abeilhan
34,002,Adissan
34,003,Agde
34,004,Agel
34,005,Agonès
34,006,Aigne
34,007,Aigues-Vives
34,008,Les Aires
34,009,Alignan-du-Vent
34,010,Aniane
34,011,Arboras
34,012,Argelliers
34,013,Aspiran
34,014,Assas
34,015,Assignan
34,016,Aumelas
34,017,Aumes
34,018,Autignac
34,019,Avène
34,020,Azillanet
34,021,Babeau-Bouldoux
34,022,Baillargues
34,023,Balaruc-les-Bains
34,024,Balaruc-le-Vieux
34,025,Bassan
34,026,Beaufort
34,027,Beaulieu
34,028,Bédarieux
34,029,Bélarga
34,030,Berlou
34,031,Bessan
34,032,Béziers
34,033,Boisseron
34,034,Boisset
34,035,La Boissière
34,036,Le Bosc
34,037,Boujan-sur-Libron
34,038,Le Bousquet-d'Orb
34,039,Bouzigues
34,040,Brenas
34,041,Brignac
34,042,Brissac
34,043,Buzignargues
34,044,Cabrerolles
34,045,Cabrières
34,046,Cambon-et-Salvergues
34,047,Campagnan
34,048,Campagne
34,049,Camplong
34,050,Candillargues
34,051,Canet
34,052,Capestang
34,053,Carlencas-et-Levas
34,054,Cassagnoles
34,055,Castanet-le-Haut
34,056,Castelnau-de-Guers
34,057,Castelnau-le-Lez
34,058,Castries
34,059,La Caunette
34,060,Causse-de-la-Selle
34,061,Causses-et-Veyran
34,062,Caussiniojouls
34,063,Caux
34,064,Le Caylar
34,065,Cazedarnes
34,066,Cazevieille
34,067,Cazilhac
34,068,Cazouls-d'Hérault
34,069,Cazouls-lès-Béziers
34,070,Cébazan
34,071,Ceilhes-et-Rocozels
34,072,Celles
34,073,Cers
34,074,Cessenon-sur-Orb
34,075,Cesseras
34,076,Ceyras
34,077,Clapiers
34,078,Claret
34,079,Clermont-l'Hérault
34,080,Colombières-sur-Orb
34,081,Colombiers
34,082,Combaillaux
34,083,Combes
34,084,Corneilhan
34,085,Coulobres
34,086,Courniou
34,087,Cournonsec
34,088,Cournonterral
34,089,Creissan
34,090,Le Crès
34,091,Le Cros
34,092,Cruzy
34,094,Espondeilhan
34,095,Fabrègues
34,096,Faugères
34,097,Félines-Minervois
34,098,Ferrals-les-Montagnes
34,099,Ferrières-les-Verreries
34,100,Ferrières-Poussarou
34,101,Florensac
34,102,Fontanès
34,103,Fontès
34,104,Fos
34,105,Fouzilhon
34,106,Fozières
34,107,Fraisse-sur-Agout
34,108,Frontignan
34,109,Gabian
34,110,Galargues
34,111,Ganges
34,112,Garrigues
34,113,Gigean
34,114,Gignac
34,115,Gorniès
34,116,Grabels
34,117,Graissessac
34,118,Guzargues
34,119,Hérépian
34,120,Jacou
34,121,Joncels
34,122,Jonquières
34,123,Juvignac
34,124,Lacoste
34,125,Lagamas
34,126,Lamalou-les-Bains
34,127,Lansargues
34,128,Laroque
34,129,Lattes
34,130,Laurens
34,131,Lauret
34,132,Lauroux
34,133,Lavalette
34,134,Lavérune
34,135,Lespignan
34,136,Lézignan-la-Cèbe
34,137,Liausson
34,138,Lieuran-Cabrières
34,139,Lieuran-lès-Béziers
34,140,Lignan-sur-Orb
34,141,La Livinière
34,142,Lodève
34,143,Loupian
34,144,Lunas-les-Châteaux
34,145,Lunel
34,146,Lunel-Viel
34,147,Magalas
34,148,Maraussan
34,149,Margon
34,150,Marseillan
34,151,Marsillargues
34,152,Mas-de-Londres
34,153,Les Matelles
34,154,Mauguio
34,155,Maureilhan
34,156,Mérifons
34,157,Mèze
34,158,Minerve
34,159,Mireval
34,160,Mons
34,161,Montady
34,162,Montagnac
34,163,Montarnaud
34,164,Montaud
34,165,Montbazin
34,166,Montblanc
34,167,Montels
34,168,Montesquieu
34,169,Montferrier-sur-Lez
34,170,Montouliers
34,171,Montoulieu
34,172,Montpellier
34,173,Montpeyroux
34,174,Moulès-et-Baucels
34,175,Mourèze
34,176,Mudaison
34,177,Murles
34,178,Murviel-lès-Béziers
34,179,Murviel-lès-Montpellier
34,180,Nébian
34,181,Neffiès
34,182,Nézignan-l'Évêque
34,183,Nissan-lez-Enserune
34,184,Nizas
34,185,Notre-Dame-de-Londres
34,186,Octon
34,187,Olargues
34,188,Olmet-et-Villecun
34,189,Olonzac
34,190,Oupia
34,191,Pailhès
34,192,Palavas-les-Flots
34,193,Pardailhan
34,194,Paulhan
34,195,Pégairolles-de-Buèges
34,196,Pégairolles-de-l'Escalette
34,197,Péret
34,198,Pérols
34,199,Pézenas
34,200,Pézènes-les-Mines
34,201,Pierrerue
34,202,Pignan
34,203,Pinet
34,204,Plaissan
34,205,Les Plans
34,206,Poilhes
34,207,Pomérols
34,208,Popian
34,209,Portiragnes
34,210,Le Pouget
34,211,Le Poujol-sur-Orb
34,212,Poujols
34,213,Poussan
34,214,Pouzolles
34,215,Pouzols
34,216,Le Pradal
34,217,Prades-le-Lez
34,218,Prades-sur-Vernazobre
34,219,Prémian
34,220,Le Puech
34,221,Puéchabon
34,222,Puilacher
34,223,Puimisson
34,224,Puissalicon
34,225,Puisserguier
34,226,Quarante
34,227,Restinclières
34,228,Rieussec
34,229,Riols
34,230,Les Rives
34,231,Romiguières
34,232,Roquebrun
34,233,Roqueredonde
34,234,Roquessels
34,235,Rosis
34,236,Rouet
34,237,Roujan
34,238,Saint-André-de-Buèges
34,239,Saint-André-de-Sangonis
34,240,Saint-Aunès
34,241,Saint-Bauzille-de-la-Sylve
34,242,Saint-Bauzille-de-Montmel
34,243,Saint-Bauzille-de-Putois
34,244,Saint-Brès
34,245,Saint-Chinian
34,246,Entre-Vignes
34,247,Saint-Clément-de-Rivière
34,248,Sainte-Croix-de-Quintillargues
34,249,Saint-Drézéry
34,250,Saint-Étienne-d'Albagnan
34,251,Saint-Étienne-de-Gourgas
34,252,Saint-Étienne-Estréchoux
34,253,Saint-Félix-de-l'Héras
34,254,Saint-Félix-de-Lodez
34,255,Saint-Gély-du-Fesc
34,256,Saint-Geniès-des-Mourgues
34,257,Saint-Geniès-de-Varensal
34,258,Saint-Geniès-de-Fontedit
34,259,Saint-Georges-d'Orques
34,260,Saint-Gervais-sur-Mare
34,261,Saint-Guilhem-le-Désert
34,262,Saint-Guiraud
34,263,Saint-Hilaire-de-Beauvoir
34,264,Saint-Jean-de-Buèges
34,265,Saint-Jean-de-Cornies
34,266,Saint-Jean-de-Cuculles
34,267,Saint-Jean-de-Fos
34,268,Saint-Jean-de-la-Blaquière
34,269,Saint-Jean-de-Minervois
34,270,Saint-Jean-de-Védas
34,271,Saint-Julien
34,272,Saint-Just
34,273,Saint-Martin-de-l'Arçon
34,274,Saint-Martin-de-Londres
34,276,Saint-Mathieu-de-Tréviers
34,277,Saint-Maurice-Navacelles
34,278,Saint-Michel
34,279,Saint-Nazaire-de-Ladarez
34,280,Saint-Nazaire-de-Pézan
34,281,Saint-Pargoire
34,282,Saint-Paul-et-Valmalle
34,283,Saint-Pierre-de-la-Fage
34,284,Saint-Pons-de-Thomières
34,285,Saint-Pons-de-Mauchiens
34,286,Saint-Privat
34,287,Saint-Saturnin-de-Lucian
34,288,Saint-Sériès
34,289,Saint-Thibéry
34,290,Saint-Vincent-de-Barbeyrargues
34,291,Saint-Vincent-d'Olargues
34,292,Salasc
34,293,La Salvetat-sur-Agout
34,294,Saturargues
34,295,Saussan
34,296,Saussines
34,297,Sauteyrargues
34,298,Sauvian
34,299,Sérignan
34,300,Servian
34,301,Sète
34,302,Siran
34,303,Sorbs
34,304,Soubès
34,305,Le Soulié
34,306,Soumont
34,307,Sussargues
34,308,Taussac-la-Billière
34,309,Teyran
34,310,Thézan-lès-Béziers
34,311,Tourbes
34,312,La Tour-sur-Orb
34,313,Tressan
34,314,Le Triadou
34,315,Usclas-d'Hérault
34,316,Usclas-du-Bosc
34,317,La Vacquerie-et-Saint-Martin-de-Castries
34,318,Vacquières
34,319,Vailhan
34,320,Vailhauquès
34,321,Valergues
34,322,Valflaunès
34,323,Valmascle
34,324,Valras-Plage
34,325,Valros
34,326,Vélieux
34,327,Vendargues
34,328,Vendémian
34,329,Vendres
34,331,Verreries-de-Moussans
34,332,Vias
34,333,Vic-la-Gardiole
34,334,Vieussan
34,335,Villemagne-l'Argentière
34,336,Villeneuve-lès-Béziers
34,337,Villeneuve-lès-Maguelone
34,338,Villeneuvette
34,339,Villespassans
34,340,Villetelle
34,341,Villeveyrac
34,342,Viols-en-Laval
34,343,Viols-le-Fort
34,344,La Grande-Motte
35,001,Acigné
35,002,Amanlis
35,003,Andouillé-Neuville
35,004,Val-Couesnon
35,005,Arbrissel
35,006,Argentré-du-Plessis
35,007,Aubigné
35,008,Availles-sur-Seiche
35,009,Baguer-Morvan
35,010,Baguer-Pican
35,012,Bain-de-Bretagne
35,013,Bains-sur-Oust
35,014,Bais
35,015,Balazé
35,016,Baulon
35,017,La Baussaine
35,018,La Bazouge-du-Désert
35,019,Bazouges-la-Pérouse
35,021,Beaucé
35,022,Bécherel
35,023,Bédée
35,024,Betton
35,025,Billé
35,026,Bléruais
35,027,Boisgervilly
35,028,Boistrudan
35,029,Bonnemain
35,030,La Bosse-de-Bretagne
35,031,La Bouëxière
35,032,Bourgbarré
35,033,Bourg-des-Comptes
35,034,La Boussac
35,035,Bovel
35,037,Bréal-sous-Montfort
35,038,Bréal-sous-Vitré
35,039,Brécé
35,040,Breteil
35,041,Brie
35,042,Brielles
35,044,Broualan
35,045,Bruc-sur-Aff
35,046,Les Brulais
35,047,Bruz
35,049,Cancale
35,050,Cardroc
35,051,Cesson-Sévigné
35,052,Champeaux
35,054,Chanteloup
35,055,Chantepie
35,056,La Chapelle-aux-Filtzméens
35,057,La Chapelle-Bouëxic
35,058,La Chapelle-Chaussée
35,059,La Chapelle-des-Fougeretz
35,060,La Chapelle du Lou du Lac
35,061,La Chapelle-Erbrée
35,062,La Chapelle-Fleurigné
35,063,La Chapelle-Saint-Aubert
35,064,La Chapelle-de-Brain
35,065,La Chapelle-Thouarault
35,066,Chartres-de-Bretagne
35,067,Chasné-sur-Illet
35,068,Châteaubourg
35,069,Châteaugiron
35,070,Châteauneuf-d'Ille-et-Vilaine
35,071,Le Châtellier
35,072,Châtillon-en-Vendelais
35,075,Chauvigné
35,076,Chavagne
35,077,Chelun
35,078,Cherrueix
35,079,Chevaigné
35,080,Cintré
35,081,Clayes
35,082,Coësmes
35,084,Comblessac
35,085,Combourg
35,086,Combourtillé
35,087,Cornillé
35,088,Corps-Nuds
35,089,La Couyère
35,090,Crevin
35,091,Le Crouais
35,092,Cuguen
35,093,Dinard
35,094,Dingé
35,095,Dol-de-Bretagne
35,096,Domagné
35,097,Domalain
35,098,La Dominelais
35,099,Domloup
35,101,Dourdain
35,102,Drouges
35,103,Eancé
35,104,Epiniac
35,105,Erbrée
35,106,Ercé-en-Lamée
35,107,Ercé-près-Liffré
35,108,Essé
35,109,Étrelles
35,110,Feins
35,111,Le Ferré
35,114,Forges-la-Forêt
35,115,Fougères
35,116,La Fresnais
35,117,Gaël
35,118,Gahard
35,119,Gennes-sur-Seiche
35,120,Gévezé
35,121,Gosné
35,122,La Gouesnière
35,123,Goven
35,124,Grand-Fougeray
35,125,La Guerche-de-Bretagne
35,126,Guichen
35,127,Guignen
35,128,Guipel
35,130,Hédé-Bazouges
35,131,L'Hermitage
35,132,Hirel
35,133,Iffendic
35,134,Les Iffs
35,135,Irodouër
35,136,Janzé
35,137,Javené
35,138,Laignelet
35,139,Laillé
35,140,Lalleu
35,141,Landavran
35,142,Landéan
35,143,Landujan
35,144,Langan
35,145,Langon
35,146,Langouet
35,148,Lanrigan
35,149,Lassy
35,150,Lécousse
35,151,Lieuron
35,152,Liffré
35,153,Lillemer
35,154,Livré-sur-Changeon
35,155,Lohéac
35,156,Longaulnay
35,157,Le Loroux
35,159,Lourmais
35,160,Loutehel
35,161,Louvigné-de-Bais
35,162,Louvigné-du-Désert
35,163,Luitré-Dompierre
35,164,Marcillé-Raoul
35,165,Marcillé-Robert
35,166,Marpiré
35,167,Martigné-Ferchaud
35,168,Val d'Anast
35,169,Maxent
35,170,Mecé
35,171,Médréac
35,172,Meillac
35,173,Melesse
35,174,Mellé
35,175,Mernel
35,176,Guipry-Messac
35,177,La Mézière
35,178,Mézières-sur-Couesnon
35,179,Miniac-Morvan
35,180,Miniac-sous-Bécherel
35,181,Le Minihic-sur-Rance
35,183,Mondevert
35,184,Montauban-de-Bretagne
35,185,Montautour
35,186,Mont-Dol
35,187,Monterfil
35,188,Montfort-sur-Meu
35,189,Montgermont
35,190,Monthault
35,191,Les Portes du Coglais
35,192,Montreuil-des-Landes
35,193,Montreuil-le-Gast
35,194,Montreuil-sous-Pérouse
35,195,Montreuil-sur-Ille
35,196,Mordelles
35,197,Mouazé
35,198,Moulins
35,199,Moussé
35,200,Moutiers
35,201,Muel
35,202,La Noë-Blanche
35,203,La Nouaye
35,204,Nouvoitou
35,205,Noyal-sous-Bazouges
35,206,Noyal-Châtillon-sur-Seiche
35,207,Noyal-sur-Vilaine
35,208,Orgères
35,210,Pacé
35,211,Paimpont
35,212,Pancé
35,214,Parcé
35,215,Parigné
35,216,Parthenay-de-Bretagne
35,217,Le Pertre
35,218,Le Petit-Fougeray
35,219,Pipriac
35,220,Piré-Chancé
35,221,Pléchâtel
35,222,Pleine-Fougères
35,223,Plélan-le-Grand
35,224,Plerguer
35,225,Plesder
35,226,Pleugueneuc
35,227,Pleumeleuc
35,228,Pleurtuit
35,229,Pocé-les-Bois
35,230,Poilley
35,231,Poligné
35,232,Princé
35,233,Québriac
35,234,Quédillac
35,235,Rannée
35,236,Redon
35,237,Renac
35,238,Rennes
35,239,Retiers
35,240,Le Rheu
35,241,La Richardais
35,242,Rimou
35,243,Romagné
35,244,Romazy
35,245,Romillé
35,246,Roz-Landrieux
35,247,Roz-sur-Couesnon
35,248,Sains
35,249,Sainte-Anne-sur-Vilaine
35,250,Saint-Armel
35,251,Saint-Aubin-d'Aubigné
35,252,Saint-Aubin-des-Landes
35,253,Saint-Aubin-du-Cormier
35,255,Saint-Benoît-des-Ondes
35,256,Saint-Briac-sur-Mer
35,257,Maen Roch
35,258,Saint-Brieuc-des-Iffs
35,259,Saint-Broladre
35,260,Saint-Christophe-des-Bois
35,261,Saint-Christophe-de-Valains
35,262,Sainte-Colombe
35,263,Saint-Coulomb
35,264,Saint-Didier
35,265,Saint-Domineuc
35,266,Saint-Erblon
35,268,Saint-Ganton
35,270,Saint-Georges-de-Gréhaigne
35,271,Saint-Georges-de-Reintembault
35,272,Saint-Germain-du-Pinel
35,273,Saint-Germain-en-Coglès
35,274,Saint-Germain-sur-Ille
35,275,Saint-Gilles
35,276,Saint-Gondran
35,277,Saint-Gonlay
35,278,Saint-Grégoire
35,279,Saint-Guinoux
35,280,Saint-Hilaire-des-Landes
35,281,Saint-Jacques-de-la-Lande
35,282,Rives-du-Couesnon
35,283,Saint-Jean-sur-Vilaine
35,284,Saint-Jouan-des-Guérets
35,285,Saint-Just
35,286,Saint-Léger-des-Prés
35,287,Saint-Lunaire
35,288,Saint-Malo
35,289,Saint-Malo-de-Phily
35,290,Saint-Malon-sur-Mel
35,291,Saint-Marcan
35,292,Saint-Marc-le-Blanc
35,294,Sainte-Marie
35,295,Saint-Maugan
35,296,Saint-Médard-sur-Ille
35,297,Saint-Méen-le-Grand
35,299,Saint-Méloir-des-Ondes
35,300,Saint-M'Hervé
35,302,Saint-Onen-la-Chapelle
35,304,Saint-Ouen-des-Alleux
35,305,Saint-Péran
35,306,Saint-Père-Marc-en-Poulet
35,307,Saint-Pern
35,308,Mesnil-Roc'h
35,309,Saint-Rémy-du-Plain
35,310,Saint-Sauveur-des-Landes
35,311,Saint-Séglin
35,312,Saint-Senoux
35,314,Saint-Suliac
35,315,Saint-Sulpice-la-Forêt
35,316,Saint-Sulpice-des-Landes
35,317,Saint-Symphorien
35,318,Saint-Thual
35,319,Saint-Thurial
35,320,Saint-Uniac
35,321,Saulnières
35,322,Le Sel-de-Bretagne
35,324,La Selle-en-Luitré
35,325,La Selle-Guerchaise
35,326,Sens-de-Bretagne
35,327,Servon-sur-Vilaine
35,328,Sixt-sur-Aff
35,329,Sougeal
35,330,Taillis
35,331,Talensac
35,332,Teillay
35,333,Le Theil-de-Bretagne
35,334,Thorigné-Fouillard
35,335,Thourie
35,336,Le Tiercent
35,337,Tinténiac
35,338,Torcé
35,339,Trans-la-Forêt
35,340,Treffendel
35,342,Trémeheuc
35,343,Tresbœuf
35,345,Trévérien
35,346,Trimer
35,347,Val-d'Izé
35,350,Vergéal
35,351,Le Verger
35,352,Vern-sur-Seiche
35,353,Vezin-le-Coquet
35,354,Vieux-Viel
35,355,Vieux-Vy-sur-Couesnon
35,356,Vignoc
35,357,Villamée
35,358,La Ville-ès-Nonais
35,359,Visseiche
35,360,Vitré
35,361,Le Vivier-sur-Mer
35,362,Le Tronchet
35,363,Pont-Péan
36,001,Aigurande
36,002,Aize
36,003,Ambrault
36,004,Anjouin
36,005,Ardentes
36,006,Argenton-sur-Creuse
36,007,Argy
36,008,Arpheuilles
36,009,Arthon
36,010,Azay-le-Ferron
36,011,Bagneux
36,012,Baraize
36,013,Baudres
36,014,Bazaiges
36,015,Beaulieu
36,016,Bélâbre
36,017,La Berthenoux
36,018,Le Blanc
36,019,Bommiers
36,020,Bonneuil
36,021,Les Bordes
36,022,Bouesse
36,023,Bouges-le-Château
36,024,Bretagne
36,025,Briantes
36,026,Brion
36,027,Brives
36,028,La Buxerette
36,029,Buxeuil
36,030,Buxières-d'Aillac
36,031,Buzançais
36,032,Ceaulmont
36,033,Celon
36,034,Chabris
36,035,Chaillac
36,036,Chalais
36,037,La Champenoise
36,038,Champillet
36,040,La Chapelle-Orthemale
36,041,La Chapelle-Saint-Laurian
36,042,Chasseneuil
36,043,Chassignolles
36,044,Châteauroux
36,045,Châtillon-sur-Indre
36,046,La Châtre
36,047,La Châtre-Langlin
36,048,Chavin
36,049,Chazelet
36,050,Chezelles
36,051,Chitray
36,052,Chouday
36,053,Ciron
36,054,Cléré-du-Bois
36,055,Clion
36,056,Cluis
36,057,Coings
36,058,Concremiers
36,059,Condé
36,060,Crevant
36,061,Crozon-sur-Vauvre
36,062,Cuzion
36,063,Déols
36,064,Diors
36,065,Diou
36,066,Douadic
36,067,Dunet
36,068,Dun-le-Poëlier
36,069,Écueillé
36,070,Éguzon-Chantôme
36,071,Étrechet
36,073,Feusines
36,074,Fléré-la-Rivière
36,075,Fontenay
36,076,Fontgombault
36,077,Fontguenand
36,078,Fougerolles
36,079,Francillon
36,080,Frédille
36,081,Gargilesse-Dampierre
36,082,Gehée
36,083,Giroux
36,084,Gournay
36,085,Guilly
36,086,Heugnes
36,087,Ingrandes
36,088,Issoudun
36,089,Jeu-les-Bois
36,090,Jeu-Maloches
36,091,Lacs
36,092,Langé
36,093,Levroux
36,094,Lignac
36,095,Lignerolles
36,096,Lingé
36,097,Liniez
36,098,Lizeray
36,099,Lourdoueix-Saint-Michel
36,100,Lourouer-Saint-Laurent
36,101,Luant
36,102,Luçay-le-Libre
36,103,Luçay-le-Mâle
36,104,Lurais
36,105,Lureuil
36,106,Luzeret
36,107,Lye
36,108,Lys-Saint-Georges
36,109,Le Magny
36,110,Maillet
36,111,Malicornay
36,112,Mâron
36,113,Martizay
36,114,Mauvières
36,115,Menetou-sur-Nahon
36,116,Ménétréols-sous-Vatan
36,117,Le Menoux
36,118,Méobecq
36,119,Mérigny
36,120,Mers-sur-Indre
36,121,Meunet-Planches
36,122,Meunet-sur-Vatan
36,123,Mézières-en-Brenne
36,124,Migné
36,125,Migny
36,126,Montchevrier
36,127,Montgivray
36,128,Montierchaume
36,129,Montipouret
36,130,Montlevicq
36,131,Mosnay
36,132,La Motte-Feuilly
36,133,Mouhers
36,134,Mouhet
36,135,Moulins-sur-Céphons
36,136,Murs
36,137,Néons-sur-Creuse
36,138,Néret
36,139,Neuillay-les-Bois
36,140,Neuvy-Pailloux
36,141,Neuvy-Saint-Sépulchre
36,142,Niherne
36,143,Nohant-Vic
36,144,Nuret-le-Ferron
36,145,Obterre
36,146,Orsennes
36,147,Orville
36,148,Oulches
36,149,Palluau-sur-Indre
36,150,Parnac
36,152,Paudy
36,153,Paulnay
36,154,Le Pêchereau
36,155,Pellevoisin
36,156,Pérassay
36,157,La Pérouille
36,158,Badecon-le-Pin
36,159,Le Poinçonnet
36,160,Pommiers
36,161,Le Pont-Chrétien-Chabenet
36,162,Poulaines
36,163,Pouligny-Notre-Dame
36,164,Pouligny-Saint-Martin
36,165,Pouligny-Saint-Pierre
36,166,Préaux
36,167,Preuilly-la-Ville
36,168,Prissac
36,169,Pruniers
36,170,Reboursin
36,171,Reuilly
36,172,Rivarennes
36,173,Rosnay
36,174,Roussines
36,175,Rouvres-les-Bois
36,176,Ruffec
36,177,Sacierges-Saint-Martin
36,178,Saint-Aigny
36,179,Saint-Aoustrille
36,180,Saint-Août
36,181,Saint-Aubin
36,182,Saint-Benoît-du-Sault
36,184,Saint-Chartier
36,185,Saint-Christophe-en-Bazelle
36,186,Saint-Christophe-en-Boucherie
36,187,Saint-Civran
36,188,Saint-Cyran-du-Jambot
36,189,Saint-Denis-de-Jouhet
36,190,Sainte-Fauste
36,191,Saint-Florentin
36,192,Saint-Gaultier
36,193,Sainte-Gemme
36,194,Saint-Genou
36,195,Saint-Georges-sur-Arnon
36,196,Saint-Gilles
36,197,Saint-Hilaire-sur-Benaize
36,198,Saint-Lactencin
36,199,Sainte-Lizaigne
36,200,Saint-Marcel
36,202,Saint-Maur
36,203,Saint-Médard
36,204,Saint-Michel-en-Brenne
36,205,Saint-Pierre-de-Jards
36,207,Saint-Plantaire
36,208,Sainte-Sévère-sur-Indre
36,209,Saint-Valentin
36,210,Sarzay
36,211,Sassierges-Saint-Germain
36,212,Saulnay
36,213,Sauzelles
36,214,Sazeray
36,215,Ségry
36,216,Selles-sur-Nahon
36,217,Sembleçay
36,218,Sougé
36,219,Tendu
36,220,Thenay
36,221,Thevet-Saint-Julien
36,222,Thizay
36,223,Tilly
36,224,Tournon-Saint-Martin
36,225,Le Tranger
36,226,Tranzault
36,227,Urciers
36,228,Valençay
36,229,Val-Fouzon
36,230,Vatan
36,231,Velles
36,232,Vendœuvres
36,233,La Vernelle
36,234,Verneuil-sur-Igneraie
36,235,Veuil
36,236,Vicq-Exemplet
36,237,Vicq-sur-Nahon
36,238,Vigoulant
36,239,Vigoux
36,240,Vijon
36,241,Villedieu-sur-Indre
36,242,Villegongis
36,243,Villegouin
36,244,Villentrois-Faverolles-en-Berry
36,246,Villiers
36,247,Vineuil
36,248,Vouillon
37,001,Abilly
37,002,Ambillou
37,003,Amboise
37,004,Anché
37,005,Antogny-le-Tillac
37,006,Artannes-sur-Indre
37,007,Assay
37,008,Athée-sur-Cher
37,009,Autrèche
37,010,Auzouer-en-Touraine
37,011,Avoine
37,012,Avon-les-Roches
37,013,Avrillé-les-Ponceaux
37,014,Azay-le-Rideau
37,015,Azay-sur-Cher
37,016,Azay-sur-Indre
37,018,Ballan-Miré
37,019,Barrou
37,020,Beaulieu-lès-Loches
37,021,Beaumont-Louestault
37,022,Beaumont-en-Véron
37,023,Beaumont-Village
37,024,Benais
37,025,Berthenay
37,026,Betz-le-Château
37,027,Bléré
37,028,Bossay-sur-Claise
37,029,Bossée
37,030,Le Boulay
37,031,Bourgueil
37,032,Bournan
37,033,Boussay
37,034,Braslou
37,035,Braye-sous-Faye
37,036,Braye-sur-Maulne
37,037,Brèches
37,038,Bréhémont
37,039,Bridoré
37,040,Brizay
37,041,Bueil-en-Touraine
37,042,Candes-Saint-Martin
37,043,Cangey
37,044,La Celle-Guenand
37,045,La Celle-Saint-Avant
37,046,Céré-la-Ronde
37,047,Cerelles
37,048,Chambon
37,049,Chambourg-sur-Indre
37,050,Chambray-lès-Tours
37,051,Champigny-sur-Veude
37,052,Chançay
37,053,Chanceaux-près-Loches
37,054,Chanceaux-sur-Choisille
37,055,Channay-sur-Lathan
37,056,La Chapelle-aux-Naux
37,057,La Chapelle-Blanche-Saint-Martin
37,058,La Chapelle-sur-Loire
37,059,Charentilly
37,060,Chargé
37,061,Charnizay
37,062,Château-la-Vallière
37,063,Château-Renault
37,064,Chaumussay
37,065,Chaveignes
37,066,Chédigny
37,067,Cheillé
37,068,Chemillé-sur-Dême
37,069,Chemillé-sur-Indrois
37,070,Chenonceaux
37,071,Chezelles
37,072,Chinon
37,073,Chisseaux
37,074,Chouzé-sur-Loire
37,075,Cigogné
37,076,Cinais
37,077,Cinq-Mars-la-Pile
37,078,Ciran
37,079,Civray-de-Touraine
37,080,Civray-sur-Esves
37,081,Cléré-les-Pins
37,082,Continvoir
37,083,Cormery
37,084,Couesmes
37,085,Courçay
37,086,Courcelles-de-Touraine
37,087,Courcoué
37,088,Couziers
37,089,Cravant-les-Côteaux
37,090,Crissay-sur-Manse
37,091,La Croix-en-Touraine
37,092,Crotelles
37,093,Crouzilles
37,094,Cussay
37,095,Dame-Marie-les-Bois
37,096,Dierre
37,097,Dolus-le-Sec
37,098,Draché
37,099,Druye
37,100,Épeigné-les-Bois
37,101,Épeigné-sur-Dême
37,103,Esves-le-Moutier
37,104,Esvres
37,105,Faye-la-Vineuse
37,106,La Ferrière
37,107,Ferrière-Larçon
37,108,Ferrière-sur-Beaulieu
37,109,Fondettes
37,110,Francueil
37,111,Genillé
37,112,Gizeux
37,113,Le Grand-Pressigny
37,114,La Guerche
37,115,Descartes
37,116,Les Hermites
37,117,Hommes
37,118,Huismes
37,119,L'Île-Bouchard
37,121,Jaulnay
37,122,Joué-lès-Tours
37,123,Langeais
37,124,Larçay
37,125,Lémeré
37,126,Lerné
37,127,Le Liège
37,128,Lignières-de-Touraine
37,129,Ligré
37,130,Ligueil
37,131,Limeray
37,132,Loches
37,133,Loché-sur-Indrois
37,134,Louans
37,136,Le Louroux
37,137,Lublé
37,138,Lussault-sur-Loire
37,139,Luynes
37,140,Luzé
37,141,Luzillé
37,142,Maillé
37,143,Manthelan
37,144,Marçay
37,145,Marcé-sur-Esves
37,146,Marcilly-sur-Maulne
37,147,Marcilly-sur-Vienne
37,148,Marigny-Marmande
37,149,Marray
37,150,Mazières-de-Touraine
37,151,La Membrolle-sur-Choisille
37,152,Mettray
37,153,Monnaie
37,154,Montbazon
37,155,Monthodon
37,156,Montlouis-sur-Loire
37,157,Montrésor
37,158,Montreuil-en-Touraine
37,159,Monts
37,160,Morand
37,161,Mosnes
37,162,Mouzay
37,163,Nazelles-Négron
37,165,Neuil
37,166,Neuillé-le-Lierre
37,167,Neuillé-Pont-Pierre
37,168,Neuilly-le-Brignon
37,169,Neuville-sur-Brenne
37,170,Neuvy-le-Roi
37,171,Noizay
37,172,Notre-Dame-d'Oé
37,173,Nouans-les-Fontaines
37,174,Nouâtre
37,175,Nouzilly
37,176,Noyant-de-Touraine
37,177,Orbigny
37,178,Panzoult
37,179,Parçay-Meslay
37,180,Parçay-sur-Vienne
37,181,Paulmy
37,182,Pernay
37,183,Perrusson
37,184,Le Petit-Pressigny
37,185,Pocé-sur-Cisse
37,186,Pont-de-Ruan
37,187,Ports-sur-Vienne
37,188,Pouzay
37,189,Preuilly-sur-Claise
37,190,Pussigny
37,191,Razines
37,192,Reignac-sur-Indre
37,193,Restigné
37,194,Reugny
37,195,La Riche
37,196,Richelieu
37,197,Rigny-Ussé
37,198,Rillé
37,199,Rilly-sur-Vienne
37,200,Rivarennes
37,201,Rivière
37,202,La Roche-Clermault
37,203,Rochecorbon
37,204,Rouziers-de-Touraine
37,205,Saché
37,206,Saint-Antoine-du-Rocher
37,207,Saint-Aubin-le-Dépeint
37,208,Saint-Avertin
37,210,Saint-Benoît-la-Forêt
37,211,Saint-Branchs
37,212,Sainte-Catherine-de-Fierbois
37,213,Saint-Christophe-sur-le-Nais
37,214,Saint-Cyr-sur-Loire
37,216,Saint-Épain
37,217,Saint-Étienne-de-Chigny
37,218,Saint-Flovier
37,219,Saint-Genouph
37,220,Saint-Germain-sur-Vienne
37,221,Saint-Hippolyte
37,222,Saint-Jean-Saint-Germain
37,223,Saint-Laurent-de-Lin
37,224,Saint-Laurent-en-Gâtines
37,225,Saint-Martin-le-Beau
37,226,Sainte-Maure-de-Touraine
37,228,Saint-Nicolas-de-Bourgueil
37,229,Saint-Nicolas-des-Motets
37,230,Saint-Ouen-les-Vignes
37,231,Saint-Paterne-Racan
37,232,Coteaux-sur-Loire
37,233,Saint-Pierre-des-Corps
37,234,Saint-Quentin-sur-Indrois
37,236,Saint-Règle
37,237,Saint-Roch
37,238,Saint-Senoch
37,240,Saunay
37,241,Savigné-sur-Lathan
37,242,Savigny-en-Véron
37,243,Savonnières
37,244,Sazilly
37,245,Semblançay
37,246,Sennevières
37,247,Sepmes
37,248,Seuilly
37,249,Sonzay
37,250,Sorigny
37,251,Souvigné
37,252,Souvigny-de-Touraine
37,253,Sublaines
37,254,Tauxigny-Saint-Bauld
37,255,Tavant
37,256,Theneuil
37,257,Thilouze
37,258,Thizay
37,259,Tournon-Saint-Pierre
37,260,La Tour-Saint-Gelin
37,261,Tours
37,262,Trogues
37,263,Truyes
37,264,Vallères
37,265,Varennes
37,266,Veigné
37,267,Véretz
37,268,Verneuil-le-Château
37,269,Verneuil-sur-Indre
37,270,Vernou-sur-Brenne
37,271,Villaines-les-Rochers
37,272,Villandry
37,273,La Ville-aux-Dames
37,274,Villebourg
37,275,Villedômain
37,276,Villedômer
37,277,Villeloin-Coulangé
37,278,Villeperdue
37,279,Villiers-au-Bouin
37,280,Vou
37,281,Vouvray
37,282,Yzeures-sur-Creuse
38,001,Les Abrets en Dauphiné
38,002,Les Adrets
38,003,Agnin
38,004,L'Albenc
38,005,Allemond
38,006,Allevard
38,008,Ambel
38,009,Anjou
38,010,Annoisin-Chatelans
38,011,Anthon
38,012,Aoste
38,013,Apprieu
38,015,Artas
38,017,Assieu
38,018,Auberives-en-Royans
38,019,Auberives-sur-Varèze
38,020,Auris
38,022,Les Avenières Veyrins-Thuellin
38,023,Avignonet
38,026,La Balme-les-Grottes
38,027,Barraux
38,029,La Bâtie-Montgascon
38,030,Beaucroissant
38,031,Beaufin
38,032,Beaufort
38,033,Beaulieu
38,034,Beaurepaire
38,035,Beauvoir-de-Marc
38,036,Beauvoir-en-Royans
38,037,Bellegarde-Poussieu
38,038,Belmont
38,039,Bernin
38,040,Besse
38,041,Bessins
38,042,Bévenais
38,043,Bilieu
38,044,Biol
38,045,Biviers
38,046,Bizonnes
38,047,Blandin
38,048,Bonnefamille
38,049,Bossieu
38,050,Le Bouchage
38,051,Bougé-Chambalud
38,052,Le Bourg-d'Oisans
38,053,Bourgoin-Jallieu
38,054,Bouvesse-Quirieu
38,055,Brangues
38,056,Bressieux
38,057,Bresson
38,058,Brézins
38,059,Brié-et-Angonnes
38,060,Brion
38,061,La Buisse
38,062,La Buissière
38,063,Burcin
38,064,Cessieu
38,065,Châbons
38,066,Chalon
38,067,Chamagnieu
38,068,Champagnier
38,069,Champier
38,070,Le Champ-près-Froges
38,071,Champ-sur-Drac
38,072,Chanas
38,073,Chantepérier
38,074,Chantesse
38,075,Chapareillan
38,076,La Chapelle-de-la-Tour
38,077,La Chapelle-de-Surieu
38,078,La Chapelle-du-Bard
38,080,Charancieu
38,081,Charantonnay
38,082,Charavines
38,083,Charette
38,084,Charnècles
38,085,Charvieu-Chavagneux
38,086,Chasselay
38,087,Chasse-sur-Rhône
38,089,Chassignieu
38,090,Château-Bernard
38,091,Châteauvilain
38,092,Châtelus
38,093,Châtenay
38,094,Châtonnay
38,095,Chatte
38,097,Chavanoz
38,098,Chélieu
38,099,Chevrières
38,100,Le Cheylas
38,101,Cheyssieu
38,102,Chèzeneuve
38,103,Chichilianne
38,104,Chimilin
38,105,Chirens
38,106,Cholonge
38,107,Chonas-l'Amballan
38,108,Choranche
38,109,Chozeau
38,110,Chuzelles
38,111,Claix
38,112,Clavans-en-Haut-Oisans
38,113,Clelles
38,114,Clonas-sur-Varèze
38,115,Saint-Martin-de-la-Cluze
38,116,Cognet
38,117,Cognin-les-Gorges
38,118,Colombe
38,120,La Combe-de-Lancey
38,124,Corbelin
38,126,Corenc
38,127,Cornillon-en-Trièves
38,128,Corps
38,129,Corrençon-en-Vercors
38,130,La Côte-Saint-André
38,131,Les Côtes-d'Arey
38,132,Les Côtes-de-Corps
38,133,Coublevie
38,134,Cour-et-Buis
38,135,Courtenay
38,136,Crachier
38,137,Cras
38,138,Crémieu
38,139,Creys-Mépieu
38,140,Crolles
38,141,Culin
38,144,Diémoz
38,146,Dizimieu
38,147,Doissin
38,148,Dolomieu
38,149,Domarin
38,150,Domène
38,151,Échirolles
38,152,Eclose-Badinières
38,153,Engins
38,154,Entraigues
38,155,Entre-deux-Guiers
38,156,Les Éparres
38,157,Estrablin
38,158,Eybens
38,159,Eydoche
38,160,Eyzin-Pinet
38,161,Faramans
38,162,Faverges-de-la-Tour
38,163,Le Haut-Bréda
38,166,La Flachère
38,167,Flachères
38,169,Fontaine
38,170,Fontanil-Cornillon
38,171,La Forteresse
38,172,Four
38,173,Le Freney-d'Oisans
38,174,La Frette
38,175,Froges
38,176,Frontonas
38,177,La Garde
38,179,Gières
38,180,Gillonnay
38,181,Goncelin
38,182,Le Grand-Lemps
38,183,Granieu
38,184,Grenay
38,185,Grenoble
38,186,Gresse-en-Vercors
38,187,Le Gua
38,188,Herbeys
38,189,Heyrieux
38,190,Hières-sur-Amby
38,191,Huez
38,192,Hurtières
38,193,L'Isle-d'Abeau
38,194,Izeaux
38,195,Izeron
38,197,Janneyrias
38,198,Jarcieu
38,199,Jardin
38,200,Jarrie
38,203,Laffrey
38,204,Lalley
38,205,Lans-en-Vercors
38,206,Laval-en-Belledonne
38,207,Lavaldens
38,208,Lavars
38,209,Lentiol
38,210,Leyrieu
38,211,Lieudieu
38,212,Livet-et-Gavet
38,213,Longechenal
38,214,Lumbin
38,215,Luzinay
38,216,Malleval-en-Vercors
38,217,Marcieu
38,218,Marcilloles
38,219,Marcollin
38,221,Marnans
38,222,Massieu
38,223,Maubec
38,224,Mayres-Savel
38,225,Autrans-Méaudre en Vercors
38,226,Mens
38,228,Merlas
38,229,Meylan
38,230,Meyrié
38,231,Meyrieu-les-Étangs
38,232,Meyssiez
38,235,Miribel-Lanchâtre
38,236,Miribel-les-Échelles
38,237,Mizoën
38,238,Moidieu-Détourbe
38,239,Moirans
38,240,Moissieu-sur-Dolon
38,241,Monestier-d'Ambel
38,242,Monestier-de-Clermont
38,243,Monestier-du-Percy
38,244,Monsteroux-Milieu
38,245,Montagne
38,246,Montagnieu
38,247,Montalieu-Vercieu
38,248,Montaud
38,249,Montbonnot-Saint-Martin
38,250,Montcarra
38,252,Montchaboud
38,253,Les Deux Alpes
38,254,Monteynard
38,255,Montfalcon
38,256,Montferrat
38,257,Montrevel
38,258,Mont-Saint-Martin
38,259,Montseveroux
38,260,Moras
38,261,Morestel
38,263,Morette
38,264,La Morte
38,265,La Motte-d'Aveillans
38,266,La Motte-Saint-Martin
38,267,Mottier
38,268,Le Moutaret
38,269,La Mure
38,270,La Murette
38,271,Murianette
38,272,Murinais
38,273,Nantes-en-Ratier
38,275,Serre-Nerpol
38,276,Nivolas-Vermelle
38,277,Notre-Dame-de-Commiers
38,278,Notre-Dame-de-l'Osier
38,279,Notre-Dame-de-Mésage
38,280,Notre-Dame-de-Vaulx
38,281,Noyarey
38,282,Optevoz
38,283,Oris-en-Rattier
38,284,Ornacieux-Balbins
38,285,Ornon
38,286,Oulles
38,287,Oyeu
38,288,Oytier-Saint-Oblas
38,289,Oz
38,290,Pact
38,291,Pajay
38,292,Villages du Lac de Paladru
38,294,Panossas
38,295,Parmilieu
38,296,Le Passage
38,297,Arandon-Passins
38,298,Le Péage-de-Roussillon
38,299,Pellafol
38,300,Penol
38,301,Le Percy
38,303,La Pierre
38,304,Pierre-Châtel
38,307,Pisieu
38,308,Plan
38,309,Poisat
38,310,Poliénas
38,311,Pommier-de-Beaurepaire
38,313,Ponsonnas
38,314,Pontcharra
38,315,Le Pont-de-Beauvoisin
38,316,Pont-de-Chéruy
38,317,Le Pont-de-Claix
38,318,Pont-Évêque
38,319,Pont-en-Royans
38,320,Porcieu-Amblagnieu
38,321,Prébois
38,322,Presles
38,323,Pressins
38,324,Primarette
38,325,Proveysieux
38,326,Prunières
38,328,Quaix-en-Chartreuse
38,329,Quet-en-Beaumont
38,330,Quincieu
38,331,Réaumont
38,332,Renage
38,333,Rencurel
38,334,Revel
38,335,Revel-Tourdan
38,336,Reventin-Vaugris
38,337,Rives
38,338,La Rivière
38,339,Roche
38,340,Les Roches-de-Condrieu
38,341,Rochetoirin
38,342,Roissard
38,343,Romagnieu
38,344,Roussillon
38,345,Rovon
38,346,Royas
38,347,Roybon
38,348,Ruy-Montceau
38,349,Sablons
38,350,Sainte-Agnès
38,351,Saint-Agnin-sur-Bion
38,352,Saint-Alban-de-Roche
38,353,Saint-Alban-du-Rhône
38,354,Saint-Albin-de-Vaulserre
38,355,Saint-Andéol
38,356,Saint-André-en-Royans
38,357,Saint-André-le-Gaz
38,358,Sainte-Anne-sur-Gervonde
38,359,Saint Antoine l'Abbaye
38,360,Saint-Appolinard
38,361,Saint-Arey
38,362,Saint-Aupre
38,363,Saint-Barthélemy
38,364,Saint-Barthélemy-de-Séchilienne
38,365,Saint-Baudille-de-la-Tour
38,366,Saint-Baudille-et-Pipet
38,368,Saint-Blaise-du-Buis
38,369,Sainte-Blandine
38,370,Saint-Bonnet-de-Chavagne
38,372,Saint-Bueil
38,373,Saint-Cassien
38,374,Saint-Chef
38,375,Saint-Christophe-en-Oisans
38,376,Saint-Christophe-sur-Guiers
38,377,Saint-Clair-de-la-Tour
38,378,Saint-Clair-du-Rhône
38,379,Saint-Clair-sur-Galaure
38,380,Saint-Didier-de-Bizonnes
38,381,Saint-Didier-de-la-Tour
38,382,Saint-Égrève
38,383,Saint-Étienne-de-Crossey
38,384,Saint-Étienne-de-Saint-Geoirs
38,386,Saint-Geoire-en-Valdaine
38,387,Saint-Geoirs
38,388,Saint-Georges-de-Commiers
38,389,Saint-Georges-d'Espéranche
38,390,Saint-Gervais
38,391,Saint-Guillaume
38,392,Saint-Hilaire-de-Brens
38,393,Saint-Hilaire-de-la-Côte
38,394,Saint-Hilaire-du-Rosier
38,395,Plateau-des-Petites-Roches
38,396,Saint-Honoré
38,397,Saint-Ismier
38,398,Saint-Jean-d'Avelanne
38,399,Saint-Jean-de-Bournay
38,400,Saint-Jean-de-Moirans
38,401,Saint-Jean-de-Soudain
38,402,Saint-Jean-de-Vaulx
38,403,Saint-Jean-d'Hérans
38,404,Saint-Jean-le-Vieux
38,405,Saint-Joseph-de-Rivière
38,406,Saint-Julien-de-l'Herms
38,407,La Sure en Chartreuse
38,408,Saint-Just-Chaleyssin
38,409,Saint-Just-de-Claix
38,410,Saint-Lattier
38,412,Saint-Laurent-du-Pont
38,413,Saint-Laurent-en-Beaumont
38,414,Sainte-Luce
38,415,Saint-Marcel-Bel-Accueil
38,416,Saint-Marcellin
38,417,Sainte-Marie-d'Alloix
38,418,Sainte-Marie-du-Mont
38,419,Saint-Martin-de-Clelles
38,420,Saint-Martin-de-Vaulserre
38,421,Saint-Martin-d'Hères
38,422,Saint-Martin-d'Uriage
38,423,Saint-Martin-le-Vinoux
38,424,Saint-Maurice-en-Trièves
38,425,Saint-Maurice-l'Exil
38,426,Saint-Maximin
38,427,Saint-Michel-de-Saint-Geoirs
38,428,Saint-Michel-en-Beaumont
38,429,Saint-Michel-les-Portes
38,430,Saint-Mury-Monteymond
38,431,Saint-Nazaire-les-Eymes
38,432,Saint-Nicolas-de-Macherin
38,433,Saint-Nizier-du-Moucherotte
38,434,Saint-Ondras
38,436,Saint-Paul-de-Varces
38,437,Saint-Paul-d'Izeaux
38,438,Saint-Paul-lès-Monestier
38,439,Crêts en Belledonne
38,440,Saint-Pierre-de-Bressieux
38,442,Saint-Pierre-de-Chartreuse
38,443,Saint-Pierre-de-Chérennes
38,444,Saint-Pierre-de-Méaroz
38,445,Saint-Pierre-de-Mésage
38,446,Saint-Pierre-d'Entremont
38,448,Saint-Prim
38,449,Saint-Quentin-Fallavier
38,450,Saint-Quentin-sur-Isère
38,451,Saint-Romain-de-Jalionas
38,452,Saint-Romain-de-Surieu
38,453,Saint-Romans
38,454,Saint-Sauveur
38,455,Saint-Savin
38,456,Châtel-en-Trièves
38,457,Saint-Siméon-de-Bressieux
38,458,Saint-Sorlin-de-Morestel
38,459,Saint-Sorlin-de-Vienne
38,460,Saint-Sulpice-des-Rivoires
38,462,Saint-Théoffrey
38,463,Saint-Vérand
38,464,Saint-Victor-de-Cessieu
38,465,Saint-Victor-de-Morestel
38,466,Saint-Vincent-de-Mercuze
38,467,Salagnon
38,468,Salaise-sur-Sanne
38,469,La Salette-Fallavaux
38,470,La Salle-en-Beaumont
38,471,Le Sappey-en-Chartreuse
38,472,Sarcenas
38,473,Sardieu
38,474,Sassenage
38,475,Satolas-et-Bonce
38,476,Savas-Mépin
38,478,Séchilienne
38,479,Porte-des-Bonnevaux
38,480,Septème
38,481,Sérézin-de-la-Tour
38,483,Sermérieu
38,484,Serpaize
38,485,Seyssinet-Pariset
38,486,Seyssins
38,487,Seyssuel
38,488,Siccieu-Saint-Julien-et-Carisieu
38,489,Siévoz
38,490,Sillans
38,492,Sinard
38,494,Soleymieu
38,495,La Sône
38,496,Sonnay
38,497,Sousville
38,498,Succieu
38,499,Susville
38,500,Têche
38,501,Tencin
38,503,La Terrasse
38,504,Theys
38,505,Thodure
38,507,Tignieu-Jameyzieu
38,508,Torchefelon
38,509,La Tour-du-Pin
38,511,Le Touvet
38,512,Tramolé
38,513,Treffort
38,514,Tréminis
38,515,Trept
38,516,La Tronche
38,517,Tullins
38,518,Valbonnais
38,519,Valencin
38,520,Valencogne
38,521,La Valette
38,522,Valjouffrey
38,523,Varacieux
38,524,Varces-Allières-et-Risset
38,525,Vasselin
38,526,Vatilieu
38,527,Vaujany
38,528,Vaulnaveys-le-Bas
38,529,Vaulnaveys-le-Haut
38,530,Vaulx-Milieu
38,531,Velanne
38,532,Vénérieu
38,533,Venon
38,535,Vernas
38,536,Vernioz
38,537,La Verpillière
38,538,Le Versoud
38,539,Vertrieu
38,540,Veurey-Voroize
38,542,Veyssilieu
38,543,Vézeronce-Curtin
38,544,Vienne
38,545,Vif
38,546,Vignieu
38,547,Villard-Bonnot
38,548,Villard-de-Lans
38,549,Villard-Notre-Dame
38,550,Villard-Reculas
38,551,Villard-Reymond
38,552,Villard-Saint-Christophe
38,553,Villefontaine
38,554,Villemoirieu
38,555,Villeneuve-de-Marc
38,556,Ville-sous-Anjou
38,557,Villette-d'Anthon
38,558,Villette-de-Vienne
38,559,Vinay
38,560,Val-de-Virieu
38,561,Viriville
38,562,Vizille
38,563,Voiron
38,564,Voissant
38,565,Voreppe
38,566,Vourey
38,567,Chamrousse
39,001,Abergement-la-Ronce
39,002,Abergement-le-Grand
39,003,Abergement-le-Petit
39,004,Abergement-lès-Thésy
39,006,Aiglepierre
39,007,Alièze
39,008,Amange
39,009,Andelot-en-Montagne
39,010,Andelot-Morval
39,011,Annoire
39,013,Arbois
39,014,Archelange
39,015,Ardon
39,016,Arinthod
39,017,Arlay
39,018,Aromas
39,019,Les Arsures
39,020,Arsure-Arsurette
39,021,La Chailleuse
39,022,Asnans-Beauvoisin
39,024,Audelange
39,025,Augea
39,026,Augerans
39,027,Augisey
39,028,Aumont
39,029,Aumur
39,030,Authume
39,031,Auxange
39,032,Avignon-lès-Saint-Claude
39,034,Balaiseaux
39,035,Balanod
39,037,Bans
39,038,Barésia-sur-l'Ain
39,039,La Barre
39,040,Barretaine
39,041,Baume-les-Messieurs
39,042,Baverans
39,043,Beaufort-Orbagna
39,045,Beffia
39,046,Bellecombe
39,047,Bellefontaine
39,048,Belmont
39,049,Bersaillin
39,050,Besain
39,051,Biarne
39,052,Bief-des-Maisons
39,053,Bief-du-Fourg
39,054,Biefmorin
39,055,Billecul
39,056,Bletterans
39,057,Blois-sur-Seille
39,058,Blye
39,059,Bois-d'Amont
39,060,Bois-de-Gand
39,061,Boissia
39,062,La Boissière
39,063,Bonlieu
39,065,Bonnefontaine
39,066,Bornay
39,068,Les Bouchoux
39,070,Bourg-de-Sirod
39,072,Bracon
39,073,Brainans
39,074,Brans
39,076,La Bretenière
39,077,Bretenières
39,078,Brevans
39,079,Briod
39,080,Broissia
39,081,Buvilly
39,083,Censeau
39,084,Cernans
39,085,Cerniébaud
39,086,Cernon
39,088,Cesancey
39,090,Chaînée-des-Coupis
39,091,Les Chalesmes
39,092,Chambéria
39,093,Chamblay
39,094,Chamole
39,095,Champagne-sur-Loue
39,096,Champagney
39,097,Champagnole
39,099,Champdivers
39,100,Champrougier
39,101,Champvans
39,102,Chancia
39,103,La Chapelle-sur-Furieuse
39,104,Chapelle-Voland
39,105,Chapois
39,106,Charchilla
39,107,Charcier
39,108,Charency
39,109,Charézier
39,110,La Charme
39,111,Charnod
39,112,La Chassagne
39,114,Château-Chalon
39,116,La Châtelaine
39,117,Chatelay
39,118,Châtel-de-Joux
39,119,Le Chateley
39,120,Châtelneuf
39,121,Châtenois
39,122,Châtillon
39,124,Chaumergy
39,126,La Chaumusse
39,127,Chaussenans
39,128,Chaussin
39,129,Chaux-des-Crotenay
39,130,Nanchez
39,131,La Chaux-du-Dombief
39,132,La Chaux-en-Bresse
39,133,Chaux-Champagny
39,134,Chavéria
39,136,Chemenot
39,137,Saint-Hymetière-sur-Valouse
39,138,Chemin
39,139,Chêne-Bernard
39,140,Chêne-Sec
39,141,Chevigny
39,142,Chevreaux
39,143,Chevrotaine
39,145,Chille
39,146,Chilly-le-Vignoble
39,147,Chilly-sur-Salins
39,149,Chissey-sur-Loue
39,150,Choisey
39,151,Choux
39,153,Cize
39,154,Clairvaux-les-Lacs
39,155,Clucy
39,156,Cogna
39,157,Coiserette
39,159,Colonne
39,160,Commenailles
39,162,Condamine
39,163,Condes
39,164,Conliège
39,165,Conte
39,166,Cornod
39,167,Cosges
39,168,Courbette
39,169,Courbouzon
39,170,Courlans
39,171,Courlaoux
39,172,Courtefontaine
39,173,Cousance
39,174,Coyrière
39,175,Coyron
39,176,Cramans
39,177,Hauteroche
39,178,Crans
39,179,Crenans
39,180,Cressia
39,182,Crissey
39,183,Crotenay
39,184,Les Crozets
39,185,Cuisia
39,187,Cuvier
39,188,Dammartin-Marpain
39,189,Damparis
39,190,Dampierre
39,191,Darbonnay
39,192,Denezières
39,193,Le Deschaux
39,194,Desnes
39,196,Les Deux-Fays
39,197,Digna
39,198,Dole
39,199,Domblans
39,200,Dompierre-sur-Mont
39,201,Doucier
39,202,Dournon
39,203,Doye
39,204,Dramelay
39,205,Éclans-Nenon
39,206,Écleux
39,207,Écrille
39,208,Entre-deux-Monts
39,209,Val-d'Épy
39,210,Équevillon
39,211,Les Essards-Taignevaux
39,214,Esserval-Tartre
39,216,Étival
39,217,L'Étoile
39,218,Étrepigney
39,219,Évans
39,220,Falletans
39,221,La Favière
39,222,Fay-en-Montagne
39,223,La Ferté
39,225,Le Fied
39,227,Foncine-le-Bas
39,228,Foncine-le-Haut
39,229,Fontainebrux
39,230,Fontenu
39,232,Fort-du-Plasne
39,233,Foucherans
39,234,Foulenay
39,235,Fraisans
39,236,Francheville
39,237,Fraroz
39,238,Frasne-les-Meulières
39,239,La Frasnée
39,240,Le Frasnois
39,241,Frébuans
39,244,Frontenay
39,245,Gatey
39,246,Gendrey
39,247,Genod
39,248,Geraise
39,249,Germigney
39,250,Geruge
39,251,Gevingey
39,252,Gevry
39,253,Gigny
39,254,Gillois
39,255,Gizia
39,258,Grande-Rivière Château
39,259,Grange-de-Vaivre
39,261,Graye-et-Charnay
39,262,Gredisans
39,263,Grozon
39,265,Hautecour
39,266,Les Hays
39,267,Ivory
39,268,Ivrey
39,269,Jeurre
39,270,Jouhe
39,271,Lac-des-Rouges-Truites
39,272,Ladoye-sur-Seille
39,273,Montlainsia
39,274,Lajoux
39,275,Lamoura
39,277,Le Larderet
39,278,Largillay-Marsonnay
39,279,Larnaud
39,280,Larrivoire
39,281,Le Latet
39,282,La Latette
39,283,Lavancia-Epercy
39,284,Lavangeot
39,285,Lavans-lès-Dole
39,286,Lavans-lès-Saint-Claude
39,288,Lavigny
39,289,Lect
39,290,Valzin en Petite Montagne
39,291,Lemuy
39,292,Lent
39,293,Leschères
39,295,Loisia
39,296,Lombard
39,297,Longchaumois
39,298,Longcochon
39,299,Longwy-sur-le-Doubs
39,300,Lons-le-Saunier
39,301,Loulle
39,302,Louvatange
39,304,Le Louverot
39,305,La Loye
39,306,Macornay
39,307,Maisod
39,308,Malange
39,310,Mantry
39,312,Marigna-sur-Valouse
39,313,Marigny
39,314,Marnézia
39,315,Marnoz
39,317,La Marre
39,318,Martigna
39,319,Mathenay
39,320,Maynal
39,321,Menétru-le-Vignoble
39,322,Menétrux-en-Joux
39,323,Menotey
39,324,Mérona
39,325,Mesnay
39,326,Mesnois
39,327,Messia-sur-Sorne
39,328,Meussia
39,329,Mièges
39,330,Miéry
39,331,Mignovillard
39,333,Moirans-en-Montagne
39,334,Moiron
39,335,Moissey
39,336,Molain
39,337,Molamboz
39,338,Molay
39,339,Chassal-Molinges
39,342,Monay
39,343,Monnetay
39,344,Monnet-la-Ville
39,345,Monnières
39,346,Montagna-le-Reconduit
39,348,Montaigu
39,349,Montain
39,350,Montbarrey
39,351,Montcusel
39,352,Monteplain
39,353,Montfleur
39,354,Montholier
39,355,Montigny-lès-Arsures
39,356,Montigny-sur-l'Ain
39,359,Montmarlon
39,360,Montmirey-la-Ville
39,361,Montmirey-le-Château
39,362,Montmorot
39,363,Montrevel
39,364,Montrond
39,365,Mont-sous-Vaudrey
39,366,Mont-sur-Monnet
39,367,Morbier
39,368,Hauts de Bienne
39,370,Mouchard
39,372,Mournans-Charbonny
39,373,Les Moussières
39,375,Moutonne
39,376,Moutoux
39,377,Mutigney
39,378,Les Trois-Châteaux
39,379,Nance
39,380,Nancuise
39,381,Les Nans
39,385,Neublans-Abergement
39,386,Neuvilley
39,387,Nevy-lès-Dole
39,388,Nevy-sur-Seille
39,389,Ney
39,390,Nogna
39,391,Nozeroy
39,392,Offlanges
39,393,Onglières
39,394,Onoz
39,396,Orchamps
39,397,Orgelet
39,398,Ougney
39,399,Ounans
39,400,Our
39,401,Oussières
39,402,Pagney
39,403,Pagnoz
39,404,Pannessières
39,405,Parcey
39,406,Le Pasquier
39,407,Passenans
39,408,Patornay
39,409,Peintre
39,411,Perrigny
39,412,Peseux
39,413,La Pesse
39,415,Petit-Noir
39,418,Picarreau
39,419,Pillemoine
39,420,Pimorin
39,421,Le Pin
39,422,Plainoiseau
39,423,Plaisia
39,424,Les Planches-en-Montagne
39,425,Les Planches-près-Arbois
39,426,Plasne
39,427,Plénise
39,428,Plénisette
39,429,Pleure
39,430,Plumont
39,431,Poids-de-Fiole
39,432,Pointre
39,434,Poligny
39,435,Pont-de-Poitte
39,436,Pont-d'Héry
39,437,Pont-du-Navoy
39,439,Port-Lesney
39,441,Prémanon
39,443,Présilly
39,444,Pretin
39,445,Publy
39,446,Pupillin
39,447,Quintigny
39,448,Rahon
39,449,Rainans
39,451,Ranchot
39,452,Rans
39,453,Ravilloles
39,454,Recanoz
39,455,Reithouse
39,456,Relans
39,457,Les Repôts
39,458,Revigny
39,460,La Rixouse
39,461,Rix
39,462,Rochefort-sur-Nenon
39,463,Rogna
39,464,Romain
39,465,Romange
39,466,Rosay
39,467,Rotalier
39,468,Rothonay
39,469,Rouffange
39,470,Les Rousses
39,471,Ruffey-sur-Seille
39,472,Rye
39,473,Saffloz
39,475,Saint-Amour
39,476,Saint-Aubin
39,477,Saint-Baraing
39,478,Saint-Claude
39,479,Saint-Cyr-Montmalin
39,480,Saint-Didier
39,481,Saint-Germain-en-Montagne
39,485,Val Suran
39,486,Saint-Lamain
39,487,Saint-Laurent-en-Grandvaux
39,489,Saint-Lothain
39,490,Saint-Loup
39,491,Coteaux du Lizon
39,492,Saint-Maur
39,493,Saint-Maurice-Crillat
39,494,Saint-Pierre
39,495,Saint-Thiébaud
39,497,Saizenay
39,498,Salans
39,499,Saligney
39,500,Salins-les-Bains
39,501,Sampans
39,502,Santans
39,503,Sapois
39,504,Sarrogna
39,505,Saugeot
39,507,Séligney
39,508,Sellières
39,510,Septmoncel les Molunes
39,511,Sergenaux
39,512,Sergenon
39,513,Sermange
39,514,Serre-les-Moulières
39,517,Sirod
39,518,Songeson
39,519,Soucia
39,520,Souvans
39,522,Supt
39,523,Syam
39,525,Tassenières
39,526,Tavaux
39,527,Taxenne
39,528,Thervay
39,529,Thésy
39,530,Thoirette-Coisia
39,531,Thoiria
39,532,Thoissia
39,533,Toulouse-le-Château
39,534,La Tour-du-Meix
39,535,Tourmont
39,537,Trenal
39,538,Uxelles
39,539,Vadans
39,540,Valempoulières
39,543,Vannoz
39,545,Le Vaudioux
39,546,Vaudrey
39,547,Vaux-lès-Saint-Claude
39,550,Verges
39,551,Véria
39,552,Vernantois
39,553,Le Vernois
39,554,Vers-en-Montagne
39,555,Vers-sous-Sellières
39,556,Vertamboz
39,557,Vescles
39,558,Vevy
39,559,La Vieille-Loye
39,560,Villard-Saint-Sauveur
39,561,Villards-d'Héria
39,565,Villeneuve-d'Aval
39,567,Villeneuve-sous-Pymont
39,568,Villerserine
39,569,Villers-Farlay
39,570,Villers-les-Bois
39,571,Villers-Robert
39,572,Villette-lès-Arbois
39,573,Villette-lès-Dole
39,574,Villevieux
39,575,Le Villey
39,576,Val-Sonnette
39,577,Vincent-Froideville
39,579,Viry
39,581,Vitreux
39,582,Voiteur
39,583,Vosbles-Valfin
39,584,Vriange
39,585,Vulvoz
39,586,Aresches
40,001,Aire-sur-l'Adour
40,002,Amou
40,003,Angoumé
40,004,Angresse
40,005,Arboucave
40,006,Arengosse
40,007,Argelos
40,008,Argelouse
40,011,Arsague
40,012,Artassenx
40,013,Arthez-d'Armagnac
40,014,Arue
40,015,Arx
40,016,Aubagnan
40,017,Audignon
40,018,Audon
40,019,Aureilhan
40,020,Aurice
40,021,Azur
40,022,Bahus-Soubiran
40,023,Baigts
40,024,Banos
40,025,Bascons
40,026,Bas-Mauco
40,027,Bassercles
40,028,Bastennes
40,029,Bats
40,030,Baudignan
40,031,Bégaar
40,032,Belhade
40,033,Bélis
40,034,Bélus
40,035,Bénesse-lès-Dax
40,036,Bénesse-Maremne
40,037,Benquet
40,038,Bergouey
40,039,Betbezer-d'Armagnac
40,040,Beylongue
40,041,Beyries
40,042,Biarrotte
40,043,Bias
40,044,Biaudos
40,046,Biscarrosse
40,047,Bonnegarde
40,049,Bordères-et-Lamensans
40,050,Bostens
40,051,Bougue
40,052,Bourdalat
40,053,Bourriot-Bergonce
40,054,Brassempouy
40,055,Bretagne-de-Marsan
40,056,Brocas
40,057,Buanes
40,058,Cachen
40,059,Cagnotte
40,060,Callen
40,061,Campagne
40,062,Campet-et-Lamolère
40,063,Candresse
40,064,Canenx-et-Réaut
40,065,Capbreton
40,066,Carcarès-Sainte-Croix
40,067,Carcen-Ponson
40,068,Cassen
40,069,Castaignos-Souslens
40,070,Castandet
40,071,Castelnau-Chalosse
40,072,Castelnau-Tursan
40,073,Castelner
40,074,Castel-Sarrazin
40,075,Castets
40,076,Cauna
40,077,Cauneille
40,078,Caupenne
40,079,Cazalis
40,080,Cazères-sur-l'Adour
40,081,Cère
40,082,Classun
40,083,Clèdes
40,084,Clermont
40,085,Commensacq
40,086,Coudures
40,087,Créon-d'Armagnac
40,088,Dax
40,089,Doazit
40,090,Donzacq
40,091,Duhort-Bachen
40,092,Dumes
40,093,Escalans
40,094,Escource
40,095,Estibeaux
40,096,Estigarde
40,097,Eugénie-les-Bains
40,098,Eyres-Moncube
40,099,Fargues
40,100,Le Frêche
40,101,Gaas
40,102,Gabarret
40,103,Gaillères
40,104,Gamarde-les-Bains
40,105,Garein
40,106,Garrey
40,108,Gastes
40,109,Gaujacq
40,110,Geaune
40,111,Geloux
40,112,Gibret
40,113,Goos
40,114,Gourbera
40,115,Gousse
40,116,Gouts
40,117,Grenade-sur-l'Adour
40,118,Habas
40,119,Hagetmau
40,120,Hastingues
40,121,Hauriet
40,122,Haut-Mauco
40,123,Herm
40,124,Herré
40,125,Heugas
40,126,Hinx
40,127,Hontanx
40,128,Horsarrieu
40,129,Josse
40,130,Labastide-Chalosse
40,131,Labastide-d'Armagnac
40,132,Labatut
40,133,Labenne
40,134,Labouheyre
40,135,Labrit
40,136,Lacajunte
40,137,Lacquy
40,138,Lacrabe
40,139,Laglorieuse
40,140,Lagrange
40,141,Lahosse
40,142,Laluque
40,143,Lamothe
40,144,Larbey
40,145,Larrivière-Saint-Savin
40,146,Latrille
40,147,Laurède
40,148,Lauret
40,149,Lencouacq
40,150,Léon
40,151,Lesgor
40,152,Lesperon
40,153,Le Leuy
40,154,Lévignacq
40,155,Linxe
40,156,Liposthey
40,157,Lit-et-Mixe
40,158,Losse
40,159,Louer
40,160,Lourquen
40,161,Lubbon
40,162,Lucbardez-et-Bargues
40,163,Lüe
40,164,Retjons
40,165,Luglon
40,166,Lussagnet
40,167,Luxey
40,168,Magescq
40,169,Maillas
40,170,Maillères
40,171,Mano
40,172,Mant
40,173,Marpaps
40,174,Mauries
40,175,Maurrin
40,176,Mauvezin-d'Armagnac
40,177,Maylis
40,178,Mazerolles
40,179,Mées
40,180,Meilhan
40,181,Messanges
40,182,Mézos
40,183,Mimbaste
40,184,Mimizan
40,185,Miramont-Sensacq
40,186,Misson
40,187,Moliets-et-Maa
40,188,Momuy
40,189,Monget
40,190,Monségur
40,191,Montaut
40,192,Mont-de-Marsan
40,193,Montégut
40,194,Montfort-en-Chalosse
40,195,Montgaillard
40,196,Montsoué
40,197,Morcenx-la-Nouvelle
40,198,Morganx
40,199,Mouscardès
40,200,Moustey
40,201,Mugron
40,202,Narrosse
40,203,Nassiet
40,204,Nerbis
40,205,Nousse
40,206,Oeyregave
40,207,Oeyreluy
40,208,Onard
40,209,Ondres
40,210,Onesse-Laharie
40,211,Orist
40,212,Orthevielle
40,213,Orx
40,214,Ossages
40,215,Ousse-Suzan
40,216,Ozourt
40,217,Parentis-en-Born
40,218,Parleboscq
40,219,Payros-Cazautets
40,220,Pécorade
40,221,Perquie
40,222,Pey
40,223,Peyre
40,224,Peyrehorade
40,225,Philondenx
40,226,Pimbo
40,227,Pissos
40,228,Pomarez
40,229,Pontenx-les-Forges
40,230,Pontonx-sur-l'Adour
40,231,Port-de-Lanne
40,232,Poudenx
40,233,Pouillon
40,234,Pouydesseaux
40,235,Poyanne
40,236,Poyartin
40,237,Préchacq-les-Bains
40,238,Pujo-le-Plan
40,239,Puyol-Cazalet
40,240,Renung
40,242,Rimbez-et-Baudiets
40,243,Rion-des-Landes
40,244,Rivière-Saas-et-Gourby
40,245,Roquefort
40,246,Sabres
40,247,Saint-Agnet
40,248,Saint-André-de-Seignanx
40,249,Saint-Aubin
40,250,Saint-Avit
40,251,Saint-Barthélemy
40,252,Sainte-Colombe
40,253,Saint-Cricq-Chalosse
40,254,Saint-Cricq-du-Gave
40,255,Saint-Cricq-Villeneuve
40,256,Saint-Étienne-d'Orthe
40,257,Sainte-Eulalie-en-Born
40,258,Sainte-Foy
40,259,Saint-Gein
40,260,Saint-Geours-d'Auribat
40,261,Saint-Geours-de-Maremne
40,262,Saint-Gor
40,263,Saint-Jean-de-Lier
40,264,Saint-Jean-de-Marsacq
40,265,Saint-Julien-d'Armagnac
40,266,Saint-Julien-en-Born
40,267,Saint-Justin
40,268,Saint-Laurent-de-Gosse
40,269,Saint-Lon-les-Mines
40,270,Saint-Loubouer
40,271,Sainte-Marie-de-Gosse
40,272,Saint-Martin-de-Hinx
40,273,Saint-Martin-de-Seignanx
40,274,Saint-Martin-d'Oney
40,275,Saint-Maurice-sur-Adour
40,276,Saint-Michel-Escalus
40,277,Saint-Pandelon
40,278,Saint-Paul-en-Born
40,279,Saint-Paul-lès-Dax
40,280,Saint-Perdon
40,281,Saint-Pierre-du-Mont
40,282,Saint-Sever
40,283,Saint-Vincent-de-Paul
40,284,Saint-Vincent-de-Tyrosse
40,285,Saint-Yaguen
40,286,Samadet
40,287,Sanguinet
40,288,Sarbazan
40,289,Sarraziet
40,290,Sarron
40,291,Saubion
40,292,Saubrigues
40,293,Saubusse
40,294,Saugnac-et-Cambran
40,295,Saugnac-et-Muret
40,296,Seignosse
40,297,Le Sen
40,298,Serres-Gaston
40,299,Serreslous-et-Arribans
40,300,Seyresse
40,301,Siest
40,303,Solférino
40,304,Soorts-Hossegor
40,305,Sorbets
40,306,Sorde-l'Abbaye
40,307,Sore
40,308,Sort-en-Chalosse
40,309,Souprosse
40,310,Soustons
40,311,Taller
40,312,Tarnos
40,313,Tartas
40,314,Tercis-les-Bains
40,315,Téthieu
40,316,Tilh
40,317,Tosse
40,318,Toulouzette
40,319,Trensacq
40,320,Uchacq-et-Parentis
40,321,Urgons
40,322,Uza
40,323,Vert
40,324,Vicq-d'Auribat
40,325,Vielle-Tursan
40,326,Vielle-Saint-Girons
40,327,Vielle-Soubiran
40,328,Vieux-Boucau-les-Bains
40,329,Le Vignau
40,330,Villenave
40,331,Villeneuve-de-Marsan
40,332,Ychoux
40,333,Ygos-Saint-Saturnin
40,334,Yzosse
41,001,Ambloy
41,002,Angé
41,003,Areines
41,004,Artins
41,006,Autainville
41,007,Authon
41,008,Avaray
41,009,Averdon
41,010,Azé
41,012,Baillou
41,013,Bauzy
41,014,Beauchêne
41,016,Billy
41,017,Binas
41,018,Blois
41,019,Boisseau
41,020,Bonneveau
41,022,Bouffry
41,024,Boursay
41,025,Bracieux
41,026,Brévainville
41,027,Briou
41,028,Busloup
41,029,Candé-sur-Beuvron
41,030,Cellé
41,031,Cellettes
41,032,Chailles
41,034,Chambord
41,035,Champigny-en-Beauce
41,036,Chaon
41,037,La Chapelle-Enchérie
41,038,La Chapelle-Montmartin
41,039,La Chapelle-Saint-Martin-en-Plaine
41,040,La Chapelle-Vendômoise
41,041,La Chapelle-Vicomtesse
41,042,Châteauvieux
41,043,Châtillon-sur-Cher
41,044,Châtres-sur-Cher
41,045,Chaumont-sur-Loire
41,046,Chaumont-sur-Tharonne
41,047,La Chaussée-Saint-Victor
41,048,Chauvigny-du-Perche
41,049,Chémery
41,050,Cheverny
41,051,Chissay-en-Touraine
41,052,Chitenay
41,053,Choue
41,054,Choussy
41,055,Valloire-sur-Cisse
41,057,Conan
41,058,Concriers
41,059,Le Controis-en-Sologne
41,060,Cormenon
41,061,Cormeray
41,062,Couddes
41,063,Couffy
41,065,Coulommiers-la-Tour
41,066,Courbouzon
41,067,Cour-Cheverny
41,068,Courmemin
41,069,Cour-sur-Loire
41,070,Vallée-de-Ronsard
41,071,Crouy-sur-Cosson
41,072,Crucheray
41,073,Danzé
41,074,Dhuizon
41,075,Droué
41,077,Épiais
41,078,Épuisay
41,079,Les Essarts
41,080,Faverolles-sur-Cher
41,081,Faye
41,083,La Ferté-Beauharnais
41,084,La Ferté-Imbault
41,085,La Ferté-Saint-Cyr
41,086,Fontaines-en-Sologne
41,087,Fontaine-les-Coteaux
41,088,Fontaine-Raoul
41,089,La Fontenelle
41,090,Fortan
41,091,Fossé
41,093,Françay
41,094,Fresnes
41,095,Fréteval
41,096,Le Gault-du-Perche
41,097,Gièvres
41,098,Gombergean
41,099,Gy-en-Sologne
41,100,Les Hayes
41,101,Herbault
41,102,Houssay
41,103,Huisseau-en-Beauce
41,104,Huisseau-sur-Cosson
41,105,Josnes
41,106,Lamotte-Beuvron
41,107,Lancé
41,108,Lancôme
41,109,Landes-le-Gaulois
41,110,Langon-sur-Cher
41,112,Lassay-sur-Croisne
41,113,Lavardin
41,114,Lestiou
41,115,Lignières
41,116,Lisle
41,118,Loreux
41,119,Lorges
41,120,Lunay
41,121,La Madeleine-Villefrouin
41,122,Maray
41,123,Marchenoir
41,124,Marcilly-en-Beauce
41,125,Marcilly-en-Gault
41,126,Mareuil-sur-Cher
41,127,La Marolle-en-Sologne
41,128,Marolles
41,129,Maslives
41,130,Maves
41,131,Mazangé
41,132,Méhers
41,134,Menars
41,135,Mennetou-sur-Cher
41,136,Mer
41,137,Mesland
41,138,Meslay
41,139,Meusnes
41,140,Millançay
41,141,Moisy
41,142,Valencisse
41,143,Mondoubleau
41,144,Monteaux
41,145,Monthou-sur-Bièvre
41,146,Monthou-sur-Cher
41,147,Les Montils
41,148,Montlivault
41,149,Montoire-sur-le-Loir
41,150,Mont-près-Chambord
41,151,Montrichard Val de Cher
41,152,Montrieux-en-Sologne
41,153,Montrouveau
41,154,Morée
41,155,Muides-sur-Loire
41,156,Mulsans
41,157,Mur-de-Sologne
41,158,Naveil
41,159,Neung-sur-Beuvron
41,160,Neuvy
41,161,Nouan-le-Fuzelier
41,163,Nourray
41,164,Noyers-sur-Cher
41,166,Oisly
41,167,Veuzain-sur-Loire
41,168,Orçay
41,171,Oucques La Nouvelle
41,172,Ouzouer-le-Doyen
41,173,Beauce la Romaine
41,174,Périgny
41,175,Pezou
41,176,Pierrefitte-sur-Sauldre
41,177,Le Plessis-Dorin
41,178,Le Plessis-l'Échelle
41,179,Le Poislay
41,180,Pontlevoy
41,181,Pouillé
41,182,Pray
41,184,Prunay-Cassereau
41,185,Pruniers-en-Sologne
41,186,Rahart
41,187,Renay
41,188,Rhodon
41,189,Rilly-sur-Loire
41,190,Rocé
41,191,Roches
41,192,Les Roches-l'Évêque
41,193,Romilly
41,194,Romorantin-Lanthenay
41,195,Rougeou
41,196,Ruan-sur-Egvonne
41,198,Saint-Aignan
41,199,Saint-Amand-Longpré
41,200,Sainte-Anne
41,201,Saint-Arnoult
41,203,Saint-Bohaire
41,204,Saint-Claude-de-Diray
41,205,Saint-Cyr-du-Gault
41,206,Saint-Denis-sur-Loire
41,207,Saint-Dyé-sur-Loire
41,208,Saint-Étienne-des-Guérets
41,209,Saint-Firmin-des-Prés
41,211,Saint-Georges-sur-Cher
41,212,Saint-Gervais-la-Forêt
41,213,Saint-Gourgon
41,214,Saint-Hilaire-la-Gravelle
41,215,Saint-Jacques-des-Guérets
41,216,Saint-Jean-Froidmentel
41,217,Saint-Julien-de-Chédon
41,218,Saint-Julien-sur-Cher
41,219,Saint-Laurent-des-Bois
41,220,Saint-Laurent-Nouan
41,221,Saint-Léonard-en-Beauce
41,222,Saint-Loup
41,223,Saint-Lubin-en-Vergonnois
41,224,Saint-Marc-du-Cor
41,225,Saint-Martin-des-Bois
41,226,Saint-Ouen
41,228,Saint-Rimay
41,229,Saint-Romain-sur-Cher
41,230,Saint-Sulpice-de-Pommeray
41,231,Saint-Viâtre
41,232,Salbris
41,233,Sambin
41,234,Santenay
41,235,Sargé-sur-Braye
41,236,Sasnières
41,237,Sassay
41,238,Savigny-sur-Braye
41,239,Seigy
41,241,Selles-Saint-Denis
41,242,Selles-sur-Cher
41,243,Selommes
41,245,Séris
41,246,Seur
41,247,Soings-en-Sologne
41,248,Couëtron-au-Perche
41,249,Souesmes
41,250,Sougé
41,251,Souvigny-en-Sologne
41,252,Suèvres
41,253,Talcy
41,254,Le Temple
41,255,Ternay
41,256,Theillay
41,258,Thésée
41,259,Thoré-la-Rochette
41,260,Thoury
41,261,Tourailles
41,262,Tour-en-Sologne
41,265,Troo
41,266,Valaire
41,267,Vallières-les-Grandes
41,268,Veilleins
41,269,Vendôme
41,271,Vernou-en-Sologne
41,273,Vievy-le-Rayé
41,274,Villavard
41,275,La Ville-aux-Clercs
41,276,Villebarou
41,277,Villebout
41,278,Villechauve
41,279,Villedieu-le-Château
41,280,Villefranche-sur-Cher
41,281,Villefrancœur
41,282,Villeherviers
41,283,Villemardy
41,284,Villeneuve-Frouville
41,285,Villeny
41,286,Villeporcher
41,287,Villerable
41,288,Villerbon
41,289,Villermain
41,290,Villeromain
41,291,Villetrun
41,292,Villexanton
41,293,Villiersfaux
41,294,Villiers-sur-Loir
41,295,Vineuil
41,296,Vouzon
41,297,Yvoy-le-Marron
42,001,Aboën
42,002,Ailleux
42,003,Ambierle
42,005,Andrézieux-Bouthéon
42,006,Apinac
42,007,Arcinges
42,008,Arcon
42,009,Arthun
42,010,Aveizieux
42,011,Balbigny
42,012,Bard
42,013,Bellegarde-en-Forez
42,014,Belleroche
42,015,Belmont-de-la-Loire
42,016,La Bénisson-Dieu
42,017,Le Bessat
42,018,Bessey
42,019,Boën-sur-Lignon
42,020,Boisset-lès-Montrond
42,021,Boisset-Saint-Priest
42,022,Bonson
42,023,Bourg-Argental
42,025,Boyer
42,026,Briennon
42,027,Bully
42,028,Burdignes
42,029,Bussières
42,030,Bussy-Albieux
42,031,Caloire
42,032,Cellieu
42,033,Le Cergne
42,034,Cervières
42,035,Cezay
42,036,Chagnon
42,037,Chalain-d'Uzore
42,038,Chalain-le-Comtal
42,039,Chalmazel-Jeansagnière
42,040,La Chamba
42,041,Chambéon
42,042,Chambles
42,043,Chambœuf
42,044,Le Chambon-Feugerolles
42,045,La Chambonie
42,046,Champdieu
42,047,Champoly
42,048,Chandon
42,049,Changy
42,050,La Chapelle-en-Lafaye
42,051,La Chapelle-Villars
42,052,Charlieu
42,053,Châteauneuf
42,054,Châtelneuf
42,055,Châtelus
42,056,Chavanay
42,058,Chazelles-sur-Lavieu
42,059,Chazelles-sur-Lyon
42,060,Chenereilles
42,061,Cherier
42,062,Chevrières
42,063,Chirassimont
42,064,Chuyer
42,065,Civens
42,066,Cleppé
42,067,Colombier
42,068,Combre
42,069,Commelle-Vernay
42,070,Cordelle
42,071,Le Coteau
42,073,Cottance
42,074,Coutouvre
42,075,Craintilleux
42,076,Cremeaux
42,077,Croizet-sur-Gand
42,078,Le Crozet
42,079,Cuinzier
42,081,Cuzieu
42,083,Dargoire
42,084,Solore-en-Forez
42,085,Doizieux
42,086,Écoche
42,087,Écotay-l'Olme
42,088,Épercieux-Saint-Paul
42,089,Essertines-en-Châtelneuf
42,090,Essertines-en-Donzy
42,091,Estivareilles
42,092,L'Étrat
42,093,Farnay
42,094,Feurs
42,095,Firminy
42,096,Fontanès
42,097,La Fouillouse
42,098,Fourneaux
42,099,Fraisses
42,100,La Gimond
42,101,Graix
42,102,Grammond
42,103,La Grand-Croix
42,104,La Gresle
42,105,Grézieux-le-Fromental
42,106,Grézolles
42,107,Gumières
42,108,L'Hôpital-le-Grand
42,110,L'Horme
42,112,Jarnosse
42,113,Jas
42,115,Jonzieux
42,116,Juré
42,117,Lavieu
42,118,Lay
42,119,Leigneux
42,120,Lentigny
42,121,Lérigneux
42,122,Lézigneux
42,123,Lorette
42,124,Lupé
42,125,Luré
42,126,Luriecq
42,127,Mably
42,128,Machézal
42,129,Maclas
42,130,Magneux-Haute-Rive
42,131,Maizilly
42,132,Malleval
42,133,Marcenod
42,134,Marcilly-le-Châtel
42,135,Marclopt
42,136,Marcoux
42,137,Margerie-Chantagret
42,138,Maringes
42,139,Marlhes
42,140,Marols
42,141,Mars
42,142,Merle-Leignec
42,143,Mizérieux
42,145,Montagny
42,146,Montarcher
42,147,Montbrison
42,148,Montchal
42,149,Montrond-les-Bains
42,150,Montverdun
42,151,Mornand-en-Forez
42,152,Nandax
42,153,Neaux
42,154,Néronde
42,155,Nervieux
42,156,Neulise
42,157,Noailly
42,158,Les Noës
42,159,Noirétable
42,160,Nollieux
42,161,Notre-Dame-de-Boisset
42,162,Ouches
42,163,La Pacaudière
42,164,Palogneux
42,165,Panissières
42,166,Parigny
42,167,Pavezin
42,168,Pélussin
42,169,Périgneux
42,170,Perreux
42,171,Pinay
42,172,Planfoy
42,173,Pommiers-en-Forez
42,174,Poncins
42,175,Pouilly-lès-Feurs
42,176,Pouilly-les-Nonains
42,177,Pouilly-sous-Charlieu
42,178,Pradines
42,179,Pralong
42,180,Précieux
42,181,Régny
42,182,Renaison
42,183,La Ricamarie
42,184,Riorges
42,185,Rivas
42,186,Rive-de-Gier
42,187,Roanne
42,188,Roche-en-Forez
42,189,Roche-la-Molière
42,191,Roisey
42,192,Rozier-Côtes-d'Aurec
42,193,Rozier-en-Donzy
42,194,Sail-les-Bains
42,195,Sail-sous-Couzan
42,196,Sainte-Agathe-en-Donzy
42,197,Sainte-Agathe-la-Bouteresse
42,198,Saint-Alban-les-Eaux
42,199,Saint-André-d'Apchon
42,200,Saint-André-le-Puy
42,201,Saint-Appolinard
42,202,Saint-Barthélemy-Lestra
42,203,Saint-Bonnet-des-Quarts
42,204,Saint-Bonnet-le-Château
42,205,Saint-Bonnet-le-Courreau
42,206,Saint-Bonnet-les-Oules
42,207,Saint-Chamond
42,208,Saint-Christo-en-Jarez
42,209,Sainte-Colombe-sur-Gand
42,210,Sainte-Croix-en-Jarez
42,211,Saint-Cyprien
42,212,Saint-Cyr-de-Favières
42,213,Saint-Cyr-de-Valorges
42,214,Saint-Cyr-les-Vignes
42,215,Saint-Denis-de-Cabanne
42,216,Saint-Denis-sur-Coise
42,217,La Côte-Saint-Didier
42,218,Saint-Étienne
42,219,Saint-Étienne-le-Molard
42,220,Saint-Forgeux-Lespinasse
42,221,Sainte-Foy-Saint-Sulpice
42,222,Saint-Galmier
42,223,Saint-Genest-Lerpt
42,224,Saint-Genest-Malifaux
42,225,Genilac
42,226,Saint-Georges-de-Baroille
42,227,Saint-Georges-en-Couzan
42,228,Saint-Georges-Haute-Ville
42,229,Saint-Germain-la-Montagne
42,230,Saint-Germain-Laval
42,231,Saint-Germain-Lespinasse
42,232,Saint-Haon-le-Châtel
42,233,Saint-Haon-le-Vieux
42,234,Saint-Héand
42,235,Saint-Hilaire-Cusson-la-Valmitte
42,236,Saint-Hilaire-sous-Charlieu
42,237,Saint-Jean-Bonnefonds
42,238,Saint-Jean-la-Vêtre
42,239,Saint-Jean-Saint-Maurice-sur-Loire
42,240,Saint-Jean-Soleymieux
42,241,Saint-Jodard
42,242,Saint-Joseph
42,243,Saint-Julien-d'Oddes
42,245,Vêtre-sur-Anzon
42,246,Saint-Julien-Molin-Molette
42,247,Saint-Just-en-Bas
42,248,Saint-Just-en-Chevalet
42,249,Saint-Just-la-Pendue
42,251,Saint-Laurent-la-Conche
42,253,Saint-Léger-sur-Roanne
42,254,Saint-Marcel-de-Félines
42,255,Saint-Marcel-d'Urfé
42,256,Saint-Marcellin-en-Forez
42,257,Saint-Martin-d'Estréaux
42,259,Saint-Martin-la-Plaine
42,260,Saint-Martin-la-Sauveté
42,261,Saint-Martin-Lestra
42,262,Saint-Maurice-en-Gourgois
42,264,Saint-Médard-en-Forez
42,265,Saint-Michel-sur-Rhône
42,266,Saint-Nizier-de-Fornas
42,267,Saint-Nizier-sous-Charlieu
42,268,Vézelin-sur-Loire
42,269,Saint-Paul-d'Uzore
42,270,Saint-Paul-en-Cornillon
42,271,Saint-Paul-en-Jarez
42,272,Saint-Pierre-de-Bœuf
42,273,Saint-Pierre-la-Noaille
42,274,Saint-Polgues
42,275,Saint-Priest-en-Jarez
42,276,Saint-Priest-la-Prugne
42,277,Saint-Priest-la-Roche
42,278,Saint-Priest-la-Vêtre
42,279,Saint-Just-Saint-Rambert
42,280,Saint-Régis-du-Coin
42,281,Saint-Rirand
42,282,Saint-Romain-d'Urfé
42,283,Saint-Romain-en-Jarez
42,284,Saint-Romain-la-Motte
42,285,Saint-Romain-le-Puy
42,286,Saint-Romain-les-Atheux
42,287,Saint-Sauveur-en-Rue
42,288,Saint-Sixte
42,289,Saint-Symphorien-de-Lay
42,290,Saint-Thomas-la-Garde
42,293,Saint-Victor-sur-Rhins
42,294,Saint-Vincent-de-Boisset
42,295,Les Salles
42,296,Salt-en-Donzy
42,297,Salvizinet
42,298,Sauvain
42,299,Savigneux
42,300,Sevelinges
42,301,Soleymieux
42,302,Sorbiers
42,303,Souternon
42,304,Sury-le-Comtal
42,305,La Talaudière
42,306,Tarentaise
42,307,Tartaras
42,308,La Terrasse-sur-Dorlay
42,310,Thélis-la-Combe
42,311,La Tour-en-Jarez
42,312,La Tourette
42,313,Trelins
42,314,La Tuilière
42,315,Unias
42,316,Unieux
42,317,Urbise
42,318,Usson-en-Forez
42,319,Valeille
42,320,Valfleury
42,321,La Valla-sur-Rochefort
42,322,La Valla-en-Gier
42,323,Veauche
42,324,Veauchette
42,325,Vendranges
42,326,Véranne
42,327,Vérin
42,328,Verrières-en-Forez
42,329,La Versanne
42,330,Villars
42,331,Villemontais
42,332,Villerest
42,333,Villers
42,334,Violay
42,335,Viricelles
42,336,Virigneux
42,337,Vivans
42,338,Vougy
42,339,Chausseterre
43,001,Agnat
43,002,Aiguilhe
43,003,Allègre
43,004,Alleyrac
43,005,Alleyras
43,006,Ally
43,007,Araules
43,008,Arlempdes
43,009,Arlet
43,010,Arsac-en-Velay
43,011,Aubazat
43,012,Aurec-sur-Loire
43,013,Vissac-Auteyrac
43,014,Autrac
43,015,Auvers
43,016,Auzon
43,017,Azérat
43,018,Bains
43,019,Barges
43,020,Bas-en-Basset
43,021,Beaulieu
43,022,Beaumont
43,023,Beaune-sur-Arzon
43,024,Beaux
43,025,Beauzac
43,026,Bellevue-la-Montagne
43,027,Berbezit
43,028,Bessamorel
43,029,La Besseyre-Saint-Mary
43,030,Blanzac
43,031,Blassac
43,032,Blavozy
43,033,Blesle
43,034,Boisset
43,035,Bonneval
43,036,Borne
43,037,Le Bouchet-Saint-Nicolas
43,038,Bournoncle-Saint-Pierre
43,039,Le Brignon
43,040,Brioude
43,041,Brives-Charensac
43,042,Cayres
43,043,Céaux-d'Allègre
43,044,Cerzat
43,045,Ceyssac
43,046,Chadrac
43,047,Chadron
43,048,La Chaise-Dieu
43,049,Chamalières-sur-Loire
43,050,Chambezon
43,051,Le Chambon-sur-Lignon
43,052,Champagnac-le-Vieux
43,053,Champclause
43,054,Chanaleilles
43,055,Chaniat
43,056,Chanteuges
43,057,La Chapelle-Bertin
43,058,La Chapelle-d'Aurec
43,059,La Chapelle-Geneste
43,060,Charraix
43,061,Chaspinhac
43,062,Chaspuzac
43,063,Chassagnes
43,064,Chassignolles
43,065,Chastel
43,066,Chaudeyrolles
43,067,Chavaniac-Lafayette
43,068,Chazelles
43,069,Chenereilles
43,070,Chilhac
43,071,Chomelix
43,072,La Chomette
43,073,Cistrières
43,074,Cohade
43,075,Collat
43,076,Connangles
43,077,Costaros
43,078,Coubon
43,079,Couteuges
43,080,Craponne-sur-Arzon
43,082,Cronce
43,083,Cubelles
43,084,Cussac-sur-Loire
43,085,Desges
43,086,Domeyrat
43,087,Dunières
43,088,Espalem
43,089,Espaly-Saint-Marcel
43,090,Esplantas-Vazeilles
43,091,Les Estables
43,092,Fay-sur-Lignon
43,093,Félines
43,094,Ferrussac
43,095,Fix-Saint-Geneys
43,096,Fontannes
43,097,Freycenet-la-Cuche
43,098,Freycenet-la-Tour
43,099,Frugerès-les-Mines
43,100,Frugières-le-Pin
43,101,Goudet
43,102,Grazac
43,103,Grenier-Montgon
43,104,Grèzes
43,105,Javaugues
43,106,Jax
43,107,Josat
43,108,Jullianges
43,109,Lafarre
43,110,Lamothe
43,111,Landos
43,112,Langeac
43,113,Lantriac
43,114,Lapte
43,115,Laussonne
43,116,Laval-sur-Doulon
43,117,Lavaudieu
43,118,Lavoûte-Chilhac
43,119,Lavoûte-sur-Loire
43,120,Lempdes-sur-Allagnon
43,121,Léotoing
43,122,Lissac
43,123,Lorlanges
43,124,Loudes
43,125,Lubilhac
43,126,Malrevers
43,127,Malvalette
43,128,Malvières
43,129,Le Mas-de-Tence
43,130,Mazet-Saint-Voy
43,131,Mazerat-Aurouze
43,132,Mazeyrat-d'Allier
43,133,Mercœur
43,134,Mézères
43,135,Le Monastier-sur-Gazeille
43,136,Monistrol-d'Allier
43,137,Monistrol-sur-Loire
43,138,Monlet
43,139,Montclard
43,140,Le Monteil
43,141,Montfaucon-en-Velay
43,142,Montregard
43,143,Montusclat
43,144,Moudeyres
43,145,Ouides
43,147,Paulhac
43,148,Paulhaguet
43,149,Pébrac
43,150,Le Pertuis
43,151,Pinols
43,152,Polignac
43,153,Pont-Salomon
43,154,Pradelles
43,155,Prades
43,156,Présailles
43,157,Le Puy-en-Velay
43,158,Queyrières
43,159,Raucoules
43,160,Rauret
43,162,Retournac
43,163,Riotord
43,164,Roche-en-Régnier
43,165,Rosières
43,166,Saint-André-de-Chalencon
43,167,Saint-Arcons-d'Allier
43,168,Saint-Arcons-de-Barges
43,169,Saint-Austremoine
43,170,Saint-Beauzire
43,171,Saint-Bérain
43,172,Saint-Bonnet-le-Froid
43,173,Saint-Christophe-d'Allier
43,174,Saint-Christophe-sur-Dolaizon
43,175,Saint-Cirgues
43,177,Saint-Didier-en-Velay
43,178,Saint-Didier-sur-Doulon
43,180,Saint-Étienne-du-Vigan
43,181,Saint-Étienne-Lardeyrol
43,182,Saint-Étienne-sur-Blesle
43,183,Sainte-Eugénie-de-Villeneuve
43,184,Saint-Ferréol-d'Auroure
43,185,Sainte-Florine
43,186,Saint-Front
43,187,Saint-Geneys-près-Saint-Paulien
43,188,Saint-Georges-d'Aurac
43,189,Saint-Georges-Lagricol
43,190,Saint-Germain-Laprade
43,191,Saint-Géron
43,192,Saint-Haon
43,193,Saint-Hilaire
43,194,Saint-Hostien
43,195,Saint-Ilpize
43,196,Saint-Jean-d'Aubrigoux
43,197,Saint-Jean-de-Nay
43,198,Saint-Jean-Lachalm
43,199,Saint-Jeures
43,200,Saint-Julien-Chapteuil
43,201,Saint-Julien-d'Ance
43,202,Saint-Julien-des-Chazes
43,203,Saint-Julien-du-Pinet
43,204,Saint-Julien-Molhesabate
43,205,Saint-Just-Malmont
43,206,Saint-Just-près-Brioude
43,207,Saint-Laurent-Chabreuges
43,208,Sainte-Marguerite
43,210,Saint-Martin-de-Fugères
43,211,Saint-Maurice-de-Lignon
43,212,Saint-Pal-de-Chalencon
43,213,Saint-Pal-de-Mons
43,214,Saint-Pal-de-Senouire
43,215,Saint-Paul-de-Tartas
43,216,Saint-Paulien
43,217,Saint-Pierre-du-Champ
43,218,Saint-Pierre-Eynac
43,219,Saint-Préjet-Armandon
43,220,Saint-Préjet-d'Allier
43,221,Saint-Privat-d'Allier
43,222,Saint-Privat-du-Dragon
43,223,Saint-Romain-Lachalm
43,224,Sainte-Sigolène
43,225,Saint-Vénérand
43,226,Saint-Vert
43,227,Saint-Victor-Malescours
43,228,Saint-Victor-sur-Arlanc
43,229,Saint-Vidal
43,230,Saint-Vincent
43,231,Salettes
43,232,Salzuit
43,233,Sanssac-l'Église
43,234,Saugues
43,236,La Séauve-sur-Semène
43,237,Sembadel
43,238,Séneujols
43,239,Siaugues-Sainte-Marie
43,240,Solignac-sous-Roche
43,241,Solignac-sur-Loire
43,242,Tailhac
43,244,Tence
43,245,Thoras
43,246,Tiranges
43,247,Torsiac
43,249,Valprivas
43,250,Vals-le-Chastel
43,251,Vals-près-le-Puy
43,252,Varennes-Saint-Honorat
43,253,Les Vastres
43,254,Vazeilles-Limandre
43,256,Venteuges
43,257,Vergezac
43,258,Vergongheon
43,259,Vernassal
43,260,Le Vernet
43,261,Vézézoux
43,262,Vieille-Brioude
43,263,Vielprat
43,264,Villeneuve-d'Allier
43,265,Les Villettes
43,267,Vorey
43,268,Yssingeaux
44,001,Abbaretz
44,002,Aigrefeuille-sur-Maine
44,003,Ancenis-Saint-Géréon
44,005,Chaumes-en-Retz
44,006,Assérac
44,007,Avessac
44,009,Basse-Goulaine
44,010,Batz-sur-Mer
44,012,La Bernerie-en-Retz
44,013,Besné
44,014,Le Bignon
44,015,Blain
44,016,La Boissière-du-Doré
44,018,Bouaye
44,019,Bouée
44,020,Bouguenais
44,021,Villeneuve-en-Retz
44,022,Boussay
44,023,Bouvron
44,024,Brains
44,025,Campbon
44,026,Carquefou
44,027,Casson
44,028,Le Cellier
44,029,Divatte-sur-Loire
44,030,La Chapelle-des-Marais
44,031,La Chapelle-Glain
44,032,La Chapelle-Heulin
44,033,La Chapelle-Launay
44,035,La Chapelle-sur-Erdre
44,036,Châteaubriant
44,037,Château-Thébaud
44,038,Chauvé
44,039,Cheix-en-Retz
44,041,La Chevrolière
44,043,Clisson
44,044,Conquereuil
44,045,Cordemais
44,046,Corsept
44,047,Couëron
44,048,Couffé
44,049,Le Croisic
44,050,Crossac
44,051,Derval
44,052,Donges
44,053,Drefféac
44,054,Erbray
44,055,La Baule-Escoublac
44,056,Fay-de-Bretagne
44,057,Fégréac
44,058,Fercé
44,061,Frossay
44,062,Le Gâvre
44,063,Gétigné
44,064,Gorges
44,065,Grand-Auverné
44,066,Grandchamp-des-Fontaines
44,067,Guémené-Penfao
44,068,Guenrouet
44,069,Guérande
44,070,La Haie-Fouassière
44,071,Haute-Goulaine
44,072,Herbignac
44,073,Héric
44,074,Indre
44,075,Issé
44,076,Jans
44,077,Joué-sur-Erdre
44,078,Juigné-des-Moutiers
44,079,Le Landreau
44,080,Lavau-sur-Loire
44,081,Legé
44,082,Ligné
44,083,La Limouzinière
44,084,Le Loroux-Bottereau
44,085,Louisfert
44,086,Lusanger
44,087,Machecoul-Saint-Même
44,088,Maisdon-sur-Sèvre
44,089,Malville
44,090,La Marne
44,091,Marsac-sur-Don
44,092,Massérac
44,094,Mauves-sur-Loire
44,095,La Meilleraye-de-Bretagne
44,096,Mésanger
44,097,Mesquer
44,098,Missillac
44,099,Moisdon-la-Rivière
44,100,Monnières
44,101,La Montagne
44,102,Montbert
44,103,Montoir-de-Bretagne
44,104,Montrelais
44,105,Mouais
44,106,Les Moutiers-en-Retz
44,107,Mouzeil
44,108,Mouzillon
44,109,Nantes
44,110,Nort-sur-Erdre
44,111,Notre-Dame-des-Landes
44,112,Noyal-sur-Brutz
44,113,Nozay
44,114,Orvault
44,115,Oudon
44,116,Paimbœuf
44,117,Le Pallet
44,118,Pannecé
44,119,Paulx
44,120,Le Pellerin
44,121,Petit-Auverné
44,122,Petit-Mars
44,123,Pierric
44,124,Le Pin
44,125,Piriac-sur-Mer
44,126,La Plaine-sur-Mer
44,127,La Planche
44,128,Plessé
44,129,Pontchâteau
44,130,Pont-Saint-Martin
44,131,Pornic
44,132,Pornichet
44,133,Port-Saint-Père
44,134,Pouillé-les-Côteaux
44,135,Le Pouliguen
44,136,Préfailles
44,137,Prinquiau
44,138,Puceul
44,139,Quilly
44,140,La Regrippière
44,141,La Remaudière
44,142,Remouillé
44,143,Rezé
44,144,Riaillé
44,145,Rouans
44,146,Rougé
44,148,Ruffigné
44,149,Saffré
44,150,Saint-Aignan-Grandlieu
44,151,Saint-André-des-Eaux
44,152,Sainte-Anne-sur-Brivet
44,153,Saint-Aubin-des-Châteaux
44,154,Saint-Brevin-les-Pins
44,155,Saint-Colomban
44,156,Corcoué-sur-Logne
44,157,Saint-Étienne-de-Mer-Morte
44,158,Saint-Étienne-de-Montluc
44,159,Saint-Fiacre-sur-Maine
44,161,Saint-Gildas-des-Bois
44,162,Saint-Herblain
44,163,Vair-sur-Loire
44,164,Saint-Hilaire-de-Chaléons
44,165,Saint-Hilaire-de-Clisson
44,166,Saint-Jean-de-Boiseau
44,168,Saint-Joachim
44,169,Saint-Julien-de-Concelles
44,170,Saint-Julien-de-Vouvantes
44,171,Saint-Léger-les-Vignes
44,172,Sainte-Luce-sur-Loire
44,173,Saint-Lumine-de-Clisson
44,174,Saint-Lumine-de-Coutais
44,175,Saint-Lyphard
44,176,Saint-Malo-de-Guersac
44,178,Saint-Mars-de-Coutais
44,179,Saint-Mars-du-Désert
44,180,Vallons-de-l'Erdre
44,182,Saint-Michel-Chef-Chef
44,183,Saint-Molf
44,184,Saint-Nazaire
44,185,Saint-Nicolas-de-Redon
44,186,Sainte-Pazanne
44,187,Saint-Père-en-Retz
44,188,Saint-Philbert-de-Grand-Lieu
44,189,Sainte-Reine-de-Bretagne
44,190,Saint-Sébastien-sur-Loire
44,192,Saint-Viaud
44,193,Saint-Vincent-des-Landes
44,194,Sautron
44,195,Savenay
44,196,Sévérac
44,197,Sion-les-Mines
44,198,Les Sorinières
44,199,Soudan
44,200,Soulvache
44,201,Sucé-sur-Erdre
44,202,Teillé
44,203,Le Temple-de-Bretagne
44,204,Thouaré-sur-Loire
44,205,Les Touches
44,206,Touvois
44,207,Trans-sur-Erdre
44,208,Treffieux
44,209,Treillières
44,210,Trignac
44,211,La Turballe
44,212,Vallet
44,213,Loireauxence
44,214,Vay
44,215,Vertou
44,216,Vieillevigne
44,217,Vigneux-de-Bretagne
44,218,Villepot
44,220,Vue
44,221,La Chevallerais
44,222,La Roche-Blanche
44,223,Geneston
44,224,La Grigonnais
45,001,Adon
45,002,Aillant-sur-Milleron
45,004,Amilly
45,005,Andonville
45,006,Ardon
45,008,Artenay
45,009,Aschères-le-Marché
45,010,Ascoux
45,011,Attray
45,012,Audeville
45,013,Augerville-la-Rivière
45,014,Aulnay-la-Rivière
45,015,Autruy-sur-Juine
45,016,Autry-le-Châtel
45,017,Auvilliers-en-Gâtinais
45,018,Auxy
45,019,Baccon
45,020,Le Bardon
45,021,Barville-en-Gâtinais
45,022,Batilly-en-Gâtinais
45,023,Batilly-en-Puisaye
45,024,Baule
45,025,Bazoches-les-Gallerandes
45,026,Bazoches-sur-le-Betz
45,027,Beauchamps-sur-Huillard
45,028,Beaugency
45,029,Beaulieu-sur-Loire
45,030,Beaune-la-Rolande
45,031,Bellegarde
45,032,Le Bignon-Mirabeau
45,033,Boësses
45,034,Boigny-sur-Bionne
45,035,Boiscommun
45,036,Boismorand
45,037,Boisseaux
45,038,Bondaroy
45,039,Bonnée
45,040,Bonny-sur-Loire
45,041,Bordeaux-en-Gâtinais
45,042,Les Bordes
45,043,Bou
45,044,Bougy-lez-Neuville
45,045,Bouilly-en-Gâtinais
45,046,Boulay-les-Barres
45,047,Bouzonville-aux-Bois
45,049,Bouzy-la-Forêt
45,050,Boynes
45,051,Bray-Saint-Aignan
45,052,Breteau
45,053,Briare
45,054,Briarres-sur-Essonne
45,055,Bricy
45,056,Bromeilles
45,058,Bucy-le-Roi
45,059,Bucy-Saint-Liphard
45,060,La Bussière
45,061,Cepoy
45,062,Cercottes
45,063,Cerdon
45,064,Cernoy-en-Berry
45,065,Césarville-Dossainville
45,066,Chailly-en-Gâtinais
45,067,Chaingy
45,068,Châlette-sur-Loing
45,069,Chambon-la-Forêt
45,070,Champoulet
45,072,Chanteau
45,073,Chantecoq
45,074,La Chapelle-Onzerain
45,075,La Chapelle-Saint-Mesmin
45,076,La Chapelle-Saint-Sépulcre
45,077,La Chapelle-sur-Aveyron
45,078,Chapelon
45,079,Le Charme
45,080,Charmont-en-Beauce
45,081,Charsonville
45,082,Châteauneuf-sur-Loire
45,083,Château-Renard
45,084,Châtenoy
45,085,Châtillon-Coligny
45,086,Châtillon-le-Roi
45,087,Châtillon-sur-Loire
45,088,Chaussy
45,089,Chécy
45,091,Chevannes
45,092,Chevillon-sur-Huillard
45,093,Chevilly
45,094,Chevry-sous-le-Bignon
45,095,Chilleurs-aux-Bois
45,096,Les Choux
45,097,Chuelles
45,098,Cléry-Saint-André
45,099,Coinces
45,100,Combleux
45,101,Combreux
45,102,Conflans-sur-Loing
45,103,Corbeilles
45,104,Corquilleroy
45,105,Cortrat
45,107,Coudroy
45,108,Coullons
45,109,Coulmiers
45,110,Courcelles-le-Roi
45,111,Courcy-aux-Loges
45,112,La Cour-Marigny
45,113,Courtemaux
45,114,Courtempierre
45,115,Courtenay
45,116,Cravant
45,118,Crottes-en-Pithiverais
45,119,Dadonville
45,120,Dammarie-en-Puisaye
45,121,Dammarie-sur-Loing
45,122,Dampierre-en-Burly
45,123,Darvoy
45,124,Desmonts
45,125,Dimancheville
45,126,Donnery
45,127,Dordives
45,129,Douchy-Montcorbon
45,130,Dry
45,131,Échilleuses
45,132,Égry
45,133,Engenville
45,134,Épieds-en-Beauce
45,135,Erceville
45,136,Ervauville
45,137,Escrennes
45,138,Escrignelles
45,139,Estouy
45,141,Faverelles
45,142,Fay-aux-Loges
45,143,Feins-en-Gâtinais
45,144,Férolles
45,145,Ferrières-en-Gâtinais
45,146,La Ferté-Saint-Aubin
45,147,Fleury-les-Aubrais
45,148,Fontenay-sur-Loing
45,149,Foucherolles
45,150,Fréville-du-Gâtinais
45,151,Gaubertin
45,152,Gémigny
45,153,Germigny-des-Prés
45,154,Gidy
45,155,Gien
45,156,Girolles
45,157,Givraines
45,158,Gondreville
45,159,Grangermont
45,160,Greneville-en-Beauce
45,161,Griselles
45,162,Guigneville
45,164,Guilly
45,165,Gy-les-Nonains
45,166,Huêtre
45,167,Huisseau-sur-Mauves
45,168,Ingrannes
45,169,Ingré
45,170,Intville-la-Guétard
45,171,Isdes
45,173,Jargeau
45,174,Jouy-en-Pithiverais
45,175,Jouy-le-Potier
45,176,Juranville
45,177,Laas
45,178,Ladon
45,179,Lailly-en-Val
45,180,Langesse
45,181,Léouville
45,182,Ligny-le-Ribault
45,183,Lion-en-Beauce
45,184,Lion-en-Sullias
45,185,Lombreuil
45,186,Lorcy
45,187,Lorris
45,188,Loury
45,189,Louzouer
45,191,Le Malesherbois
45,193,Marcilly-en-Villette
45,194,Mardié
45,195,Mareau-aux-Bois
45,196,Mareau-aux-Prés
45,197,Marigny-les-Usages
45,198,Marsainvilliers
45,199,Melleroy
45,200,Ménestreau-en-Villette
45,201,Mérinville
45,202,Messas
45,203,Meung-sur-Loire
45,204,Mézières-lez-Cléry
45,205,Mézières-en-Gâtinais
45,206,Mignères
45,207,Mignerette
45,208,Montargis
45,209,Montbarrois
45,210,Montbouy
45,212,Montcresson
45,213,Montereau
45,214,Montigny
45,215,Montliard
45,216,Mormant-sur-Vernisson
45,217,Morville-en-Beauce
45,218,Le Moulinet-sur-Solin
45,219,Moulon
45,220,Nancray-sur-Rimarde
45,222,Nargis
45,223,Nesploy
45,224,Neuville-aux-Bois
45,225,La Neuville-sur-Essonne
45,226,Neuvy-en-Sullias
45,227,Nevoy
45,228,Nibelle
45,229,Nogent-sur-Vernisson
45,230,Noyers
45,231,Oison
45,232,Olivet
45,233,Ondreville-sur-Essonne
45,234,Orléans
45,235,Ormes
45,237,Orville
45,238,Ousson-sur-Loire
45,239,Oussoy-en-Gâtinais
45,240,Outarville
45,241,Ouvrouer-les-Champs
45,242,Ouzouer-des-Champs
45,243,Ouzouer-sous-Bellegarde
45,244,Ouzouer-sur-Loire
45,245,Ouzouer-sur-Trézée
45,246,Pannecières
45,247,Pannes
45,248,Patay
45,249,Paucourt
45,250,Pers-en-Gâtinais
45,251,Pierrefitte-ès-Bois
45,252,Pithiviers
45,253,Pithiviers-le-Vieil
45,254,Poilly-lez-Gien
45,255,Préfontaines
45,256,Presnoy
45,257,Pressigny-les-Pins
45,258,Puiseaux
45,259,Quiers-sur-Bezonde
45,260,Ramoulu
45,261,Rebréchien
45,262,Rouvray-Sainte-Croix
45,263,Rouvres-Saint-Jean
45,264,Rozières-en-Beauce
45,265,Rozoy-le-Vieil
45,266,Ruan
45,268,Saint-Aignan-le-Jaillard
45,269,Saint-Ay
45,270,Saint-Benoît-sur-Loire
45,271,Saint-Brisson-sur-Loire
45,272,Saint-Cyr-en-Val
45,273,Saint-Denis-de-l'Hôtel
45,274,Saint-Denis-en-Val
45,275,Saint-Firmin-des-Bois
45,276,Saint-Firmin-sur-Loire
45,277,Saint-Florent-le-Jeune
45,278,Sainte-Geneviève-des-Bois
45,279,Saint-Germain-des-Prés
45,280,Saint-Gondon
45,281,Saint-Hilaire-les-Andrésis
45,282,Saint-Hilaire-Saint-Mesmin
45,283,Saint-Hilaire-sur-Puiseaux
45,284,Saint-Jean-de-Braye
45,285,Saint-Jean-de-la-Ruelle
45,286,Saint-Jean-le-Blanc
45,288,Saint-Loup-des-Vignes
45,289,Saint-Lyé-la-Forêt
45,290,Saint-Martin-d'Abbat
45,291,Saint-Martin-sur-Ocre
45,292,Saint-Maurice-sur-Aveyron
45,293,Saint-Maurice-sur-Fessard
45,294,Saint-Michel
45,296,Saint-Péravy-la-Colombe
45,297,Saint-Père-sur-Loire
45,298,Saint-Pryvé-Saint-Mesmin
45,299,Saint-Sigismond
45,300,Sandillon
45,301,Santeau
45,302,Saran
45,303,Sceaux-du-Gâtinais
45,305,Seichebrières
45,306,La Selle-en-Hermoy
45,307,La Selle-sur-le-Bied
45,308,Semoy
45,309,Sennely
45,310,Sermaises
45,311,Sigloy
45,312,Solterre
45,313,Sougy
45,314,Sully-la-Chapelle
45,315,Sully-sur-Loire
45,316,Sury-aux-Bois
45,317,Tavers
45,320,Thignonville
45,321,Thimory
45,322,Thorailles
45,323,Thou
45,324,Tigy
45,325,Tivernon
45,326,Tournoisis
45,327,Traînou
45,328,Treilles-en-Gâtinais
45,329,Triguères
45,330,Trinay
45,331,Vannes-sur-Cosson
45,332,Varennes-Changy
45,333,Vennecy
45,334,Vieilles-Maisons-sur-Joudry
45,335,Vienne-en-Val
45,336,Viglain
45,337,Villamblain
45,338,Villemandeur
45,339,Villemoutiers
45,340,Villemurlin
45,341,Villeneuve-sur-Conie
45,342,Villereau
45,343,Villevoques
45,344,Villorceau
45,345,Vimory
45,346,Vitry-aux-Loges
45,347,Vrigny
45,348,Yèvre-la-Ville
46,001,Albas
46,002,Albiac
46,003,Alvignac
46,004,Anglars
46,005,Anglars-Juillac
46,006,Anglars-Nozac
46,007,Arcambal
46,008,Les Arques
46,009,Assier
46,010,Aujols
46,011,Autoire
46,012,Aynac
46,013,Bach
46,015,Bagnac-sur-Célé
46,016,Baladou
46,017,Bannes
46,018,Le Bastit
46,020,Beauregard
46,021,Béduer
46,022,Bélaye
46,023,Belfort-du-Quercy
46,024,Belmont-Bretenoux
46,026,Belmont-Sainte-Foi
46,027,Berganty
46,028,Bétaille
46,029,Biars-sur-Cère
46,030,Bio
46,031,Blars
46,032,Boissières
46,033,Porte-du-Quercy
46,034,Le Bourg
46,035,Boussac
46,036,Le Bouyssou
46,037,Bouziès
46,038,Bretenoux
46,039,Brengues
46,040,Cabrerets
46,041,Cadrieu
46,042,Cahors
46,043,Cahus
46,044,Caillac
46,045,Cajarc
46,046,Calamane
46,047,Calès
46,049,Calvignac
46,050,Cambayrac
46,051,Cambes
46,052,Camboulit
46,053,Camburat
46,054,Caniac-du-Causse
46,055,Capdenac
46,056,Carayac
46,057,Cardaillac
46,058,Carennac
46,059,Carlucet
46,060,Carnac-Rouffiac
46,061,Cassagnes
46,062,Castelfranc
46,063,Castelnau-Montratier
46,064,Catus
46,065,Cavagnac
46,066,Cazals
46,068,Cénevières
46,069,Cézac
46,070,Cieurac
46,072,Concorès
46,073,Concots
46,074,Condat
46,075,Corn
46,076,Cornac
46,078,Couzou
46,079,Cras
46,080,Crayssac
46,081,Crégols
46,082,Cremps
46,083,Cressensac-Sarrazac
46,084,Creysse
46,085,Cuzac
46,086,Cuzance
46,087,Dégagnac
46,088,Douelle
46,089,Duravel
46,090,Durbans
46,091,Escamps
46,092,Esclauzels
46,093,Espagnac-Sainte-Eulalie
46,094,Espédaillac
46,095,Espère
46,096,Espeyroux
46,097,Estal
46,098,Fajoles
46,100,Faycelles
46,101,Felzins
46,102,Figeac
46,103,Saint-Paul-Flaugnac
46,104,Flaujac-Gare
46,105,Flaujac-Poujols
46,106,Floirac
46,107,Floressas
46,108,Fons
46,109,Fontanes
46,111,Fourmagnac
46,112,Francoulès
46,113,Frayssinet
46,114,Frayssinet-le-Gélat
46,115,Frayssinhes
46,116,Frontenac
46,117,Gagnac-sur-Cère
46,118,Gignac
46,119,Gigouzac
46,120,Gindou
46,121,Ginouillac
46,122,Gintrac
46,123,Girac
46,124,Glanes
46,125,Gorses
46,126,Goujounac
46,127,Gourdon
46,128,Gramat
46,129,Gréalou
46,130,Grézels
46,131,Grèzes
46,132,Issendolus
46,133,Issepts
46,134,Les Junies
46,135,Labastide-du-Haut-Mont
46,136,Labastide-du-Vert
46,137,Labastide-Marnhac
46,138,Cœur de Causse
46,139,Labathude
46,140,Laburgade
46,142,Lacapelle-Cabanac
46,143,Lacapelle-Marival
46,144,Lacave
46,145,Lachapelle-Auzac
46,146,Ladirat
46,147,Lagardelle
46,148,Lalbenque
46,149,Lamagdelaine
46,151,Lamothe-Cassel
46,152,Lamothe-Fénelon
46,153,Lanzac
46,154,Laramière
46,155,Larnagol
46,156,Bellefont-La Rauze
46,157,Larroque-Toirac
46,159,Latouille-Lentillac
46,160,Latronquière
46,161,Lauresses
46,162,Lauzès
46,163,Laval-de-Cère
46,164,Lavercantière
46,165,Lavergne
46,167,Lentillac-du-Causse
46,168,Lentillac-Saint-Blaise
46,169,Léobard
46,170,Leyme
46,171,Lherm
46,172,Pern-Lhospitalet
46,173,Limogne-en-Quercy
46,174,Linac
46,175,Lissac-et-Mouret
46,176,Livernon
46,177,Loubressac
46,178,Loupiac
46,179,Lugagnac
46,180,Lunan
46,181,Lunegarde
46,182,Luzech
46,183,Marcilhac-sur-Célé
46,184,Marminiac
46,185,Martel
46,186,Masclat
46,187,Mauroux
46,188,Maxou
46,189,Mayrinhac-Lentour
46,190,Mechmont
46,191,Mercuès
46,192,Meyronne
46,193,Miers
46,194,Milhac
46,195,Molières
46,196,Montamel
46,197,Le Montat
46,198,Montbrun
46,199,Montcabrier
46,200,Montcléra
46,201,Montcuq-en-Quercy-Blanc
46,202,Montdoumerc
46,203,Montet-et-Bouxal
46,204,Montfaucon
46,205,Montgesty
46,206,Montlauzun
46,207,Montredon
46,208,Montvalent
46,209,Nadaillac-de-Rouge
46,210,Nadillac
46,211,Nuzéjouls
46,212,Orniac
46,213,Padirac
46,214,Parnac
46,215,Payrac
46,216,Payrignac
46,218,Pescadoires
46,219,Peyrilles
46,220,Pinsac
46,221,Planioles
46,222,Pomarède
46,223,Pontcirq
46,224,Pradines
46,225,Prayssac
46,226,Prendeignes
46,227,Promilhanes
46,228,Prudhomat
46,229,Puybrun
46,230,Puyjourdes
46,231,Puy-l'Évêque
46,232,Le Vignon-en-Quercy
46,233,Quissac-en-Quercy
46,234,Rampoux
46,235,Reilhac
46,236,Reilhaguet
46,237,Reyrevignes
46,238,Rignac
46,239,Le Roc
46,240,Rocamadour
46,241,Rouffilhac
46,242,Rudelle
46,243,Rueyres
46,244,Sabadel-Latronquière
46,245,Sabadel-Lauzès
46,246,Saignes
46,247,Saillac
46,249,Saint-Bressou
46,250,Saint-Caprais
46,251,Saint-Céré
46,252,Les Pechs du Vers
46,253,Saint-Chamarand
46,254,Saint-Chels
46,255,Saint-Cirgues
46,256,Saint-Cirq-Lapopie
46,257,Saint-Cirq-Madelon
46,258,Saint-Cirq-Souillaguet
46,259,Saint-Clair
46,260,Sainte-Colombe
46,262,Lendou-en-Quercy
46,263,Barguelonne-en-Quercy
46,264,Saint-Denis-Catus
46,265,Saint-Denis-lès-Martel
46,266,Saint-Félix
46,267,Saint-Germain-du-Bel-Air
46,268,Saint Géry-Vers
46,269,Saint-Hilaire
46,270,Saint-Jean-de-Laur
46,271,Saint-Jean-Lespinasse
46,272,Saint-Jean-Mirabel
46,273,Saint-Laurent-les-Tours
46,276,Saint-Martin-Labouval
46,277,Saint-Martin-le-Redon
46,279,Saint-Maurice-en-Quercy
46,280,Saint-Médard
46,281,Saint-Médard-de-Presque
46,282,Saint-Médard-Nicourby
46,283,Saint-Michel-de-Bannières
46,284,Saint-Michel-Loubéjou
46,286,Saint-Paul-de-Vern
46,288,Saint-Perdoux
46,289,Saint-Pierre-Toirac
46,290,Saint-Projet
46,292,Saint-Simon
46,293,Saint-Sozy
46,294,Saint-Sulpice
46,295,Saint-Vincent-du-Pendit
46,296,Saint-Vincent-Rive-d'Olt
46,297,Salviac
46,299,Sauliac-sur-Célé
46,301,Sauzet
46,302,Sénaillac-Latronquière
46,303,Sénaillac-Lauzès
46,304,Séniergues
46,305,Sérignac
46,306,Sonac
46,307,Soturac
46,308,Soucirac
46,309,Souillac
46,310,Soulomès
46,311,Sousceyrac-en-Quercy
46,312,Strenquels
46,313,Tauriac
46,314,Terrou
46,315,Teyssieu
46,316,Thédirac
46,317,Thégra
46,318,Thémines
46,319,Théminettes
46,320,Tour-de-Faure
46,321,Touzac
46,322,Trespoux-Rassiels
46,323,Ussel
46,324,Uzech
46,328,Varaire
46,329,Vaylats
46,330,Vayrac
46,332,Viazac
46,333,Vidaillac
46,334,Le Vigan-en-Quercy
46,335,Villesèque
46,336,Vire-sur-Lot
46,337,Mayrac
46,338,Bessonies
46,339,Saint-Jean-Lagineste
46,340,Saint-Pierre-Lafeuille
47,001,Agen
47,002,Agmé
47,003,Agnac
47,004,Aiguillon
47,005,Allemans-du-Dropt
47,006,Allez-et-Cazeneuve
47,007,Allons
47,008,Ambrus
47,009,Andiran
47,010,Antagnac
47,011,Anthé
47,012,Anzex
47,013,Argenton
47,014,Armillac
47,015,Astaffort
47,016,Aubiac
47,017,Auradou
47,018,Auriac-sur-Dropt
47,019,Bajamont
47,020,Baleyssagues
47,021,Barbaste
47,022,Bazens
47,023,Beaugas
47,024,Beaupuy
47,025,Beauville
47,026,Beauziac
47,027,Bias
47,028,Birac-sur-Trec
47,029,Blanquefort-sur-Briolance
47,030,Blaymont
47,031,Boé
47,032,Bon-Encontre
47,033,Boudy-de-Beauregard
47,034,Bouglon
47,035,Bourgougnague
47,036,Bourlens
47,037,Bournel
47,038,Bourran
47,039,Boussès
47,040,Brax
47,041,Bruch
47,042,Brugnac
47,043,Buzet-sur-Baïse
47,044,Cahuzac
47,045,Calignac
47,046,Calonges
47,047,Cambes
47,048,Cancon
47,049,Casseneuil
47,050,Cassignas
47,051,Castelculier
47,052,Casteljaloux
47,053,Castella
47,054,Castelmoron-sur-Lot
47,055,Castelnaud-de-Gratecambe
47,056,Castelnau-sur-Gupie
47,057,Castillonnès
47,058,Caubeyres
47,059,Caubon-Saint-Sauveur
47,060,Caudecoste
47,061,Caumont-sur-Garonne
47,062,Cauzac
47,063,Cavarc
47,064,Cazideroque
47,065,Clairac
47,066,Clermont-Dessous
47,067,Clermont-Soubiran
47,068,Cocumont
47,069,Colayrac-Saint-Cirq
47,070,Condezaygues
47,071,Coulx
47,072,Courbiac
47,073,Cours
47,074,Couthures-sur-Garonne
47,075,La Croix-Blanche
47,076,Cuq
47,077,Cuzorn
47,078,Damazan
47,079,Dausse
47,080,Dévillac
47,081,Dolmayrac
47,082,Dondas
47,083,Doudrac
47,084,Douzains
47,085,Durance
47,086,Duras
47,087,Engayrac
47,088,Escassefort
47,089,Esclottes
47,090,Espiens
47,091,Estillac
47,092,Fals
47,093,Fargues-sur-Ourbise
47,094,Fauguerolles
47,095,Fauillet
47,096,Ferrensac
47,097,Feugarolles
47,098,Fieux
47,099,Fongrave
47,100,Foulayronnes
47,101,Fourques-sur-Garonne
47,102,Francescas
47,103,Fréchou
47,104,Frégimont
47,105,Frespech
47,106,Fumel
47,107,Galapian
47,108,Gaujac
47,109,Gavaudun
47,110,Gontaud-de-Nogaret
47,111,Granges-sur-Lot
47,112,Grateloup-Saint-Gayrand
47,113,Grayssas
47,114,Grézet-Cavagnan
47,115,Guérin
47,117,Hautefage-la-Tour
47,118,Hautesvignes
47,119,Houeillès
47,120,Jusix
47,121,Labastide-Castel-Amouroux
47,122,Labretonie
47,123,Lacapelle-Biron
47,124,Lacaussade
47,125,Lacépède
47,126,Lachapelle
47,127,Lafitte-sur-Lot
47,128,Lafox
47,129,Lagarrigue
47,130,Lagruère
47,131,Lagupie
47,132,Lalandusse
47,133,Lamontjoie
47,134,Lannes
47,135,Laparade
47,136,Laperche
47,137,Laplume
47,138,Laroque-Timbaut
47,139,Lasserre
47,140,Laugnac
47,141,Laussou
47,142,Lauzun
47,143,Lavardac
47,144,Lavergne
47,145,Layrac
47,146,Lédat
47,147,Lévignac-de-Guyenne
47,148,Leyritz-Moncassin
47,150,Longueville
47,151,Loubès-Bernac
47,152,Lougratte
47,154,Lusignan-Petit
47,155,Madaillan
47,156,Marcellus
47,157,Marmande
47,158,Marmont-Pachas
47,159,Le Mas-d'Agenais
47,160,Masquières
47,161,Massels
47,162,Massoulès
47,163,Mauvezin-sur-Gupie
47,164,Mazières-Naresse
47,165,Meilhan-sur-Garonne
47,167,Mézin
47,168,Miramont-de-Guyenne
47,169,Moirax
47,170,Monbahus
47,171,Monbalen
47,172,Moncaut
47,173,Monclar
47,174,Moncrabeau
47,175,Monflanquin
47,176,Montgaillard-en-Albret
47,177,Monheurt
47,178,Monségur
47,179,Monsempron-Libos
47,180,Montagnac-sur-Auvignon
47,181,Montagnac-sur-Lède
47,182,Montastruc
47,183,Montauriol
47,184,Montaut
47,185,Montayral
47,186,Montesquieu
47,187,Monteton
47,188,Montignac-de-Lauzun
47,189,Montignac-Toupinerie
47,190,Montpezat
47,191,Montpouillan
47,192,Monviel
47,193,Moulinet
47,194,Moustier
47,195,Nérac
47,196,Nicole
47,197,Nomdieu
47,198,Pailloles
47,199,Pardaillan
47,200,Parranquet
47,201,Le Passage
47,202,Paulhiac
47,203,Penne-d'Agenais
47,204,Peyrière
47,205,Pindères
47,206,Pinel-Hauterive
47,207,Pompiey
47,208,Pompogne
47,209,Pont-du-Casse
47,210,Port-Sainte-Marie
47,211,Poudenas
47,212,Poussignac
47,213,Prayssas
47,214,Puch-d'Agenais
47,215,Pujols
47,216,Puymiclan
47,217,Puymirol
47,218,Puysserampion
47,219,Rayet
47,220,Razimet
47,221,Réaup-Lisse
47,222,La Réunion
47,223,Rives
47,224,Romestaing
47,225,Roquefort
47,226,Roumagne
47,227,Ruffiac
47,228,Saint-Antoine-de-Ficalba
47,229,Saint-Astier
47,230,Saint-Aubin
47,231,Saint-Avit
47,232,Saint-Barthélemy-d'Agenais
47,233,Sainte-Bazeille
47,234,Saint-Caprais-de-Lerm
47,235,Saint-Colomb-de-Lauzun
47,236,Sainte-Colombe-de-Duras
47,237,Sainte-Colombe-de-Villeneuve
47,238,Sainte-Colombe-en-Bruilhois
47,239,Saint-Étienne-de-Fougères
47,240,Saint-Étienne-de-Villeréal
47,241,Saint-Eutrope-de-Born
47,242,Saint-Front-sur-Lémance
47,244,Sainte-Gemme-Martaillac
47,245,Saint-Géraud
47,246,Saint-Hilaire-de-Lusignan
47,247,Saint-Jean-de-Duras
47,248,Saint-Jean-de-Thurac
47,249,Saint-Laurent
47,250,Saint-Léger
47,251,Saint-Léon
47,252,Sainte-Livrade-sur-Lot
47,253,Sainte-Marthe
47,254,Saint-Martin-Curton
47,255,Saint-Martin-de-Beauville
47,256,Saint-Martin-de-Villeréal
47,257,Saint-Martin-Petit
47,258,Sainte-Maure-de-Peyriac
47,259,Saint-Maurice-de-Lestapel
47,260,Saint-Maurin
47,262,Saint-Nicolas-de-la-Balerme
47,263,Saint-Pardoux-du-Breuil
47,264,Saint-Pardoux-Isaac
47,265,Saint-Pastour
47,266,Saint-Pé-Saint-Simon
47,267,Saint-Pierre-de-Buzet
47,269,Saint-Pierre-de-Clairac
47,271,Saint-Pierre-sur-Dropt
47,272,Saint-Quentin-du-Dropt
47,273,Saint-Robert
47,274,Saint-Romain-le-Noble
47,275,Saint-Salvy
47,276,Saint-Sardos
47,277,Saint-Sauveur-de-Meilhan
47,278,Saint-Sernin
47,279,Saint-Sixte
47,280,Saint-Sylvestre-sur-Lot
47,281,Saint-Urcisse
47,282,Saint-Vincent-de-Lamontjoie
47,283,Saint-Vite
47,284,Salles
47,285,Samazan
47,286,Sauméjan
47,287,Saumont
47,288,Sauvagnas
47,289,La Sauvetat-de-Savères
47,290,La Sauvetat-du-Dropt
47,291,La Sauvetat-sur-Lède
47,292,Sauveterre-la-Lémance
47,293,Sauveterre-Saint-Denis
47,294,Savignac-de-Duras
47,295,Savignac-sur-Leyze
47,296,Ségalas
47,297,Sembas
47,298,Sénestis
47,299,Sérignac-Péboudou
47,300,Sérignac-sur-Garonne
47,301,Seyches
47,302,Sos
47,303,Soumensac
47,304,Taillebourg
47,305,Tayrac
47,306,Le Temple-sur-Lot
47,307,Thézac
47,308,Thouars-sur-Garonne
47,309,Tombebœuf
47,310,Tonneins
47,311,Tourliac
47,312,Tournon-d'Agenais
47,313,Tourtrès
47,314,Trémons
47,315,Trentels
47,316,Varès
47,317,Verteuil-d'Agenais
47,318,Vianne
47,319,Villebramar
47,320,Villefranche-du-Queyran
47,321,Villeneuve-de-Duras
47,323,Villeneuve-sur-Lot
47,324,Villeréal
47,325,Villeton
47,326,Virazeil
47,327,Xaintrailles
47,328,Saint-Georges
48,001,Albaret-le-Comtal
48,002,Albaret-Sainte-Marie
48,003,Allenc
48,004,Altier
48,005,Antrenas
48,007,Arzenc-d'Apcher
48,008,Arzenc-de-Randon
48,009,Peyre en Aubrac
48,010,Auroux
48,012,Les Monts-Verts
48,013,Badaroux
48,015,Pied-de-Borne
48,016,Balsièges
48,017,Banassac-Canilhac
48,018,Barjac
48,019,Barre-des-Cévennes
48,020,Bassurels
48,021,La Bastide-Puylaurent
48,025,Les Bessons
48,026,Blavignac
48,027,Mont Lozère et Goulet
48,028,Les Bondons
48,029,Le Born
48,030,Brenoux
48,031,Brion
48,032,Le Buisson
48,034,La Canourgue
48,036,Cassagnas
48,037,Chadenet
48,038,Bel-Air-Val-d'Ance
48,039,Chanac
48,041,Chastanier
48,042,Chastel-Nouvel
48,043,Châteauneuf-de-Randon
48,044,Chauchailles
48,045,Chaudeyrac
48,046,Chaulhac
48,048,Cheylard-l'Évêque
48,050,Bédouès-Cocurès
48,051,Le Collet-de-Dèze
48,053,Cubières
48,054,Cubiérettes
48,055,Cultures
48,056,Esclanèdes
48,058,La Fage-Montivernoux
48,059,La Fage-Saint-Julien
48,061,Florac Trois Rivières
48,063,Fontans
48,064,Fournels
48,065,Fraissinet-de-Fourques
48,067,Gabriac
48,068,Gabrias
48,069,Gatuzières
48,070,Grandrieu
48,071,Grandvals
48,072,Grèzes
48,073,Les Hermaux
48,074,Hures-la-Parade
48,075,Ispagnac
48,077,Julianges
48,079,Lajo
48,080,Langogne
48,081,Lanuéjols
48,082,Laubert
48,083,Les Laubies
48,085,Laval-du-Tarn
48,086,Luc
48,087,Prinsuéjols-Malbouzon
48,088,La Malène
48,089,Le Malzieu-Forain
48,090,Le Malzieu-Ville
48,091,Marchastel
48,092,Marvejols
48,094,Massegros Causses Gorges
48,095,Mende
48,096,Meyrueis
48,097,Moissac-Vallée-Française
48,098,Molezon
48,099,Bourgs sur Colagne
48,100,Montbel
48,103,Montrodat
48,104,Nasbinals
48,105,Naussac-Fontanes
48,106,Noalhac
48,107,Palhers
48,108,La Panouse
48,110,Paulhac-en-Margeride
48,111,Pelouse
48,112,Pierrefiche
48,115,Le Pompidou
48,116,Pont de Montvert - Sud Mont Lozère
48,117,Pourcharesses
48,119,Prévenchères
48,121,Prunières
48,123,Recoules-d'Aubrac
48,124,Recoules-de-Fumas
48,126,Lachamp-Ribennes
48,127,Monts-de-Randon
48,128,Rimeize
48,129,Rocles
48,130,Rousses
48,131,Le Rozier
48,132,Saint-Alban-sur-Limagnole
48,135,Saint-André-Capcèze
48,136,Saint-André-de-Lancize
48,137,Saint-Bauzile
48,138,Saint-Bonnet-de-Chirac
48,139,Saint Bonnet-Laval
48,140,Saint-Chély-d'Apcher
48,141,Mas-Saint-Chély
48,144,Sainte-Croix-Vallée-Française
48,145,Saint-Denis-en-Margeride
48,146,Gorges du Tarn Causses
48,147,Saint-Étienne-du-Valdonnez
48,148,Saint-Étienne-Vallée-Française
48,149,Sainte-Eulalie
48,150,Saint-Flour-de-Mercoire
48,151,Saint-Frézal-d'Albuges
48,152,Ventalon en Cévennes
48,153,Saint-Gal
48,155,Saint-Germain-de-Calberte
48,156,Saint-Germain-du-Teil
48,157,Sainte-Hélène
48,158,Saint-Hilaire-de-Lavit
48,160,Saint-Jean-la-Fouillouse
48,161,Saint-Juéry
48,163,Saint-Julien-des-Points
48,165,Saint-Laurent-de-Muret
48,166,Cans et Cévennes
48,167,Saint-Laurent-de-Veyrès
48,168,Saint-Léger-de-Peyre
48,169,Saint-Léger-du-Malzieu
48,170,Saint-Martin-de-Boubaux
48,171,Saint-Martin-de-Lansuscle
48,173,Saint-Michel-de-Dèze
48,174,Saint-Paul-le-Froid
48,175,Saint-Pierre-de-Nogaret
48,176,Saint-Pierre-des-Tripiers
48,177,Saint-Pierre-le-Vieux
48,178,Saint-Privat-de-Vallongue
48,179,Saint-Privat-du-Fau
48,181,Saint-Saturnin
48,182,Saint-Sauveur-de-Ginestoux
48,185,Les Salelles
48,187,Les Salces
48,188,Serverette
48,190,Termes
48,191,La Tieule
48,192,Trélans
48,193,Vebron
48,194,Vialas
48,198,Villefort
49,002,Allonnes
49,003,Tuffalun
49,007,Angers
49,008,Angrie
49,009,Antoigné
49,010,Armaillé
49,011,Artannes-sur-Thouet
49,012,Aubigné-sur-Layon
49,015,Avrillé
49,017,Baracé
49,018,Baugé-en-Anjou
49,020,Beaucouzé
49,021,Beaufort-en-Anjou
49,022,Beaulieu-sur-Layon
49,023,Beaupréau-en-Mauges
49,026,Bécon-les-Granits
49,027,Bégrolles-en-Mauges
49,028,Béhuard
49,029,Blaison-Saint-Sulpice
49,030,Blou
49,035,Bouchemaine
49,036,Bouillé-Ménard
49,038,Bourg-l'Évêque
49,041,Brain-sur-Allonnes
49,045,La Breille-les-Pins
49,048,Briollay
49,050,Brissac Loire Aubance
49,053,Brossay
49,054,Candé
49,055,Cantenay-Épinard
49,056,Carbay
49,057,Cernusson
49,058,Les Cerqueux
49,060,Bellevigne-les-Châteaux
49,061,Challain-la-Potherie
49,063,Chalonnes-sur-Loire
49,064,Chambellay
49,067,Chenillé-Champteussé
49,068,Champtocé-sur-Loire
49,070,Chanteloup-les-Bois
49,076,La Chapelle-Saint-Laud
49,080,Les Hauts-d'Anjou
49,082,Chaudefonds-sur-Layon
49,086,Terranjou
49,089,Chazé-sur-Argos
49,090,Cheffes
49,092,Chemillé-en-Anjou
49,099,Cholet
49,100,Cizay-la-Madeleine
49,102,Cléré-sur-Layon
49,107,Cornillé-les-Caves
49,109,Coron
49,110,Corzé
49,112,Le Coudray-Macouard
49,113,Courchamps
49,114,Courléon
49,120,Denée
49,121,Dénezé-sous-Doué
49,123,Distré
49,125,Doué-en-Anjou
49,126,Orée d'Anjou
49,127,Durtal
49,129,Écouflant
49,130,Écuillé
49,131,Épieds
49,132,Étriché
49,135,Feneu
49,138,Les Bois d'Anjou
49,140,Fontevraud-l'Abbaye
49,155,Grez-Neuville
49,160,Ingrandes-le-Fresne-sur-Loire
49,161,La Jaille-Yvon
49,163,Jarzé Villages
49,167,Les Garennes sur Loire
49,170,Juvardeil
49,171,La Lande-Chasles
49,174,Huillé-Lézigné
49,176,Le Lion-d'Angers
49,178,Loiré
49,180,Longué-Jumelles
49,182,Louresse-Rochemenier
49,183,Val d'Erdre-Auxence
49,188,Marcé
49,192,Maulévrier
49,193,Le May-sur-Èvre
49,194,Mazé-Milon
49,195,Mazières-en-Mauges
49,200,Longuenée-en-Anjou
49,201,La Ménitré
49,205,Miré
49,209,Montigné-lès-Rairies
49,211,Montilliers
49,214,Montreuil-Juigné
49,215,Montreuil-Bellay
49,216,Montreuil-sur-Loir
49,217,Montreuil-sur-Maine
49,218,Montrevault-sur-Èvre
49,219,Montsoreau
49,220,Morannes sur Sarthe-Daumeray
49,221,Mouliherne
49,222,Mozé-sur-Louet
49,223,Mûrs-Erigné
49,224,Neuillé
49,228,Noyant-Villages
49,231,Nuaillé
49,235,Parnay
49,236,Passavant-sur-Layon
49,237,La Pellerine
49,240,La Plaine
49,241,Le Plessis-Grammoire
49,244,Mauges-sur-Loire
49,246,Les Ponts-de-Cé
49,247,La Possonnière
49,248,Ombrée d'Anjou
49,253,Le Puy-Notre-Dame
49,257,Les Rairies
49,259,Rochefort-sur-Loire
49,260,La Romagne
49,261,Gennes-Val-de-Loire
49,262,Rou-Marson
49,266,Saint-Augustin-des-Bois
49,267,Saint-Barthélemy-d'Anjou
49,269,Saint-Christophe-du-Bois
49,271,Saint-Clément-de-la-Place
49,272,Saint-Clément-des-Levées
49,278,Sainte-Gemmes-sur-Loire
49,283,Saint-Georges-sur-Loire
49,284,Saint-Germain-des-Prés
49,288,Saint-Jean-de-la-Croix
49,291,Saint-Just-sur-Dive
49,292,Val-du-Layon
49,294,Saint-Lambert-la-Potherie
49,298,Saint-Léger-de-Linières
49,299,Saint-Léger-sous-Cholet
49,301,Sèvremoine
49,302,Saint-Macaire-du-Bois
49,306,Saint-Martin-du-Fouilloux
49,307,Loire-Authion
49,308,Saint-Melaine-sur-Aubance
49,310,Saint-Paul-du-Bois
49,311,Saint-Philbert-du-Peuple
49,323,Verrières-en-Anjou
49,326,Sarrigné
49,328,Saumur
49,329,Savennières
49,330,Sceaux-d'Anjou
49,331,Segré-en-Anjou Bleu
49,332,La Séguinière
49,333,Seiches-sur-le-Loir
49,334,Sermaise
49,336,Somloire
49,338,Soulaines-sur-Aubance
49,339,Soulaire-et-Bourg
49,341,Souzay-Champigny
49,343,La Tessoualle
49,344,Thorigné-d'Anjou
49,345,Bellevigne-en-Layon
49,347,Tiercé
49,352,Toutlemonde
49,353,Trélazé
49,355,Trémentines
49,358,Turquant
49,359,Les Ulmes
49,361,Varennes-sur-Loire
49,362,Varrains
49,364,Vaudelnay
49,367,Erdre-en-Anjou
49,368,Vernantes
49,369,Vernoil-le-Fourrier
49,370,Verrie
49,371,Vezins
49,373,Lys-Haut-Layon
49,374,Villebernier
49,377,Rives-du-Loir-en-Anjou
49,378,Vivy
49,381,Yzernay
50,002,Agneaux
50,003,Agon-Coutainville
50,004,Airel
50,006,Amigny
50,008,Anctoville-sur-Boscq
50,013,Anneville-en-Saire
50,016,Appeville
50,019,Aucey-la-Plaine
50,021,Audouville-la-Hubert
50,022,Aumeville-Lestre
50,023,Auvers
50,024,Auxais
50,025,Avranches
50,026,Azeville
50,027,Bacilly
50,028,La Baleine
50,029,Barenton
50,030,Barfleur
50,031,Barneville-Carteret
50,032,La Barre-de-Semilly
50,033,Baubigny
50,034,Baudre
50,036,Baupte
50,038,Beauchamps
50,039,Beaucoudray
50,040,Beauficel
50,041,La Hague
50,042,Beauvoir
50,044,Belval
50,045,Benoîtville
50,046,Bérigny
50,048,Beslon
50,049,Besneville
50,050,Beuvrigny
50,052,Beuzeville-la-Bastille
50,054,Biéville
50,055,Biniville
50,058,Blainville-sur-Mer
50,059,Blosville
50,060,La Bloutière
50,062,Boisyvon
50,064,La Bonneville
50,066,Jullouville
50,069,Bourguenolles
50,070,Boutteville
50,072,Brainville
50,074,Brécey
50,076,Bréhal
50,077,Bretteville
50,078,Bretteville-sur-Ay
50,079,Breuville
50,081,Bréville-sur-Mer
50,082,Bricquebec-en-Cotentin
50,083,Bricquebosq
50,084,Bricqueville-la-Blouette
50,085,Bricqueville-sur-Mer
50,086,Brillevast
50,087,Brix
50,088,Brouains
50,090,Buais-Les-Monts
50,092,Cambernon
50,093,Cametours
50,094,Camprond
50,095,Canisy
50,096,Canteloup
50,097,Canville-la-Rocque
50,098,Carantilly
50,099,Carentan-les-Marais
50,101,Carneville
50,102,Carolles
50,105,Catteville
50,106,Cavigny
50,108,Céaux
50,109,Cérences
50,110,Cerisy-la-Forêt
50,111,Cerisy-la-Salle
50,112,La Chaise-Baudouin
50,115,Le Grippon
50,117,Champeaux
50,118,Champrepus
50,120,Chanteloup
50,121,La Chapelle-Cécelin
50,124,La Chapelle-Urée
50,126,Chavoy
50,129,Cherbourg-en-Cotentin
50,130,Chérencé-le-Héron
50,135,Clitourps
50,137,La Colombe
50,138,Colomby
50,139,Condé-sur-Vire
50,142,Vicq-sur-Mer
50,143,Coudeville-sur-Mer
50,144,Coulouvray-Boisbenâtre
50,145,Courcy
50,146,Courtils
50,147,Coutances
50,148,Couvains
50,149,Couville
50,150,Crasville
50,151,Créances
50,152,Les Cresnays
50,155,Crollon
50,156,Crosville-sur-Douve
50,158,Cuves
50,159,Dangy
50,161,Le Dézert
50,162,Digosville
50,164,Domjean
50,165,Donville-les-Bains
50,166,Doville
50,167,Dragey-Ronthon
50,168,Ducey-Les Chéris
50,169,Écausseville
50,172,Émondeville
50,174,Équilly
50,175,Éroudeville
50,176,L'Étang-Bertrand
50,177,Étienville
50,178,Fermanville
50,181,Feugères
50,182,La Feuillie
50,183,Fierville-les-Mines
50,184,Flamanville
50,185,Fleury
50,186,Flottemanville
50,188,Folligny
50,190,Fontenay-sur-Mer
50,192,Fourneaux
50,193,Le Fresne-Poret
50,194,Fresville
50,195,Gathemo
50,196,Gatteville-le-Phare
50,197,Gavray-sur-Sienne
50,198,Geffosses
50,199,Genêts
50,200,Ger
50,205,La Godefroy
50,207,Golleville
50,208,Gonfreville
50,209,Gonneville-Le Theil
50,210,Gorges
50,214,Gouvets
50,215,Gouville-sur-Mer
50,216,Graignes-Mesnil-Angot
50,217,Le Grand-Celland
50,218,Granville
50,219,Gratot
50,221,Grimesnil
50,222,Grosville
50,225,Le Guislain
50,227,Le Ham
50,228,Hambye
50,229,Hamelin
50,230,Hardinvast
50,231,Hauteville-sur-Mer
50,232,Hauteville-la-Guichard
50,233,Hautteville-Bocage
50,234,La Haye-Bellefond
50,235,La Haye-d'Ectot
50,236,La Haye
50,237,La Haye-Pesnel
50,238,Héauville
50,239,Thèreval
50,240,Helleville
50,241,Hémevez
50,243,Heugueville-sur-Sienne
50,246,Hiesville
50,247,Hocquigny
50,251,Huberville
50,252,Hudimesnil
50,253,Huisnes-sur-Mer
50,256,Isigny-le-Buat
50,258,Joganville
50,259,Juilley
50,260,Juvigny les Vallées
50,261,Lamberville
50,262,La Lande-d'Airou
50,263,Lapenty
50,265,Laulne
50,266,Lengronne
50,267,Lessay
50,268,Lestre
50,269,Liesville-sur-Douve
50,270,Lieusaint
50,271,Lingeard
50,272,Tourneville-sur-Mer
50,273,Montsenelle
50,274,Les Loges-Marchis
50,275,Les Loges-sur-Brécey
50,276,Lolif
50,277,Longueville
50,278,Le Loreur
50,279,Le Lorey
50,281,La Lucerne-d'Outremer
50,282,Le Luot
50,283,La Luzerne
50,285,Magneville
50,288,Marcey-les-Grèves
50,289,Marchésieux
50,290,Marcilly
50,291,Margueray
50,292,Marigny-Le-Lozon
50,294,Martinvast
50,295,Maupertuis
50,296,Maupertus-sur-Mer
50,297,La Meauffe
50,298,Méautis
50,299,Le Mesnil
50,300,Le Mesnil-Adelée
50,302,Le Mesnil-Amey
50,304,Le Mesnil-Aubert
50,305,Le Mesnil-au-Val
50,310,Le Mesnil-Eury
50,311,Le Mesnil-Garnier
50,312,Le Mesnil-Gilbert
50,315,Le Mesnillard
50,317,Le Mesnil-Ozenne
50,321,Le Mesnil-Rouxelin
50,324,Le Mesnil-Véneron
50,326,Le Mesnil-Villeman
50,327,La Meurdraquière
50,328,Millières
50,332,Les Moitiers-d'Allonne
50,334,Montabot
50,335,Montaigu-la-Brisette
50,336,Montaigu-les-Bois
50,338,Montbray
50,340,Montcuit
50,341,Montebourg
50,342,Montfarville
50,345,Monthuchon
50,347,Montjoie-Saint-Martin
50,349,Montmartin-sur-Mer
50,350,Montpinchon
50,351,Montrabot
50,352,Montreuil-sur-Lozon
50,353,Le Mont-Saint-Michel
50,356,Moon-sur-Elle
50,357,Morigny
50,359,Mortain-Bocage
50,360,Morville
50,361,La Mouche
50,362,Moulines
50,363,Moyon Villages
50,364,Muneville-le-Bingard
50,365,Muneville-sur-Mer
50,368,Nay
50,369,Négreville
50,370,Néhou
50,371,Le Neufbourg
50,372,Neufmesnil
50,373,Neuville-au-Plain
50,374,Neuville-en-Beaumont
50,376,Nicorps
50,378,Notre-Dame-de-Cenilly
50,379,Notre-Dame-de-Livoye
50,382,Nouainville
50,384,Octeville-l'Avenel
50,387,Orglandes
50,388,Orval sur Sienne
50,389,Ouville
50,390,Ozeville
50,391,Grandparigny
50,393,Percy-en-Normandie
50,394,Périers
50,395,La Pernelle
50,397,Perriers-en-Beauficel
50,398,Le Perron
50,399,Le Petit-Celland
50,400,Picauville
50,401,Pierreville
50,402,Les Pieux
50,403,Pirou
50,405,Le Plessis-Lastelle
50,407,Poilley
50,408,Pontaubault
50,409,Pont-Hébert
50,410,Pontorson
50,411,Ponts
50,412,Port-Bail-sur-Mer
50,413,Précey
50,417,Quettehou
50,419,Quettreville-sur-Sienne
50,420,Quibou
50,421,Quinéville
50,422,Raids
50,423,Rampan
50,425,Rauville-la-Bigot
50,426,Rauville-la-Place
50,428,Reffuveille
50,429,Regnéville-sur-Mer
50,430,Reigneville-Bocage
50,431,Remilly Les Marais
50,433,Réville
50,435,Rocheville
50,436,Romagny Fontenay
50,437,Roncey
50,442,Le Rozel
50,443,Sacey
50,444,Saint-Amand-Villages
50,445,Saint-André-de-Bohon
50,446,Saint-André-de-l'Épine
50,447,Saint-Aubin-des-Préaux
50,448,Saint-Aubin-de-Terregatte
50,450,Saint-Barthélemy
50,451,Saint-Brice
50,452,Saint-Brice-de-Landelles
50,453,Sainte-Cécile
50,454,Saint-Christophe-du-Foc
50,455,Saint-Clair-sur-l'Elle
50,456,Saint-Clément-Rancoudray
50,457,Sainte-Colombe
50,461,Saint-Cyr-Bocage
50,462,Saint-Cyr-du-Bailleul
50,463,Saint-Denis-le-Gast
50,464,Saint-Denis-le-Vêtu
50,467,Saint-Floxel
50,468,Saint-Fromond
50,469,Sainte-Geneviève
50,471,Saint-Georges-de-la-Rivière
50,472,Saint-Georges-de-Livoye
50,473,Saint-Georges-d'Elle
50,474,Saint-Georges-de-Rouelley
50,475,Saint-Georges-Montcocq
50,476,Saint-Germain-d'Elle
50,478,Saint-Germain-de-Tournebut
50,479,Saint-Germain-de-Varreville
50,480,Saint-Germain-le-Gaillard
50,481,Saint-Germain-sur-Ay
50,482,Saint-Germain-sur-Sèves
50,483,Saint-Gilles
50,484,Saint-Hilaire-du-Harcouët
50,486,Saint-Jacques-de-Néhou
50,487,Saint-James
50,488,Saint-Jean-de-Daye
50,489,Saint-Jean-de-la-Haize
50,490,Saint-Jean-de-la-Rivière
50,491,Saint-Jean-de-Savigny
50,492,Saint-Jean-d'Elle
50,493,Saint-Jean-des-Champs
50,495,Saint-Jean-du-Corail-des-Bois
50,496,Saint-Jean-le-Thomas
50,498,Saint-Joseph
50,499,Saint-Laurent-de-Cuves
50,500,Saint-Laurent-de-Terregatte
50,502,Saint-Lô
50,504,Saint-Louet-sur-Vire
50,505,Saint-Loup
50,506,Saint-Malo-de-la-Lande
50,507,Saint-Marcouf
50,509,Sainte-Marie-du-Mont
50,510,Saint-Martin-d'Aubigny
50,511,Saint-Martin-d'Audouville
50,512,Saint-Martin-de-Bonfossé
50,513,Saint-Martin-de-Cenilly
50,514,Chaulieu
50,517,Saint-Martin-de-Varreville
50,518,Saint-Martin-le-Bouillant
50,519,Saint-Martin-le-Gréard
50,521,Saint-Maur-des-Bois
50,522,Saint-Maurice-en-Cotentin
50,523,Sainte-Mère-Église
50,525,Saint-Michel-de-Montjoie
50,528,Saint-Nicolas-de-Pierrepont
50,529,Saint-Nicolas-des-Bois
50,531,Saint-Ovin
50,532,Saint-Pair-sur-Mer
50,533,Saint-Patrice-de-Claids
50,535,Le Parc
50,536,Saint-Pierre-d'Arthéglise
50,537,Saint-Pierre-de-Coutances
50,538,Saint-Pierre-de-Semilly
50,539,Saint-Pierre-Église
50,540,Saint-Pierre-Langers
50,541,Saint-Planchers
50,542,Saint-Pois
50,543,Saint-Quentin-sur-le-Homme
50,546,Bourgvallées
50,548,Saint-Sauveur-de-Pierrepont
50,549,Saint-Sauveur-la-Pommeraye
50,550,Saint-Sauveur-Villages
50,551,Saint-Sauveur-le-Vicomte
50,552,Saint-Sébastien-de-Raids
50,553,Saint-Senier-de-Beuvron
50,554,Saint-Senier-sous-Avranches
50,556,Sainte-Suzanne-sur-Vire
50,562,Saint-Vaast-la-Hougue
50,563,Saint-Vigor-des-Monts
50,564,Terre-et-Marais
50,565,Sartilly-Baie-Bocage
50,567,Saussemesnil
50,568,Saussey
50,569,Savigny
50,570,Savigny-le-Vieux
50,571,Sébeville
50,572,Sénoville
50,574,Servon
50,575,Sideville
50,576,Siouville-Hague
50,577,Sortosville-en-Beaumont
50,578,Sortosville
50,579,Sottevast
50,580,Sotteville
50,582,Sourdeval
50,584,Subligny
50,585,Surtainville
50,587,Taillepied
50,588,Tamerville
50,589,Tanis
50,590,Le Tanu
50,591,Le Teilleul
50,592,Tessy-Bocage
50,593,Teurthéville-Bocage
50,594,Teurthéville-Hague
50,596,Théville
50,597,Tirepied-sur-Sée
50,598,Tocqueville
50,599,Tollevast
50,601,Torigny-les-Villes
50,603,Tourville-sur-Sienne
50,604,Tréauville
50,606,Tribehou
50,607,La Trinité
50,609,Turqueville
50,610,Urville
50,612,Vains
50,613,Valcanville
50,615,Valognes
50,616,Le Val-Saint-Père
50,617,Varenguebec
50,618,Varouville
50,619,Le Vast
50,621,Vaudreville
50,624,La Vendelée
50,626,Ver
50,628,Vernix
50,629,Vesly
50,633,Le Vicel
50,634,Videcosville
50,637,Villebaudon
50,639,Villedieu-les-Poêles-Rouffigny
50,641,Villiers-Fossard
50,643,Virandeville
50,647,Yquelon
50,648,Yvetot-Bocage
51,001,Ablancourt
51,002,Saint-Martin-d'Ablois
51,003,Aigny
51,004,Allemanche-Launay-et-Soyer
51,005,Allemant
51,006,Alliancelles
51,007,Ambonnay
51,008,Ambrières
51,009,Anglure
51,010,Angluzelles-et-Courcelles
51,012,Anthenay
51,013,Aougny
51,014,Arcis-le-Ponsart
51,015,Argers
51,016,Arrigny
51,017,Arzillières-Neuville
51,018,Athis
51,019,Aubérive
51,020,Aubilly
51,022,Aulnay-l'Aître
51,023,Aulnay-sur-Marne
51,025,Auménancourt
51,027,Auve
51,028,Avenay-Val-d'Or
51,029,Avize
51,030,Aÿ-Champagne
51,031,Baconnes
51,032,Bagneux
51,033,Le Baizil
51,034,Bannay
51,035,Bannes
51,036,Barbonne-Fayel
51,037,Baslieux-lès-Fismes
51,038,Baslieux-sous-Châtillon
51,039,Bassu
51,040,Bassuet
51,041,Baudement
51,042,Baye
51,043,Bazancourt
51,044,Beaumont-sur-Vesle
51,045,Beaunay
51,046,Beine-Nauroy
51,047,Belval-en-Argonne
51,048,Belval-sous-Châtillon
51,049,Bergères-lès-Vertus
51,050,Bergères-sous-Montmirail
51,051,Berméricourt
51,052,Berru
51,053,Berzieux
51,054,Bétheniville
51,055,Bétheny
51,056,Bethon
51,057,Bettancourt-la-Longue
51,058,Bezannes
51,059,Bignicourt-sur-Marne
51,060,Bignicourt-sur-Saulx
51,061,Billy-le-Grand
51,062,Binarville
51,065,Blacy
51,066,Blaise-sous-Arzillières
51,068,Blesme
51,069,Bligny
51,070,Boissy-le-Repos
51,071,Bouchy-Saint-Genest
51,072,Bouilly
51,073,Bouleuse
51,074,Boult-sur-Suippe
51,075,Bourgogne-Fresne
51,076,Boursault
51,077,Bouvancourt
51,078,Bouy
51,079,Bouzy
51,080,Brandonvillers
51,081,Branscourt
51,082,Braux-Sainte-Cohière
51,083,Braux-Saint-Remy
51,084,Bréban
51,085,Le Breuil
51,086,Breuil-sur-Vesle
51,087,Breuvery-sur-Coole
51,088,Brimont
51,089,Brouillet
51,090,Broussy-le-Grand
51,091,Broussy-le-Petit
51,092,Broyes
51,093,Brugny-Vaudancourt
51,094,Brusson
51,095,Le Buisson
51,097,Bussy-le-Château
51,098,Bussy-le-Repos
51,099,Bussy-Lettrée
51,100,La Caure
51,101,Caurel
51,102,Cauroy-lès-Hermonville
51,103,La Celle-sous-Chantemerle
51,104,Cernay-en-Dormois
51,105,Cernay-lès-Reims
51,106,Cernon
51,107,Chaintrix-Bierges
51,108,Châlons-en-Champagne
51,109,Châlons-sur-Vesle
51,110,Chaltrait
51,111,Chambrecy
51,112,Chamery
51,113,Champaubert
51,115,Champfleury
51,116,Champguyon
51,117,Champigneul-Champagne
51,118,Champigny
51,119,Champillon
51,120,Champlat-et-Boujacourt
51,121,Champvoisy
51,122,Changy
51,124,Chantemerle
51,125,Chapelaine
51,126,La Chapelle-Felcourt
51,127,La Chapelle-Lasson
51,128,La Chapelle-sous-Orbais
51,129,Charleville
51,130,Charmont
51,132,Les Charmontois
51,133,Le Châtelier
51,134,Châtelraould-Saint-Louvent
51,135,Châtillon-sur-Broué
51,136,Châtillon-sur-Marne
51,137,Châtillon-sur-Morin
51,138,Châtrices
51,139,Chaudefontaine
51,140,Chaumuzy
51,141,La Chaussée-sur-Marne
51,142,Chavot-Courcourt
51,143,Le Chemin
51,144,Cheminon
51,145,Chenay
51,146,Cheniers
51,147,La Cheppe
51,148,Cheppes-la-Prairie
51,149,Chepy
51,150,Cherville
51,151,Chichey
51,152,Chigny-les-Roses
51,153,Chouilly
51,154,Clamanges
51,155,Clesles
51,156,Cloyes-sur-Marne
51,157,Coizard-Joches
51,158,Val-des-Marais
51,160,Compertrix
51,161,Condé-sur-Marne
51,162,Conflans-sur-Seine
51,163,Congy
51,164,Connantray-Vaurefroy
51,165,Connantre
51,166,Contault
51,167,Coole
51,168,Coolus
51,169,Corbeil
51,170,Corfélix
51,171,Cormicy
51,172,Cormontreuil
51,173,Cormoyeux
51,174,Corribert
51,175,Corrobert
51,176,Corroy
51,177,Coulommes-la-Montagne
51,178,Coupetz
51,179,Coupéville
51,181,Courcelles-Sapicourt
51,182,Courcemain
51,183,Courcy
51,184,Courdemanges
51,185,Courgivaux
51,186,Courjeonnet
51,187,Courlandon
51,188,Courmas
51,190,Courtagnon
51,191,Courtémont
51,192,Courthiézy
51,193,Courtisols
51,194,Courville
51,195,Couvrot
51,196,Cramant
51,197,La Croix-en-Champagne
51,198,Crugny
51,199,Cuchery
51,200,Cuis
51,201,Cuisles
51,202,Cumières
51,203,Cuperly
51,204,Damery
51,206,Dampierre-le-Château
51,208,Dampierre-sur-Moivre
51,210,Dizy
51,211,Dommartin-Dampierre
51,212,Dommartin-Lettrée
51,213,Dommartin-sous-Hans
51,214,Dommartin-Varimont
51,215,Dompremy
51,216,Dontrien
51,217,Dormans
51,218,Val-de-Vière
51,219,Drosnay
51,220,Drouilly
51,222,Éclaires
51,223,Écollemont
51,224,Écriennes
51,225,Écueil
51,226,Écury-le-Repos
51,227,Écury-sur-Coole
51,228,Élise-Daucourt
51,229,Épense
51,230,Épernay
51,231,L'Épine
51,232,Époye
51,233,Escardes
51,234,Esclavolles-Lurey
51,235,Les Essarts-lès-Sézanne
51,236,Les Essarts-le-Vicomte
51,237,Esternay
51,238,Étoges
51,239,Étréchy
51,240,Étrepy
51,241,Euvy
51,242,Fagnières
51,243,Faux-Fresnay
51,244,Faux-Vésigneul
51,245,Faverolles-et-Coëmy
51,246,Favresse
51,247,Fèrebrianges
51,248,Fère-Champenoise
51,249,Festigny
51,250,Fismes
51,251,Flavigny
51,252,Fleury-la-Rivière
51,253,Florent-en-Argonne
51,254,Fontaine-Denis-Nuisy
51,255,Fontaine-en-Dormois
51,256,Fontaine-sur-Ay
51,258,La Forestière
51,259,Francheville
51,260,Le Fresne
51,262,Frignicourt
51,263,Fromentières
51,264,Le Gault-Soigny
51,265,Gaye
51,266,Germaine
51,267,Germigny
51,268,Germinon
51,269,Giffaumont-Champaubert
51,270,Gigny-Bussy
51,272,Givry-en-Argonne
51,273,Givry-lès-Loisy
51,274,Gizaucourt
51,275,Glannes
51,276,Gourgançon
51,277,Sainte-Marie-du-Lac-Nuisement
51,278,Les Grandes-Loges
51,279,Granges-sur-Aube
51,280,Gratreuil
51,281,Grauves
51,282,Gueux
51,283,Hans
51,284,Haussignémont
51,285,Haussimont
51,286,Hauteville
51,287,Hautvillers
51,288,Heiltz-le-Hutier
51,289,Heiltz-le-Maurupt
51,290,Heiltz-l'Évêque
51,291,Hermonville
51,292,Herpont
51,293,Heutrégiville
51,294,Hourges
51,295,Huiron
51,296,Humbauville
51,298,Igny-Comblizy
51,299,Isles-sur-Suippe
51,300,Isle-sur-Marne
51,301,Isse
51,302,Les Istres-et-Bury
51,303,Jâlons
51,304,Janvilliers
51,305,Janvry
51,306,Joiselle
51,307,Jonchery-sur-Suippe
51,308,Jonchery-sur-Vesle
51,309,Jonquery
51,310,Jouy-lès-Reims
51,311,Jussecourt-Minecourt
51,312,Juvigny
51,313,Lachy
51,314,Lagery
51,315,Landricourt
51,316,Larzicourt
51,317,Laval-sur-Tourbe
51,318,Lavannes
51,319,Lenharrée
51,320,Leuvrigny
51,321,Lhéry
51,322,Lignon
51,323,Linthelles
51,324,Linthes
51,325,Lisse-en-Champagne
51,326,Livry-Louvercy
51,327,Loisy-en-Brie
51,328,Loisy-sur-Marne
51,329,Loivre
51,333,Ludes
51,334,Luxémont-et-Villotte
51,336,Maffrécourt
51,337,Magneux
51,338,Mailly-Champagne
51,339,Mairy-sur-Marne
51,340,Maisons-en-Champagne
51,341,Malmy
51,342,Mancy
51,343,Marcilly-sur-Seine
51,344,Mardeuil
51,345,Mareuil-en-Brie
51,346,Mareuil-le-Port
51,348,Marfaux
51,349,Margerie-Hancourt
51,350,Margny
51,351,Marigny
51,352,Marolles
51,353,Marsangis
51,354,Marson
51,355,Massiges
51,356,Matignicourt-Goncourt
51,357,Matougues
51,358,Maurupt-le-Montois
51,359,Mécringes
51,360,Le Meix-Saint-Epoing
51,361,Le Meix-Tiercelin
51,362,Merfy
51,363,Merlaut
51,364,Méry-Prémecy
51,365,Les Mesneux
51,367,Le Mesnil-sur-Oger
51,368,Minaucourt-le-Mesnil-lès-Hurlus
51,369,Mœurs-Verdey
51,370,Moiremont
51,371,Moivre
51,372,Moncetz-Longevas
51,373,Moncetz-l'Abbaye
51,374,Mondement-Montgivroux
51,375,Montbré
51,376,Montgenost
51,377,Montépreux
51,378,Monthelon
51,379,Montigny-sur-Vesle
51,380,Montmirail
51,381,Montmort-Lucy
51,382,Mont-sur-Courville
51,384,Morangis
51,386,Morsains
51,387,Moslins
51,388,Mourmelon-le-Grand
51,389,Mourmelon-le-Petit
51,390,Moussy
51,391,Muizon
51,392,Mutigny
51,393,Nanteuil-la-Forêt
51,395,Nesle-la-Reposte
51,396,Nesle-le-Repons
51,397,La Neuville-aux-Bois
51,398,La Neuville-aux-Larris
51,399,La Neuville-au-Pont
51,402,Neuvy
51,403,Nogent-l'Abbesse
51,404,Noirlieu
51,406,Norrois
51,407,La Noue
51,409,Nuisement-sur-Coole
51,410,Œuilly
51,412,Ognes
51,413,Oiry
51,414,Olizy
51,415,Omey
51,416,Orbais-l'Abbaye
51,417,Orconte
51,418,Ormes
51,419,Outines
51,420,Outrepont
51,421,Oyes
51,422,Pargny-lès-Reims
51,423,Pargny-sur-Saulx
51,424,Passavant-en-Argonne
51,425,Passy-Grigny
51,426,Péas
51,428,Les Petites-Loges
51,429,Pévy
51,430,Pierre-Morains
51,431,Pierry
51,432,Pleurs
51,433,Plichancourt
51,434,Plivot
51,435,Pocancy
51,436,Pogny
51,437,Poilly
51,438,Poix
51,439,Pomacle
51,440,Pontfaverger-Moronvilliers
51,441,Ponthion
51,442,Possesse
51,443,Potangis
51,444,Pouillon
51,445,Pourcy
51,446,Pringy
51,447,Prosnes
51,448,Prouilly
51,449,Prunay
51,450,Puisieulx
51,451,Queudes
51,452,Rapsécourt
51,453,Recy
51,454,Reims
51,455,Reims-la-Brûlée
51,456,Remicourt
51,457,Cœur-de-la-Vallée
51,458,Reuves
51,459,Réveillon
51,460,Rieux
51,461,Rilly-la-Montagne
51,463,Les Rivières-Henruel
51,464,Romain
51,465,Romery
51,466,Romigny
51,468,Rosnay
51,469,Rouffy
51,470,Rouvroy-Ripont
51,471,Sacy
51,472,Saint-Amand-sur-Fion
51,473,Saint-Bon
51,474,Saint-Brice-Courcelles
51,475,Saint-Chéron
51,476,Saint-Étienne-au-Temple
51,477,Saint-Étienne-sur-Suippe
51,478,Saint-Eulien
51,479,Saint-Euphraise-et-Clairizet
51,480,Sainte-Gemme
51,482,Saint-Germain-la-Ville
51,483,Saint-Gibrien
51,484,Saint-Gilles
51,485,La Neuville-au-Temple
51,486,Saint-Hilaire-le-Grand
51,487,Saint-Hilaire-le-Petit
51,488,Saint-Imoges
51,489,Saint-Jean-devant-Possesse
51,490,Saint-Jean-sur-Moivre
51,491,Saint-Jean-sur-Tourbe
51,492,Saint-Just-Sauvage
51,493,Saint-Léonard
51,495,Saint-Loup
51,496,Saint-Lumier-en-Champagne
51,497,Saint-Lumier-la-Populeuse
51,498,Saint-Mard-sur-Auve
51,499,Saint-Mard-lès-Rouffy
51,500,Saint-Mard-sur-le-Mont
51,501,Sainte-Marie-à-Py
51,502,Saint-Martin-aux-Champs
51,503,Saint-Martin-l'Heureux
51,504,Saint-Martin-sur-le-Pré
51,505,Saint-Masmes
51,506,Saint-Memmie
51,507,Sainte-Menehould
51,508,Saint-Ouen-Domprot
51,509,Saint-Pierre
51,510,Saint-Quentin-les-Marais
51,511,Saint-Quentin-le-Verger
51,512,Saint-Quentin-sur-Coole
51,513,Saint-Remy-en-Bouzemont-Saint-Genest-et-Isson
51,514,Saint-Remy-sous-Broyes
51,515,Saint-Remy-sur-Bussy
51,516,Saint-Saturnin
51,517,Saint-Souplet-sur-Py
51,518,Saint-Thierry
51,519,Saint-Thomas-en-Argonne
51,520,Saint-Utin
51,521,Saint-Vrain
51,522,Sapignicourt
51,523,Sarcy
51,524,Saron-sur-Aube
51,525,Sarry
51,526,Saudoy
51,527,Savigny-sur-Ardres
51,528,Scrupt
51,529,Selles
51,530,Sept-Saulx
51,531,Sermaize-les-Bains
51,532,Sermiers
51,533,Servon-Melzicourt
51,534,Serzy-et-Prin
51,535,Sézanne
51,536,Sillery
51,537,Sivry-Ante
51,538,Sogny-aux-Moulins
51,539,Sogny-en-l'Angle
51,542,Soizy-aux-Bois
51,543,Somme-Bionne
51,544,Sommepy-Tahure
51,545,Sommesous
51,546,Somme-Suippe
51,547,Somme-Tourbe
51,548,Somme-Vesle
51,549,Somme-Yèvre
51,550,Sompuis
51,551,Somsois
51,552,Songy
51,553,Souain-Perthes-lès-Hurlus
51,555,Soudé
51,556,Soudron
51,557,Soulanges
51,558,Soulières
51,559,Suippes
51,560,Suizy-le-Franc
51,562,Taissy
51,563,Talus-Saint-Prix
51,564,Val de Livre
51,565,Thaas
51,566,Thibie
51,567,Thiéblemont-Farémont
51,568,Thil
51,569,Thillois
51,570,Le Thoult-Trosnay
51,571,Val-de-Vesle
51,572,Tilloy-et-Bellay
51,573,Tinqueux
51,574,Togny-aux-Bœufs
51,576,Tours-sur-Marne
51,577,Tramery
51,578,Trécon
51,579,Tréfols
51,580,Trépail
51,581,Treslon
51,582,Trigny
51,583,Trois-Fontaines-l'Abbaye
51,584,Trois-Puits
51,585,Troissy
51,586,Unchair
51,587,Vadenay
51,588,Valmy
51,589,Vanault-le-Châtel
51,590,Vanault-les-Dames
51,591,Vandeuil
51,592,Vandières
51,594,Vassimont-et-Chapelaine
51,595,Vatry
51,596,Vauchamps
51,597,Vauciennes
51,598,Vauclerc
51,599,Vaudemange
51,600,Vaudesincourt
51,601,Vavray-le-Grand
51,602,Vavray-le-Petit
51,603,Vélye
51,604,Ventelay
51,605,Venteuil
51,607,Verdon
51,608,Vernancourt
51,609,Verneuil
51,610,Verrières
51,611,Vert-Toulon
51,612,Blancs-Coteaux
51,613,Verzenay
51,614,Verzy
51,616,Vésigneul-sur-Marne
51,617,La Veuve
51,618,Le Vézier
51,619,Le Vieil-Dampierre
51,620,Vienne-la-Ville
51,621,Vienne-le-Château
51,622,Ville-Dommange
51,623,Ville-en-Selve
51,624,Ville-en-Tardenois
51,625,Villeneuve-la-Lionne
51,626,La Villeneuve-lès-Charleville
51,627,Villeneuve-Renneville-Chevigny
51,628,Villeneuve-Saint-Vistre-et-Villevotte
51,629,Villers-Allerand
51,630,Villers-aux-Bois
51,631,Villers-aux-Nœuds
51,632,Villers-en-Argonne
51,633,Villers-Franqueux
51,634,Villers-le-Château
51,635,Villers-le-Sec
51,636,Villers-Marmery
51,638,Villeseneux
51,639,La Ville-sous-Orbais
51,640,Ville-sur-Tourbe
51,641,Villevenard
51,642,Villiers-aux-Corneilles
51,643,Vinay
51,644,Vincelles
51,645,Vindey
51,646,Virginy
51,647,Vitry-en-Perthois
51,648,Vitry-la-Ville
51,649,Vitry-le-François
51,650,Voilemont
51,652,Vouarces
51,654,Vouillers
51,655,Vouzy
51,656,Vraux
51,657,Vrigny
51,658,Vroil
51,659,Wargemoulin-Hurlus
51,660,Warmeriville
51,662,Witry-lès-Reims
51,663,Magenta
52,001,Ageville
52,002,Aigremont
52,003,Aillianville
52,004,Aingoulaincourt
52,005,Aizanville
52,006,Allichamps
52,007,Ambonville
52,008,Andelot-Blancheville
52,009,Andilly-en-Bassigny
52,011,Annéville-la-Prairie
52,012,Annonville
52,013,Anrosey
52,014,Aprey
52,015,Arbigny-sous-Varennes
52,016,Arbot
52,017,Arc-en-Barrois
52,019,Arnancourt
52,021,Attancourt
52,022,Aubepierre-sur-Aube
52,023,Auberive
52,025,Audeloncourt
52,027,Aujeurres
52,028,Aulnoy-sur-Aube
52,029,Autigny-le-Grand
52,030,Autigny-le-Petit
52,031,Autreville-sur-la-Renne
52,033,Avrecourt
52,034,Bailly-aux-Forges
52,035,Baissey
52,037,Bannes
52,038,Bassoncourt
52,039,Baudrecourt
52,040,Bay-sur-Aube
52,042,Beauchemin
52,043,Belmont
52,044,Roches-Bettaincourt
52,045,Bettancourt-la-Ferrée
52,047,Beurville
52,050,Biesles
52,051,Bize
52,053,Blaisy
52,055,Blécourt
52,056,Blessonville
52,057,Blumeray
52,058,Bologne
52,059,Bonnecourt
52,060,Bourbonne-les-Bains
52,061,Bourdons-sur-Rognon
52,062,Bourg
52,063,Bourg-Sainte-Marie
52,064,Bourmont-entre-Meuse-et-Mouzon
52,065,Bouzancourt
52,066,Brachay
52,067,Brainville-sur-Meuse
52,069,Braux-le-Châtel
52,070,Brennes
52,072,Brethenay
52,074,Breuvannes-en-Bassigny
52,075,Briaucourt
52,076,Bricon
52,079,Brousseval
52,082,Bugnières
52,083,Champsevraine
52,084,Busson
52,085,Buxières-lès-Clefmont
52,087,Buxières-lès-Villiers
52,088,Ceffonds
52,089,Celles-en-Bassigny
52,090,Celsoy
52,091,Cerisières
52,092,Chalancey
52,093,Chalindrey
52,094,Vals-des-Tilles
52,095,Chalvraines
52,097,Chambroncourt
52,099,Chamouilley
52,101,Champigneulles-en-Bassigny
52,102,Champigny-lès-Langres
52,103,Champigny-sous-Varennes
52,104,Chancenay
52,105,Changey
52,106,Chanoy
52,107,Chantraines
52,108,Charmes
52,109,Charmes-en-l'Angle
52,110,Charmes-la-Grande
52,113,Chassigny
52,114,Châteauvillain
52,115,Chatenay-Mâcheron
52,116,Chatenay-Vaudin
52,118,Chatonrupt-Sommermont
52,119,Chaudenay
52,120,Chauffourt
52,121,Chaumont
52,122,Chaumont-la-Ville
52,123,Chevillon
52,124,Chézeaux
52,125,Chamarandes-Choignes
52,126,Choilley-Dardenay
52,127,Choiseul
52,128,Cirey-lès-Mareilles
52,129,Cirey-sur-Blaise
52,130,Cirfontaines-en-Azois
52,131,Cirfontaines-en-Ornois
52,132,Clefmont
52,133,Clinchamp
52,134,Cohons
52,135,Coiffy-le-Bas
52,136,Coiffy-le-Haut
52,137,Colmier-le-Bas
52,138,Colmier-le-Haut
52,140,Colombey les Deux Églises
52,141,Condes
52,142,Consigny
52,145,Coublanc
52,146,Coupray
52,147,Courcelles-en-Montagne
52,149,Courcelles-sur-Blaise
52,151,Cour-l'Évêque
52,155,Culmont
52,156,Curel
52,157,Curmont
52,158,Cusey
52,159,Cuves
52,160,Daillancourt
52,161,Daillecourt
52,162,Dammartin-sur-Meuse
52,163,Dampierre
52,164,Damrémont
52,165,Dancevoir
52,167,Darmannes
52,168,Dinteville
52,169,Domblain
52,170,Dommarien
52,171,Dommartin-le-Franc
52,172,Dommartin-le-Saint-Père
52,173,Domremy-Landéville
52,174,Doncourt-sur-Meuse
52,175,Donjeux
52,177,Doulaincourt-Saucourt
52,178,Doulevant-le-Château
52,179,Doulevant-le-Petit
52,181,Échenay
52,182,Éclaron-Braucourt-Sainte-Livière
52,183,Ecot-la-Combe
52,184,Effincourt
52,185,Enfonvelle
52,187,Épizon
52,189,Le Val-d'Esnoms
52,190,Esnouveaux
52,193,Euffigneix
52,194,Eurville-Bienville
52,195,Farincourt
52,196,Faverolles
52,197,Fayl-Billot
52,198,Fays
52,199,Ferrière-et-Lafolie
52,200,Flagey
52,201,Flammerécourt
52,203,Fontaines-sur-Marne
52,204,Forcey
52,205,Foulain
52,206,Frampas
52,207,Frécourt
52,208,Fresnes-sur-Apance
52,211,Froncles
52,212,Fronville
52,213,Genevrières
52,214,La Genevroye
52,216,Germaines
52,217,Germainvilliers
52,218,Germay
52,219,Germisay
52,220,Giey-sur-Aujon
52,221,Gillancourt
52,222,Gillaumé
52,223,Gilley
52,227,Graffigny-Chemin
52,228,Grandchamp
52,229,Grenant
52,230,Gudmont-Villiers
52,231,Guindrecourt-aux-Ormes
52,232,Guindrecourt-sur-Blaise
52,233,Guyonvelle
52,234,Hâcourt
52,235,Hallignicourt
52,237,Harréville-les-Chanteurs
52,240,Heuilley-le-Grand
52,242,Haute-Amance
52,243,Huilliécourt
52,244,Humbécourt
52,245,Humberville
52,246,Humes-Jorquenay
52,247,Illoud
52,248,Is-en-Bassigny
52,249,Isômes
52,250,Joinville
52,251,Jonchery
52,253,Juzennecourt
52,254,Lachapelle-en-Blaisy
52,256,Lafauche
52,257,Laferté-sur-Amance
52,258,Laferté-sur-Aube
52,260,Lamancine
52,264,Laneuvelle
52,265,Bayard-sur-Marne
52,266,Laneuville-à-Rémy
52,267,Laneuville-au-Pont
52,269,Langres
52,271,Lanques-sur-Rognon
52,272,Lanty-sur-Aube
52,273,Larivière-Arnoncourt
52,274,Latrecey-Ormoy-sur-Aube
52,275,Lavernoy
52,276,Laville-aux-Bois
52,277,Lavilleneuve
52,278,Lavilleneuve-au-Roi
52,280,Lecey
52,282,Leffonds
52,284,Leschères-sur-le-Blaiseron
52,285,Leuchey
52,286,Leurville
52,287,Levécourt
52,288,Lezéville
52,289,Liffol-le-Petit
52,290,Les Loges
52,291,Longchamp
52,292,Longeau-Percey
52,294,Louvemont
52,295,Louvières
52,297,Luzy-sur-Marne
52,298,Maâtz
52,300,Magneux
52,301,Maisoncelles
52,302,Maizières
52,303,Maizières-sur-Amance
52,304,Malaincourt-sur-Meuse
52,305,Mandres-la-Côte
52,306,Manois
52,307,Marac
52,308,Maranville
52,310,Marbéville
52,311,Marcilly-en-Bassigny
52,312,Mardor
52,313,Mareilles
52,315,Marnay-sur-Marne
52,316,Mathons
52,318,Melay
52,319,Mennouveaux
52,320,Merrey
52,321,Mertrud
52,322,Meures
52,325,Millières
52,326,Mirbel
52,327,Moëslains
52,328,Montcharvot
52,330,Montheries
52,331,La Porte du Der
52,332,Val-de-Meuse
52,335,Montot-sur-Rognon
52,336,Montreuil-sur-Blaise
52,337,Montreuil-sur-Thonnance
52,341,Morancourt
52,342,Morionvilliers
52,344,Mouilleron
52,346,Mussey-sur-Marne
52,347,Narcy
52,348,Neuilly-l'Évêque
52,349,Neuilly-sur-Suize
52,350,Neuvelle-lès-Voisey
52,352,Ninville
52,353,Nogent
52,354,Noidant-Chatenoy
52,355,Noidant-le-Rocheux
52,356,Nomécourt
52,357,Noncourt-sur-le-Rongeant
52,358,Noyers
52,359,Nully
52,360,Occey
52,362,Orbigny-au-Mont
52,363,Orbigny-au-Val
52,364,Orcevaux
52,365,Orges
52,366,Ormancey
52,367,Ormoy-lès-Sexfontaines
52,369,Orquevaux
52,370,Osne-le-Val
52,371,Oudincourt
52,372,Outremécourt
52,373,Ozières
52,374,Le Pailly
52,375,Palaiseul
52,376,Pansey
52,377,Parnoy-en-Bassigny
52,378,Paroy-sur-Saulx
52,380,Peigney
52,383,Perrancey-les-Vieux-Moulins
52,384,Perrogney-les-Fontaines
52,385,Perrusse
52,386,Perthes
52,388,Pierremont-sur-Amance
52,390,Pisseloup
52,391,Planrupt
52,392,Plesnoy
52,393,Poinsenot
52,394,Poinson-lès-Fayl
52,395,Poinson-lès-Grancey
52,396,Poinson-lès-Nogent
52,397,Poiseul
52,398,Poissons
52,399,Pont-la-Ville
52,400,Le Châtelet-sur-Meuse
52,401,Poulangy
52,403,Praslay
52,405,Le Montsaugeonnais
52,406,Pressigny
52,407,Prez-sous-Lafauche
52,411,Rives Dervoises
52,413,Rachecourt-Suzémont
52,414,Rachecourt-sur-Marne
52,415,Rançonnières
52,416,Rangecourt
52,419,Rennepont
52,420,Reynel
52,421,Riaucourt
52,422,Richebourg
52,423,Rimaucourt
52,424,Rivières-le-Bois
52,425,Rivière-les-Fosses
52,426,Rizaucourt-Buchey
52,428,Rochefort-sur-la-Côte
52,429,Roches-sur-Marne
52,431,Rochetaillée
52,432,Rolampont
52,433,Romain-sur-Meuse
52,436,Rouécourt
52,437,Rouelles
52,438,Rougeux
52,439,Rouvres-sur-Aube
52,440,Rouvroy-sur-Marne
52,442,Rupt
52,443,Sailly
52,444,Saint-Blin
52,445,Saint-Broingt-le-Bois
52,446,Saint-Broingt-les-Fosses
52,447,Saint-Ciergues
52,448,Saint-Dizier
52,449,Saints-Geosmes
52,450,Saint-Loup-sur-Aujon
52,452,Saint-Martin-lès-Langres
52,453,Saint-Maurice
52,455,Saint-Thiébault
52,456,Saint-Urbain-Maconcourt
52,457,Saint-Vallier-sur-Marne
52,459,Sarcey
52,461,Sarrey
52,463,Saudron
52,464,Saulles
52,465,Saulxures
52,467,Savigny
52,468,Semilly
52,469,Semoutiers-Montsaon
52,470,Serqueux
52,472,Sexfontaines
52,473,Signéville
52,474,Silvarouvres
52,475,Sommancourt
52,476,Sommerécourt
52,479,Sommevoire
52,480,Soncourt-sur-Marne
52,482,Soulaucourt-sur-Mouzon
52,483,Soyers
52,484,Suzannecourt
52,486,Ternat
52,487,Thilleux
52,488,Thivet
52,489,Thol-lès-Millières
52,490,Thonnance-lès-Joinville
52,491,Thonnance-les-Moulins
52,492,Torcenay
52,493,Tornay
52,494,Treix
52,495,Trémilly
52,497,Troisfontaines-la-Ville
52,499,Vaillant
52,500,Valcourt
52,502,Valleret
52,503,Valleroy
52,504,Varennes-sur-Amance
52,505,Vaudrecourt
52,506,Vaudrémont
52,507,Vauxbons
52,510,Vaux-sur-Blaise
52,511,Vaux-sur-Saint-Urbain
52,512,Vecqueville
52,513,Velles
52,514,Verbiesles
52,515,Verseilles-le-Bas
52,516,Verseilles-le-Haut
52,517,Vesaignes-sous-Lafauche
52,518,Vesaignes-sur-Marne
52,519,Vesvres-sous-Chalancey
52,520,Vicq
52,522,Viéville
52,523,Vignes-la-Côte
52,524,Vignory
52,525,Villars-en-Azois
52,526,Villars-Santenoge
52,528,Ville-en-Blaisois
52,529,Villegusien-le-Lac
52,534,Villiers-en-Lieu
52,535,Villiers-le-Sec
52,536,Villiers-lès-Aprey
52,538,Villiers-sur-Suize
52,539,Violot
52,540,Vitry-en-Montagne
52,541,Vitry-lès-Nogent
52,542,Vivey
52,543,Voillecomte
52,544,Voisey
52,545,Voisines
52,546,Voncourt
52,547,Vouécourt
52,548,Vraincourt
52,549,Vroncourt-la-Côte
52,550,Wassy
53,001,Ahuillé
53,002,Alexain
53,003,Ambrières-les-Vallées
53,005,Andouillé
53,007,Argentré
53,008,Aron
53,009,Arquenay
53,010,Assé-le-Bérenger
53,011,Astillé
53,012,Athée
53,013,Averton
53,015,La Baconnière
53,016,Bais
53,017,Val-du-Maine
53,018,Ballots
53,019,Bannes
53,021,La Bazoge-Montpinçon
53,022,La Bazouge-de-Chemeré
53,023,La Bazouge-des-Alleux
53,025,Bazougers
53,026,Beaulieu-sur-Oudon
53,027,Beaumont-Pied-de-Bœuf
53,028,Belgeard
53,029,Bierné-les-Villages
53,030,Le Bignon-du-Maine
53,031,La Bigottière
53,033,La Boissière
53,034,Bonchamp-lès-Laval
53,035,Bouchamps-lès-Craon
53,036,Bouère
53,037,Bouessay
53,038,Boulay-les-Ifs
53,039,Le Bourgneuf-la-Forêt
53,040,Bourgon
53,041,Brains-sur-les-Marches
53,042,Brecé
53,043,Brée
53,045,La Brûlatte
53,046,Le Buret
53,047,Carelles
53,048,Chailland
53,049,Châlons-du-Maine
53,051,Champéon
53,052,Champfrémont
53,053,Champgenéteux
53,054,Changé
53,055,Chantrigné
53,056,La Chapelle-Anthenaise
53,057,La Chapelle-au-Riboul
53,058,La Chapelle-Craonnaise
53,059,La Chapelle-Rainsouin
53,061,Charchigné
53,062,Château-Gontier-sur-Mayenne
53,063,Châtelain
53,064,Châtillon-sur-Colmont
53,066,Chemazé
53,067,Chémeré-le-Roi
53,068,Chérancé
53,069,Chevaigné-du-Maine
53,071,Colombiers-du-Plessis
53,072,Commer
53,073,Congrier
53,074,Contest
53,075,Cosmes
53,076,Cossé-en-Champagne
53,077,Cossé-le-Vivien
53,078,Coudray
53,079,Couesmes-Vaucé
53,080,Couptrain
53,082,Courbeveille
53,083,Courcité
53,084,Craon
53,085,Crennes-sur-Fraubée
53,086,La Croixille
53,087,La Cropte
53,088,Cuillé
53,089,Daon
53,090,Denazé
53,091,Désertines
53,093,La Dorée
53,094,Entrammes
53,096,Ernée
53,097,Évron
53,098,Fontaine-Couverte
53,099,Forcé
53,100,Fougerolles-du-Plessis
53,101,Fromentières
53,102,Gastines
53,103,Le Genest-Saint-Isle
53,104,Gennes-Longuefuye
53,105,Gesnes
53,106,Gesvres
53,107,Gorron
53,108,La Gravelle
53,109,Grazay
53,110,Grez-en-Bouère
53,111,La Haie-Traversaine
53,112,Le Ham
53,113,Hambers
53,114,Hardanges
53,115,Hercé
53,116,Le Horps
53,117,Houssay
53,118,Le Housseau-Brétignolles
53,119,L'Huisserie
53,120,Izé
53,121,Javron-les-Chapelles
53,122,Jublains
53,123,Juvigné
53,124,Prée-d'Anjou
53,125,Landivy
53,126,Larchamp
53,127,Lassay-les-Châteaux
53,128,Laubrières
53,129,Launay-Villiers
53,130,Laval
53,131,Lesbois
53,132,Levaré
53,133,Lignières-Orgères
53,134,Livet
53,135,Livré-la-Touche
53,136,La Roche-Neuville
53,137,Loiron-Ruillé
53,139,Loupfougères
53,140,Louverné
53,141,Louvigné
53,142,Madré
53,143,Maisoncelles-du-Maine
53,144,Marcillé-la-Ville
53,145,Marigné-Peuton
53,146,Martigné-sur-Mayenne
53,147,Mayenne
53,148,Mée
53,150,Ménil
53,151,Méral
53,152,Meslay-du-Maine
53,153,Mézangers
53,154,Montaudin
53,155,Montenay
53,156,Montflours
53,157,Montigné-le-Brillant
53,158,Montjean
53,160,Montreuil-Poulay
53,161,Montsûrs
53,162,Moulay
53,163,Neau
53,164,Neuilly-le-Vendin
53,165,Niafles
53,168,Nuillé-sur-Vicoin
53,169,Olivet
53,170,Oisseau
53,172,Origné
53,173,La Pallu
53,174,Parigné-sur-Braye
53,175,Parné-sur-Roc
53,176,Le Pas
53,177,La Pellerine
53,178,Peuton
53,179,Placé
53,180,Pommerieux
53,181,Pontmain
53,182,Port-Brillet
53,184,Préaux
53,185,Pré-en-Pail-Saint-Samson
53,186,Quelaines-Saint-Gault
53,187,Ravigny
53,188,Renazé
53,189,Rennes-en-Grenouilles
53,190,Le Ribay
53,191,La Roë
53,192,La Rouaudière
53,193,Ruillé-Froid-Fonds
53,195,Sacé
53,196,Saint-Aignan-de-Couptrain
53,197,Saint-Aignan-sur-Roë
53,198,Saint-Aubin-du-Désert
53,199,Saint-Aubin-Fosse-Louvain
53,200,Saint-Baudelle
53,201,Saint-Berthevin
53,202,Saint-Berthevin-la-Tannière
53,203,Saint-Brice
53,204,Saint-Calais-du-Désert
53,206,Saint-Charles-la-Forêt
53,208,Saint-Cyr-en-Pail
53,209,Saint-Cyr-le-Gravelais
53,210,Saint-Denis-d'Anjou
53,211,Saint-Denis-de-Gastines
53,212,Saint-Denis-du-Maine
53,213,Saint-Ellier-du-Maine
53,214,Saint-Erblon
53,216,Saint-Fraimbault-de-Prières
53,218,Sainte-Gemmes-le-Robert
53,219,Saint-Georges-Buttavent
53,220,Saint-Georges-le-Fléchard
53,221,Saint-Georges-sur-Erve
53,222,Saint-Germain-d'Anxure
53,223,Saint-Germain-de-Coulamer
53,224,Saint-Germain-le-Fouilloux
53,225,Saint-Germain-le-Guillaume
53,226,Saint-Hilaire-du-Maine
53,228,Blandouet-Saint Jean
53,229,Saint-Jean-sur-Mayenne
53,230,Saint-Julien-du-Terroux
53,232,Saint-Léger
53,233,Saint-Loup-du-Dorat
53,234,Saint-Loup-du-Gast
53,235,Sainte-Marie-du-Bois
53,236,Saint-Mars-du-Désert
53,237,Saint-Mars-sur-Colmont
53,238,Saint-Mars-sur-la-Futaie
53,240,Saint-Martin-du-Limet
53,242,Saint-Michel-de-la-Roë
53,243,Saint-Ouën-des-Toits
53,245,Saint-Pierre-des-Landes
53,246,Saint-Pierre-des-Nids
53,247,Saint-Pierre-la-Cour
53,248,Saint-Pierre-sur-Erve
53,249,Vimartin-sur-Orthe
53,250,Saint-Poix
53,251,Saint-Quentin-les-Anges
53,253,Saint-Saturnin-du-Limet
53,255,Sainte-Suzanne-et-Chammes
53,256,Saint-Thomas-de-Courceriers
53,257,Saulges
53,258,La Selle-Craonnaise
53,259,Senonnes
53,260,Simplé
53,261,Soucé
53,262,Soulgé-sur-Ouette
53,263,Thubœuf
53,264,Thorigné-en-Charnie
53,265,Torcé-Viviers-en-Charnie
53,266,Trans
53,267,Vaiges
53,269,Vautorte
53,270,Vieuvy
53,271,Villaines-la-Juhel
53,272,Villepail
53,273,Villiers-Charlemagne
53,276,Voutré
54,001,Abaucourt
54,002,Abbéville-lès-Conflans
54,003,Aboncourt
54,004,Affléville
54,005,Affracourt
54,006,Agincourt
54,007,Aingeray
54,008,Allain
54,009,Allamont
54,010,Allamps
54,011,Allondrelle-la-Malmaison
54,012,Amance
54,013,Amenoncourt
54,014,Ancerviller
54,015,Anderny
54,016,Andilly
54,017,Angomont
54,018,Anoux
54,019,Ansauville
54,020,Anthelupt
54,021,Armaucourt
54,022,Arnaville
54,023,Arracourt
54,024,Arraye-et-Han
54,025,Art-sur-Meurthe
54,026,Athienville
54,027,Atton
54,028,Auboué
54,029,Audun-le-Roman
54,030,Autrepierre
54,031,Autreville-sur-Moselle
54,032,Autrey
54,033,Avillers
54,034,Avrainville
54,035,Avricourt
54,036,Avril
54,037,Azelot
54,038,Azerailles
54,039,Baccarat
54,040,Badonviller
54,041,Bagneux
54,042,Bainville-aux-Miroirs
54,043,Bainville-sur-Madon
54,044,Barbas
54,045,Barbonville
54,046,Barisey-au-Plain
54,047,Barisey-la-Côte
54,048,Les Baroches
54,049,Baslieux
54,050,Bathelémont
54,051,Batilly
54,052,Battigny
54,053,Bauzemont
54,054,Bayon
54,055,Bayonville-sur-Mad
54,056,Bazailles
54,057,Beaumont
54,058,Béchamps
54,059,Belleau
54,060,Belleville
54,061,Bénaménil
54,062,Benney
54,063,Bernécourt
54,064,Bertrambois
54,065,Bertrichamps
54,066,Bettainvillers
54,067,Beuveille
54,068,Beuvezin
54,069,Beuvillers
54,070,Bey-sur-Seille
54,071,Bezange-la-Grande
54,072,Bezaumont
54,073,Bicqueley
54,074,Bienville-la-Petite
54,075,Bionville
54,076,Blainville-sur-l'Eau
54,077,Blâmont
54,078,Blémerey
54,079,Blénod-lès-Pont-à-Mousson
54,080,Blénod-lès-Toul
54,081,Boismont
54,082,Boncourt
54,083,Bonviller
54,084,Mont-Bonvillers
54,085,Borville
54,086,Boucq
54,087,Bouillonville
54,088,Bouvron
54,089,Bouxières-aux-Chênes
54,090,Bouxières-aux-Dames
54,091,Bouxières-sous-Froidmont
54,092,Bouzanville
54,093,Brainville
54,094,Bralleville
54,095,Bratte
54,096,Bréhain-la-Ville
54,097,Bréménil
54,098,Brémoncourt
54,099,Val de Briey
54,100,Brin-sur-Seille
54,101,Brouville
54,102,Bruley
54,103,Bruville
54,104,Buissoncourt
54,105,Bulligny
54,106,Bures
54,107,Buriville
54,108,Burthecourt-aux-Chênes
54,109,Ceintrey
54,110,Cerville
54,111,Chaligny
54,112,Chambley-Bussières
54,113,Champenoux
54,114,Champey-sur-Moselle
54,115,Champigneulles
54,116,Chanteheux
54,117,Chaouilley
54,118,Charency-Vezin
54,119,Charey
54,120,Charmes-la-Côte
54,121,Charmois
54,122,Chaudeney-sur-Moselle
54,123,Chavigny
54,124,Chazelles-sur-Albe
54,125,Chenevières
54,126,Chenicourt
54,127,Chenières
54,128,Choloy-Ménillot
54,129,Cirey-sur-Vezouze
54,130,Clayeures
54,131,Clémery
54,132,Clérey-sur-Brenon
54,133,Coincourt
54,134,Colmey
54,135,Colombey-les-Belles
54,136,Conflans-en-Jarnisy
54,137,Cons-la-Grandville
54,138,Cosnes-et-Romain
54,139,Courbesseaux
54,140,Courcelles
54,141,Coyviller
54,142,Crantenoy
54,143,Crépey
54,144,Crévéchamps
54,145,Crévic
54,146,Crézilles
54,147,Crion
54,148,Croismare
54,149,Crusnes
54,150,Custines
54,151,Cutry
54,152,Damelevières
54,153,Dampvitoux
54,154,Deneuvre
54,155,Deuxville
54,156,Diarville
54,157,Dieulouard
54,158,Dolcourt
54,159,Dombasle-sur-Meurthe
54,160,Domèvre-en-Haye
54,161,Domèvre-sur-Vezouze
54,162,Domgermain
54,163,Domjevin
54,164,Dommarie-Eulmont
54,165,Dommartemont
54,166,Dommartin-la-Chaussée
54,167,Dommartin-lès-Toul
54,168,Dommartin-sous-Amance
54,169,Domprix
54,170,Domptail-en-l'Air
54,171,Doncourt-lès-Conflans
54,172,Doncourt-lès-Longuyon
54,173,Drouville
54,174,Écrouves
54,175,Einvaux
54,176,Einville-au-Jard
54,177,Emberménil
54,178,Épiez-sur-Chiers
54,179,Éply
54,180,Erbéviller-sur-Amezule
54,181,Errouville
54,182,Essey-et-Maizerais
54,183,Essey-la-Côte
54,184,Essey-lès-Nancy
54,185,Étreval
54,186,Eulmont
54,187,Euvezin
54,188,Faulx
54,189,Favières
54,190,Fécocourt
54,191,Fenneviller
54,192,Ferrières
54,193,Fey-en-Haye
54,194,Fillières
54,195,Flainval
54,196,Flavigny-sur-Moselle
54,197,Fléville-devant-Nancy
54,198,Fléville-Lixières
54,199,Flin
54,200,Flirey
54,201,Fontenoy-la-Joûte
54,202,Fontenoy-sur-Moselle
54,203,Forcelles-Saint-Gorgon
54,204,Forcelles-sous-Gugney
54,205,Foug
54,206,Fraimbois
54,207,Fraisnes-en-Saintois
54,208,Francheville
54,209,Franconville
54,210,Fréménil
54,211,Frémonville
54,212,Fresnois-la-Montagne
54,213,Friauville
54,214,Frolois
54,215,Frouard
54,216,Froville
54,217,Gélacourt
54,218,Gélaucourt
54,219,Gellenoncourt
54,220,Gémonville
54,221,Gerbécourt-et-Haplemont
54,222,Gerbéviller
54,223,Germiny
54,224,Germonville
54,225,Gézoncourt
54,226,Gibeaumeix
54,227,Giraumont
54,228,Giriviller
54,229,Glonville
54,230,Gogney
54,231,Gondrecourt-Aix
54,232,Gondreville
54,233,Gondrexon
54,234,Gorcy
54,235,Goviller
54,236,Grand-Failly
54,237,Grimonviller
54,238,Gripport
54,239,Griscourt
54,240,Grosrouvres
54,241,Gugney
54,242,Gye
54,243,Hablainville
54,244,Hagéville
54,245,Haigneville
54,246,Halloville
54,247,Hammeville
54,248,Hamonville
54,249,Hannonville-Suzémont
54,250,Haraucourt
54,251,Harbouey
54,252,Haroué
54,253,Hatrize
54,254,Haucourt-Moulaine
54,255,Haudonville
54,256,Haussonville
54,257,Heillecourt
54,258,Hénaménil
54,259,Herbéviller
54,260,Hériménil
54,261,Herserange
54,262,Hoéville
54,263,Homécourt
54,264,Houdelmont
54,265,Houdemont
54,266,Houdreville
54,268,Housséville
54,269,Hudiviller
54,270,Hussigny-Godbrange
54,271,Igney
54,272,Jaillon
54,273,Jarny
54,274,Jarville-la-Malgrange
54,275,Jaulny
54,276,Jeandelaincourt
54,277,Jeandelize
54,278,Jevoncourt
54,279,Jezainville
54,280,Jœuf
54,281,Jolivet
54,282,Joppécourt
54,283,Jouaville
54,284,Joudreville
54,285,Juvrecourt
54,286,Labry
54,287,Lachapelle
54,288,Lagney
54,289,Laître-sous-Amance
54,290,Laix
54,291,Lalœuf
54,292,Lamath
54,293,Landécourt
54,294,Landremont
54,295,Landres
54,296,Laneuvelotte
54,297,Laneuveville-aux-Bois
54,298,Laneuveville-derrière-Foug
54,299,Laneuveville-devant-Bayon
54,300,Laneuveville-devant-Nancy
54,301,Lanfroicourt
54,302,Lantéfontaine
54,303,Laronxe
54,304,Laxou
54,305,Lay-Saint-Christophe
54,306,Lay-Saint-Remy
54,307,Lebeuville
54,308,Leintrey
54,309,Lemainville
54,310,Leménil-Mitry
54,311,Lenoncourt
54,312,Lesménils
54,313,Létricourt
54,314,Lexy
54,315,Leyr
54,316,Limey-Remenauville
54,317,Lironville
54,318,Liverdun
54,320,Loisy
54,321,Longlaville
54,322,Longuyon
54,323,Longwy
54,324,Lorey
54,325,Loromontzey
54,326,Lubey
54,327,Lucey
54,328,Ludres
54,329,Lunéville
54,330,Lupcourt
54,331,Magnières
54,332,Maidières
54,333,Mailly-sur-Seille
54,334,Mairy-Mainville
54,335,Maixe
54,336,Maizières
54,337,Malavillers
54,338,Malleloy
54,339,Malzéville
54,340,Mamey
54,343,Mandres-aux-Quatre-Tours
54,344,Mangonville
54,345,Manoncourt-en-Vermois
54,346,Manoncourt-en-Woëvre
54,348,Manonville
54,349,Manonviller
54,350,Marainviller
54,351,Marbache
54,352,Maron
54,353,Mars-la-Tour
54,354,Marthemont
54,355,Martincourt
54,356,Mattexey
54,357,Maxéville
54,358,Mazerulles
54,359,Méhoncourt
54,360,Ménil-la-Tour
54,362,Mercy-le-Bas
54,363,Mercy-le-Haut
54,364,Méréville
54,365,Merviller
54,366,Messein
54,367,Mexy
54,368,Mignéville
54,369,Millery
54,370,Minorville
54,371,Moineville
54,372,Moivrons
54,373,Moncel-lès-Lunéville
54,374,Moncel-sur-Seille
54,375,Montauville
54,376,Montenoy
54,377,Montigny
54,378,Montigny-sur-Chiers
54,379,Mont-l'Étroit
54,380,Mont-le-Vignoble
54,381,Montreux
54,382,Mont-Saint-Martin
54,383,Mont-sur-Meurthe
54,385,Morfontaine
54,386,Moriviller
54,387,Morville-sur-Seille
54,388,Mouacourt
54,389,Mouaville
54,390,Mousson
54,391,Moutiers
54,392,Moutrot
54,393,Moyen
54,394,Murville
54,395,Nancy
54,396,Neufmaisons
54,397,Neuves-Maisons
54,398,Neuviller-lès-Badonviller
54,399,Neuviller-sur-Moselle
54,400,Nomeny
54,401,Nonhigny
54,402,Norroy-le-Sec
54,403,Norroy-lès-Pont-à-Mousson
54,404,Noviant-aux-Prés
54,405,Ochey
54,406,Ogéviller
54,407,Ognéville
54,408,Olley
54,409,Omelmont
54,410,Onville
54,411,Ormes-et-Ville
54,412,Othe
54,413,Ozerailles
54,414,Pagney-derrière-Barine
54,415,Pagny-sur-Moselle
54,416,Pannes
54,417,Parey-Saint-Césaire
54,418,Parroy
54,419,Parux
54,420,Petit-Failly
54,421,Petitmont
54,422,Pettonville
54,423,Pexonne
54,424,Phlin
54,425,Piennes
54,426,Pierre-la-Treiche
54,427,Pierre-Percée
54,428,Pierrepont
54,429,Pierreville
54,430,Pompey
54,431,Pont-à-Mousson
54,432,Pont-Saint-Vincent
54,433,Port-sur-Seille
54,434,Praye
54,435,Prény
54,436,Preutin-Higny
54,437,Pulligny
54,438,Pulney
54,439,Pulnoy
54,440,Puxe
54,441,Puxieux
54,442,Quevilloncourt
54,443,Raon-lès-Leau
54,444,Raucourt
54,445,Raville-sur-Sânon
54,446,Réchicourt-la-Petite
54,447,Réclonville
54,449,Rehainviller
54,450,Reherrey
54,451,Réhon
54,452,Reillon
54,453,Rembercourt-sur-Mad
54,455,Remenoville
54,456,Réméréville
54,457,Remoncourt
54,458,Repaix
54,459,Richardménil
54,460,Rogéville
54,461,Romain
54,462,Rosières-aux-Salines
54,463,Rosières-en-Haye
54,464,Rouves
54,465,Roville-devant-Bayon
54,466,Royaumeix
54,467,Rozelieures
54,468,Saffais
54,469,Saint-Ail
54,470,Saint-Baussant
54,471,Saint-Boingt
54,472,Saint-Clément
54,473,Saint-Firmin
54,474,Sainte-Geneviève
54,475,Saint-Germain
54,476,Saint-Jean-lès-Longuyon
54,477,Saint-Julien-lès-Gorze
54,478,Saint-Marcel
54,479,Saint-Mard
54,480,Saint-Martin
54,481,Saint-Maurice-aux-Forges
54,482,Saint-Max
54,483,Saint-Nicolas-de-Port
54,484,Sainte-Pôle
54,485,Saint-Pancré
54,486,Saint-Remimont
54,487,Saint-Rémy-aux-Bois
54,488,Saint-Sauveur
54,489,Saint-Supplet
54,490,Saizerais
54,491,Sancy
54,492,Sanzey
54,493,Saulnes
54,494,Saulxerotte
54,495,Saulxures-lès-Nancy
54,496,Saulxures-lès-Vannes
54,497,Saxon-Sion
54,498,Seichamps
54,499,Seicheprey
54,500,Selaincourt
54,501,Seranville
54,502,Serres
54,504,Serrouville
54,505,Sexey-aux-Forges
54,507,Sionviller
54,508,Sivry
54,509,Sommerviller
54,510,Sornéville
54,511,Sponville
54,512,Tanconville
54,513,Tantonville
54,514,Tellancourt
54,515,Thélod
54,516,They-sous-Vaudemont
54,517,Thézey-Saint-Martin
54,518,Thiaucourt-Regniéville
54,519,Thiaville-sur-Meurthe
54,520,Thiébauménil
54,521,Thil
54,522,Thorey-Lyautey
54,523,Thuilley-aux-Groseilles
54,524,Thumeréville
54,525,Tiercelet
54,526,Tomblaine
54,527,Tonnoy
54,528,Toul
54,529,Tramont-Émy
54,530,Tramont-Lassus
54,531,Tramont-Saint-André
54,532,Tremblecourt
54,533,Trieux
54,534,Trondes
54,535,Tronville
54,536,Tucquegnieux
54,537,Ugny
54,538,Uruffe
54,539,Vacqueville
54,540,Val-et-Châtillon
54,541,Valhey
54,542,Valleroy
54,543,Vallois
54,544,Vandelainville
54,545,Vandeléville
54,546,Vandières
54,547,Vandœuvre-lès-Nancy
54,548,Vannes-le-Châtel
54,549,Varangéville
54,550,Vathiménil
54,551,Vaucourt
54,552,Vaudémont
54,553,Vaudeville
54,554,Vaudigny
54,555,Vaxainville
54,556,Vého
54,557,Bois-de-Haye
54,558,Velaine-sous-Amance
54,559,Velle-sur-Moselle
54,560,Veney
54,561,Vennezey
54,562,Verdenal
54,563,Vézelise
54,564,Viéville-en-Haye
54,565,Vigneulles
54,566,Vilcey-sur-Trey
54,567,Villacourt
54,568,Ville-au-Montois
54,569,Ville-au-Val
54,570,Villecey-sur-Mad
54,571,Ville-en-Vermois
54,572,Ville-Houdlémont
54,573,Villers-en-Haye
54,574,Villers-la-Chèvre
54,575,Villers-la-Montagne
54,576,Villers-le-Rond
54,577,Villers-lès-Moivrons
54,578,Villers-lès-Nancy
54,579,Villers-sous-Prény
54,580,Villerupt
54,581,Ville-sur-Yron
54,582,Villette
54,583,Villey-le-Sec
54,584,Villey-Saint-Étienne
54,585,Virecourt
54,586,Viterne
54,587,Vitrey
54,588,Vitrimont
54,589,Vittonville
54,590,Viviers-sur-Chiers
54,591,Voinémont
54,592,Vroncourt
54,593,Waville
54,594,Xammes
54,595,Xermaménil
54,596,Xeuilley
54,597,Xirocourt
54,598,Xivry-Circourt
54,599,Xonville
54,600,Xousse
54,601,Xures
54,602,Han-devant-Pierrepont
55,001,Abainville
55,002,Abaucourt-Hautecourt
55,004,Aincreville
55,005,Amanty
55,007,Ambly-sur-Meuse
55,008,Amel-sur-l'Étang
55,009,Ancemont
55,010,Ancerville
55,011,Andernay
55,012,Apremont-la-Forêt
55,013,Arrancy-sur-Crusnes
55,014,Aubréville
55,015,Aulnois-en-Perthois
55,017,Autrécourt-sur-Aire
55,018,Autréville-Saint-Lambert
55,021,Avillers-Sainte-Croix
55,022,Avioth
55,023,Avocourt
55,024,Azannes-et-Soumazannes
55,025,Baâlon
55,026,Badonvilliers-Gérauvilliers
55,027,Bannoncourt
55,028,Bantheville
55,029,Bar-le-Duc
55,031,Baudonvilliers
55,032,Baudrémont
55,033,Baulny
55,034,Bazeilles-sur-Othain
55,035,Bazincourt-sur-Saulx
55,036,Beauclair
55,037,Beaufort-en-Argonne
55,038,Beaulieu-en-Argonne
55,039,Beaumont-en-Verdunois
55,040,Beausite
55,041,Behonne
55,042,Belleray
55,043,Belleville-sur-Meuse
55,044,Belrain
55,045,Belrupt-en-Verdunois
55,046,Beney-en-Woëvre
55,047,Béthelainville
55,048,Béthincourt
55,049,Beurey-sur-Saulx
55,050,Bezonvaux
55,051,Biencourt-sur-Orge
55,053,Billy-sous-Mangiennes
55,054,Bislée
55,055,Blanzée
55,057,Boinville-en-Woëvre
55,058,Boncourt-sur-Meuse
55,059,Bonnet
55,060,Bonzée
55,061,Le Bouchon-sur-Saulx
55,062,Bouconville-sur-Madt
55,063,Bouligny
55,064,Bouquemont
55,065,Boureuilles
55,066,Bovée-sur-Barboure
55,067,Boviolles
55,068,Brabant-en-Argonne
55,069,Brabant-le-Roi
55,070,Brabant-sur-Meuse
55,071,Brandeville
55,072,Braquis
55,073,Bras-sur-Meuse
55,075,Brauvilliers
55,076,Bréhéville
55,077,Breux
55,078,Brieulles-sur-Meuse
55,079,Brillon-en-Barrois
55,080,Brixey-aux-Chanoines
55,081,Brizeaux
55,082,Brocourt-en-Argonne
55,083,Brouennes
55,084,Broussey-en-Blois
55,085,Broussey-Raulecourt
55,087,Bure
55,088,Burey-en-Vaux
55,089,Burey-la-Côte
55,093,Buxières-sous-les-Côtes
55,094,Buzy-Darmont
55,095,Cesse
55,096,Chaillon
55,097,Chalaines
55,099,Champneuville
55,100,Champougny
55,101,Chardogne
55,102,Charny-sur-Meuse
55,103,Charpentry
55,104,Chassey-Beaupré
55,105,Châtillon-sous-les-Côtes
55,106,Chattancourt
55,107,Chaumont-devant-Damvillers
55,108,Chaumont-sur-Aire
55,109,Chauvency-le-Château
55,110,Chauvency-Saint-Hubert
55,111,Chauvoncourt
55,113,Cheppy
55,114,Chonville-Malaumont
55,115,Cierges-sous-Montfaucon
55,116,Le Claon
55,117,Clermont-en-Argonne
55,118,Cléry-le-Grand
55,119,Cléry-le-Petit
55,120,Combles-en-Barrois
55,121,Combres-sous-les-Côtes
55,122,Commercy
55,123,Les Hauts-de-Chée
55,124,Consenvoye
55,125,Contrisson
55,127,Courcelles-en-Barrois
55,128,Courcelles-sur-Aire
55,129,Courouvre
55,132,Cousances-les-Forges
55,133,Couvertpuis
55,134,Couvonges
55,137,Cuisy
55,138,Culey
55,139,Cumières-le-Mort-Homme
55,140,Cunel
55,141,Dagonville
55,142,Dainville-Bertheléville
55,143,Damloup
55,144,Dammarie-sur-Saulx
55,145,Damvillers
55,146,Dannevoux
55,148,Delouze-Rosières
55,149,Delut
55,150,Demange-Baudignécourt
55,153,Dieppe-sous-Douaumont
55,154,Dieue-sur-Meuse
55,155,Dombasle-en-Argonne
55,156,Dombras
55,157,Dommartin-la-Montagne
55,158,Dommary-Baroncourt
55,159,Dompcevrin
55,160,Dompierre-aux-Bois
55,162,Domremy-la-Canne
55,163,Doncourt-aux-Templiers
55,165,Doulcon
55,166,Dugny-sur-Meuse
55,167,Dun-sur-Meuse
55,168,Duzey
55,169,Écouviez
55,170,Écurey-en-Verdunois
55,171,Eix
55,172,Les Éparges
55,173,Épiez-sur-Meuse
55,174,Épinonville
55,175,Érize-la-Brûlée
55,177,Érize-la-Petite
55,178,Érize-Saint-Dizier
55,179,Erneville-aux-Bois
55,180,Esnes-en-Argonne
55,181,Étain
55,182,Éton
55,183,Étraye
55,184,Euville
55,185,Èvres
55,186,Fains-Véel
55,188,Flassigny
55,189,Fleury-devant-Douaumont
55,191,Foameix-Ornel
55,192,Fontaines-Saint-Clair
55,193,Forges-sur-Meuse
55,194,Foucaucourt-sur-Thabas
55,195,Fouchères-aux-Bois
55,196,Frémeréville-sous-les-Côtes
55,197,Fresnes-au-Mont
55,198,Fresnes-en-Woëvre
55,199,Froidos
55,200,Fromeréville-les-Vallons
55,201,Fromezey
55,202,Futeau
55,204,Génicourt-sur-Meuse
55,206,Gercourt-et-Drillancourt
55,207,Géry
55,208,Gesnes-en-Argonne
55,210,Gimécourt
55,211,Gincrey
55,212,Girauvoisin
55,214,Givrauval
55,215,Gondrecourt-le-Château
55,216,Gouraincourt
55,217,Goussaincourt
55,218,Gremilly
55,219,Grimaucourt-en-Woëvre
55,220,Grimaucourt-près-Sampigny
55,221,Guerpont
55,222,Gussainville
55,224,Haironville
55,225,Halles-sous-les-Côtes
55,226,Han-lès-Juvigny
55,228,Hannonville-sous-les-Côtes
55,229,Han-sur-Meuse
55,232,Harville
55,236,Haudainville
55,237,Haudiomont
55,239,Haumont-près-Samogneux
55,241,Heippes
55,242,Hennemont
55,243,Herbeuville
55,244,Herméville-en-Woëvre
55,245,Heudicourt-sous-les-Côtes
55,246,Hévilliers
55,247,Horville-en-Ornois
55,248,Houdelaincourt
55,250,Inor
55,251,Ippécourt
55,252,Iré-le-Sec
55,253,Les Islettes
55,254,Les Trois-Domaines
55,255,Jametz
55,256,Jonville-en-Woëvre
55,257,Jouy-en-Argonne
55,258,Geville
55,260,Julvécourt
55,261,Juvigny-en-Perthois
55,262,Juvigny-sur-Loison
55,263,Kœur-la-Grande
55,264,Kœur-la-Petite
55,265,Labeuville
55,266,Lachalade
55,267,Lachaussée
55,268,Lacroix-sur-Meuse
55,269,Lahaymeix
55,270,Lahayville
55,271,Laheycourt
55,272,Laimont
55,274,Lamorville
55,275,Lamouilly
55,276,Landrecourt-Lempire
55,278,Laneuville-au-Rupt
55,279,Laneuville-sur-Meuse
55,280,Lanhères
55,281,Latour-en-Woëvre
55,282,Lavallée
55,284,Lavincourt
55,285,Lavoye
55,286,Lemmes
55,288,Lérouville
55,289,Levoncourt
55,290,Lignières-sur-Aire
55,291,Ligny-en-Barrois
55,292,Liny-devant-Dun
55,293,Lion-devant-Dun
55,295,Lisle-en-Barrois
55,296,L'Isle-en-Rigault
55,297,Lissey
55,298,Loisey
55,299,Loison
55,300,Longeaux
55,301,Longchamps-sur-Aire
55,302,Longeville-en-Barrois
55,303,Loupmont
55,304,Louppy-le-Château
55,306,Louppy-sur-Loison
55,307,Louvemont-Côte-du-Poivre
55,310,Luzy-Saint-Martin
55,311,Maizeray
55,312,Maizey
55,313,Malancourt
55,315,Mandres-en-Barrois
55,316,Mangiennes
55,317,Manheulles
55,320,Marchéville-en-Woëvre
55,321,Marre
55,322,Marson-sur-Barboure
55,323,Martincourt-sur-Meuse
55,324,Marville
55,325,Maucourt-sur-Orne
55,326,Maulan
55,327,Mauvages
55,328,Maxey-sur-Vaise
55,329,Mécrin
55,330,Méligny-le-Grand
55,331,Méligny-le-Petit
55,332,Menaucourt
55,333,Ménil-aux-Bois
55,334,Ménil-la-Horgne
55,335,Ménil-sur-Saulx
55,336,Merles-sur-Loison
55,338,Milly-sur-Bradon
55,339,Mogeville
55,340,Mognéville
55,341,Moirey-Flabas-Crépion
55,343,Montblainville
55,344,Montbras
55,345,Mont-devant-Sassey
55,346,Montfaucon-d'Argonne
55,347,Les Monthairons
55,348,Montiers-sur-Saulx
55,349,Montigny-devant-Sassey
55,350,Montigny-lès-Vaucouleurs
55,351,Montmédy
55,352,Montplonne
55,353,Montsec
55,355,Montzéville
55,356,Moranville
55,357,Morgemoulin
55,358,Chanteraine
55,359,Morley
55,360,Mouilly
55,361,Moulainville
55,362,Moulins-Saint-Hubert
55,363,Moulotte
55,364,Mouzay
55,365,Murvaux
55,366,Val-d'Ornain
55,367,Muzeray
55,368,Naives-en-Blois
55,369,Naives-Rosières
55,370,Naix-aux-Forges
55,371,Nançois-le-Grand
55,372,Nançois-sur-Ornain
55,373,Nant-le-Grand
55,374,Nant-le-Petit
55,375,Nantillois
55,376,Nantois
55,377,Nepvant
55,378,Nettancourt
55,379,Le Neufour
55,380,Neuville-en-Verdunois
55,381,Neuville-lès-Vaucouleurs
55,382,Neuville-sur-Ornain
55,383,Neuvilly-en-Argonne
55,384,Nicey-sur-Aire
55,385,Nixéville-Blercourt
55,386,Nonsard-Lamarche
55,387,Nouillonpont
55,388,Noyers-Auzécourt
55,389,Nubécourt
55,391,Olizy-sur-Chiers
55,394,Ornes
55,395,Osches
55,396,Ourches-sur-Meuse
55,397,Pagny-la-Blanche-Côte
55,398,Pagny-sur-Meuse
55,399,Pareid
55,400,Parfondrupt
55,401,Les Paroches
55,403,Peuvillers
55,404,Pierrefitte-sur-Aire
55,405,Pillon
55,406,Pintheville
55,407,Pont-sur-Meuse
55,408,Pouilly-sur-Meuse
55,409,Pretz-en-Argonne
55,410,Quincy-Landzécourt
55,411,Rambluzin-et-Benoite-Vaux
55,412,Rambucourt
55,414,Rancourt-sur-Ornain
55,415,Ranzières
55,416,Rarécourt
55,419,Récicourt
55,420,Récourt-le-Creux
55,421,Reffroy
55,422,Regnéville-sur-Meuse
55,423,Rembercourt-Sommaisne
55,424,Remennecourt
55,425,Remoiville
55,426,Resson
55,427,Revigny-sur-Ornain
55,428,Réville-aux-Bois
55,429,Riaville
55,430,Ribeaucourt
55,431,Richecourt
55,433,Rigny-la-Salle
55,434,Rigny-Saint-Martin
55,435,Robert-Espagne
55,436,Les Roises
55,437,Romagne-sous-les-Côtes
55,438,Romagne-sous-Montfaucon
55,439,Ronvaux
55,442,Raival
55,443,Rouvres-en-Woëvre
55,444,Rouvrois-sur-Meuse
55,445,Rouvrois-sur-Othain
55,446,Rumont
55,447,Rupt-aux-Nonains
55,448,Rupt-devant-Saint-Mihiel
55,449,Rupt-en-Woëvre
55,450,Rupt-sur-Othain
55,452,Saint-Amand-sur-Ornain
55,453,Saint-André-en-Barrois
55,454,Saint-Aubin-sur-Aire
55,456,Saint-Germain-sur-Meuse
55,457,Saint-Hilaire-en-Woëvre
55,458,Saint-Jean-lès-Buzy
55,459,Saint-Joire
55,460,Saint-Julien-sous-les-Côtes
55,461,Saint-Laurent-sur-Othain
55,462,Saint-Maurice-sous-les-Côtes
55,463,Saint-Mihiel
55,464,Saint-Pierrevillers
55,465,Saint-Remy-la-Calonne
55,466,Salmagne
55,467,Sampigny
55,468,Samogneux
55,469,Sassey-sur-Meuse
55,470,Saudrupt
55,471,Saulmory-Villefranche
55,472,Saulvaux
55,473,Saulx-lès-Champlon
55,474,Sauvigny
55,475,Sauvoy
55,476,Savonnières-devant-Bar
55,477,Savonnières-en-Perthois
55,479,Seigneulles
55,481,Senon
55,482,Senoncourt-les-Maujouy
55,484,Septsarges
55,485,Sepvigny
55,487,Seuzey
55,488,Silmont
55,489,Sivry-la-Perche
55,490,Sivry-sur-Meuse
55,492,Sommedieue
55,493,Sommeilles
55,494,Sommelonne
55,495,Sorbey
55,496,Sorcy-Saint-Martin
55,497,Les Souhesmes-Rampont
55,498,Souilly
55,500,Spincourt
55,501,Stainville
55,502,Stenay
55,503,Taillancourt
55,504,Tannois
55,505,Thierville-sur-Meuse
55,506,Thillombois
55,507,Thillot
55,508,Thonne-la-Long
55,509,Thonne-le-Thil
55,510,Thonne-les-Près
55,511,Thonnelle
55,512,Tilly-sur-Meuse
55,514,Trémont-sur-Saulx
55,515,Trésauvaux
55,516,Tréveray
55,517,Seuil-d'Argonne
55,518,Cousances-lès-Triconville
55,519,Tronville-en-Barrois
55,520,Troussey
55,521,Troyon
55,522,Ugny-sur-Meuse
55,523,Vacherauville
55,525,Vadelaincourt
55,526,Vadonville
55,527,Varennes-en-Argonne
55,528,Varnéville
55,530,Valbois
55,531,Vassincourt
55,532,Vaubecourt
55,533,Vaucouleurs
55,534,Vaudeville-le-Haut
55,535,Vaudoncourt
55,536,Vauquois
55,537,Douaumont-Vaux
55,540,Vaux-lès-Palameix
55,541,Vavincourt
55,543,Velaines
55,544,Velosnes
55,545,Verdun
55,546,Verneuil-Grand
55,547,Verneuil-Petit
55,549,Véry
55,551,Vigneulles-lès-Hattonchâtel
55,552,Vigneul-sous-Montmédy
55,553,Vignot
55,554,Villécloye
55,555,Ville-devant-Belrain
55,556,Ville-devant-Chaumont
55,557,Ville-en-Woëvre
55,559,Villeroy-sur-Méholle
55,560,Villers-aux-Vents
55,561,Villers-devant-Dun
55,562,Villers-le-Sec
55,563,Villers-lès-Mangiennes
55,565,Villers-sous-Pareid
55,566,Villers-sur-Meuse
55,567,Ville-sur-Cousances
55,568,Ville-sur-Saulx
55,569,Villotte-devant-Louppy
55,570,Villotte-sur-Aire
55,571,Vilosnes-Haraumont
55,572,Vittarville
55,573,Void-Vacon
55,574,Vouthon-Bas
55,575,Vouthon-Haut
55,577,Waly
55,578,Warcq
55,579,Watronville
55,580,Wavrille
55,581,Willeroncourt
55,582,Wiseppe
55,583,Woël
55,584,Woimbey
55,586,Xivray-et-Marvoisin
56,001,Allaire
56,002,Ambon
56,003,Arradon
56,004,Arzal
56,005,Arzon
56,006,Augan
56,007,Auray
56,008,Baden
56,009,Bangor
56,010,Baud
56,011,Béganne
56,012,Beignon
56,013,Belz
56,014,Berné
56,015,Berric
56,017,Bignan
56,018,Billiers
56,019,Billio
56,020,Bohal
56,021,Brandérion
56,022,Brandivy
56,023,Brech
56,024,Bréhan
56,025,Brignac
56,026,Bubry
56,027,Buléon
56,028,Caden
56,029,Calan
56,030,Camoël
56,031,Camors
56,032,Campénéac
56,033,Carentoir
56,034,Carnac
56,035,Caro
56,036,Caudan
56,039,La Chapelle-Neuve
56,040,Cléguer
56,041,Cléguérec
56,042,Colpo
56,043,Concoret
56,044,Cournon
56,045,Le Cours
56,046,Crach
56,047,Crédin
56,048,Le Croisty
56,050,La Croix-Helléan
56,051,Cruguel
56,052,Damgan
56,053,Elven
56,054,Erdeven
56,055,Étel
56,056,Évriguet
56,057,Le Faouët
56,058,Férel
56,060,Les Fougerêts
56,061,La Gacilly
56,062,Gâvres
56,063,Gestel
56,065,Gourhel
56,066,Gourin
56,067,Grand-Champ
56,068,La Grée-Saint-Laurent
56,069,Groix
56,070,Guégon
56,071,Guéhenno
56,072,Gueltas
56,073,Guémené-sur-Scorff
56,074,Guénin
56,075,Guer
56,076,Guern
56,077,Le Guerno
56,078,Guidel
56,079,Guillac
56,080,Guilliers
56,081,Guiscriff
56,082,Helléan
56,083,Hennebont
56,084,Le Hézo
56,085,Hœdic
56,086,Île-d'Houat
56,087,Île-aux-Moines
56,088,Île-d'Arz
56,089,Inguiniel
56,090,Inzinzac-Lochrist
56,091,Josselin
56,092,Kerfourn
56,093,Kergrist
56,094,Kervignac
56,096,Landaul
56,097,Landévant
56,098,Lanester
56,099,Langoëlan
56,100,Langonnet
56,101,Languidic
56,102,Forges de Lanouée
56,103,Lantillac
56,104,Lanvaudan
56,105,Lanvénégen
56,106,Larmor-Baden
56,107,Larmor-Plage
56,108,Larré
56,109,Lauzach
56,110,Lignol
56,111,Limerzel
56,112,Lizio
56,113,Locmalo
56,114,Locmaria
56,115,Locmaria-Grand-Champ
56,116,Locmariaquer
56,117,Locminé
56,118,Locmiquélic
56,119,Locoal-Mendon
56,120,Locqueltas
56,121,Lorient
56,122,Loyat
56,123,Malansac
56,124,Malestroit
56,125,Malguénac
56,126,Marzan
56,127,Mauron
56,128,Melrand
56,129,Ménéac
56,130,Merlevenez
56,131,Meslan
56,132,Meucon
56,133,Missiriac
56,134,Mohon
56,135,Molac
56,136,Monteneuf
56,137,Monterblanc
56,139,Montertelot
56,140,Moréac
56,141,Moustoir-Ac
56,143,Muzillac
56,144,Évellys
56,145,Néant-sur-Yvel
56,146,Neulliac
56,147,Nivillac
56,148,Nostang
56,149,Noyal-Muzillac
56,151,Noyal-Pontivy
56,152,Le Palais
56,153,Péaule
56,154,Peillac
56,155,Pénestin
56,156,Persquen
56,157,Plaudren
56,158,Plescop
56,159,Pleucadeuc
56,160,Pleugriffet
56,161,Ploemel
56,162,Ploemeur
56,163,Ploërdut
56,164,Ploeren
56,165,Ploërmel
56,166,Plouay
56,167,Plougoumelen
56,168,Plouharnel
56,169,Plouhinec
56,170,Plouray
56,171,Pluherlin
56,172,Plumelec
56,173,Pluméliau-Bieuzy
56,174,Plumelin
56,175,Plumergat
56,176,Pluneret
56,177,Pluvigner
56,178,Pontivy
56,179,Pont-Scorff
56,180,Porcaro
56,181,Port-Louis
56,182,Priziac
56,184,Questembert
56,185,Quéven
56,186,Quiberon
56,188,Quistinic
56,189,Radenac
56,190,Réguiny
56,191,Réminiac
56,193,Riantec
56,194,Rieux
56,195,La Roche-Bernard
56,196,Rochefort-en-Terre
56,197,Val d'Oust
56,198,Rohan
56,199,Roudouallec
56,200,Ruffiac
56,201,Le Saint
56,202,Saint-Abraham
56,203,Saint-Aignan
56,204,Saint-Allouestre
56,205,Saint-Armel
56,206,Saint-Avé
56,207,Saint-Barthélemy
56,208,Saint-Brieuc-de-Mauron
56,209,Sainte-Brigitte
56,210,Saint-Caradec-Trégomel
56,211,Saint-Congard
56,212,Saint-Dolay
56,213,Saint-Gérand-Croixanvec
56,214,Saint-Gildas-de-Rhuys
56,215,Saint-Gonnery
56,216,Saint-Gorgon
56,218,Saint-Gravé
56,219,Saint-Guyomard
56,220,Sainte-Hélène
56,221,Saint-Jacut-les-Pins
56,222,Saint-Jean-Brévelay
56,223,Saint-Jean-la-Poterie
56,224,Saint-Laurent-sur-Oust
56,225,Saint-Léry
56,226,Saint-Malo-de-Beignon
56,227,Saint-Malo-des-Trois-Fontaines
56,228,Saint-Marcel
56,229,Saint-Martin-sur-Oust
56,230,Saint-Nicolas-du-Tertre
56,231,Saint-Nolff
56,232,Saint-Perreux
56,233,Saint-Philibert
56,234,Saint-Pierre-Quiberon
56,236,Saint-Servant
56,237,Saint-Thuriau
56,238,Saint-Tugdual
56,239,Saint-Vincent-sur-Oust
56,240,Sarzeau
56,241,Sauzon
56,242,Séglien
56,243,Séné
56,244,Sérent
56,245,Silfiac
56,246,Le Sourn
56,247,Sulniac
56,248,Surzur
56,249,Taupont
56,250,Théhillac
56,251,Theix-Noyalo
56,252,Le Tour-du-Parc
56,253,Tréal
56,254,Trédion
56,255,Treffléan
56,256,Tréhorenteuc
56,257,La Trinité-Porhoët
56,258,La Trinité-sur-Mer
56,259,La Trinité-Surzur
56,260,Vannes
56,261,La Vraie-Croix
56,262,Le Bono
56,263,Sainte-Anne-d'Auray
56,264,Kernascléden
57,001,Aboncourt
57,002,Aboncourt-sur-Seille
57,003,Abreschviller
57,004,Achain
57,006,Achen
57,007,Adaincourt
57,008,Adelange
57,009,Ajoncourt
57,010,Alaincourt-la-Côte
57,011,Albestroff
57,012,Algrange
57,013,Alsting
57,014,Altrippe
57,015,Altviller
57,016,Alzing
57,017,Amanvillers
57,018,Amelécourt
57,019,Amnéville
57,020,Ancerville
57,021,Ancy-Dornot
57,022,Angevillers
57,024,Antilly
57,025,Anzeling
57,026,Apach
57,027,Arraincourt
57,028,Argancy
57,029,Arriance
57,030,Arry
57,031,Ars-Laquenexy
57,032,Ars-sur-Moselle
57,033,Arzviller
57,034,Aspach
57,035,Assenoncourt
57,036,Attilloncourt
57,037,Aube
57,038,Audun-le-Tiche
57,039,Augny
57,040,Aulnois-sur-Seille
57,041,Aumetz
57,042,Avricourt
57,043,Ay-sur-Moselle
57,044,Azoudange
57,045,Bacourt
57,046,Baerenthal
57,047,Bambiderstroff
57,048,Bannay
57,049,Le Ban-Saint-Martin
57,050,Barchain
57,051,Baronville
57,052,Barst
57,053,Bassing
57,054,Baudrecourt
57,055,Bazoncourt
57,056,Bébing
57,057,Béchy
57,058,Behren-lès-Forbach
57,059,Bellange
57,060,Bénestroff
57,061,Béning-lès-Saint-Avold
57,062,Berg-sur-Moselle
57,063,Bérig-Vintrange
57,064,Berling
57,065,Bermering
57,066,Berthelming
57,067,Bertrange
57,069,Berviller-en-Moselle
57,070,Bettange
57,071,Bettborn
57,072,Bettelainville
57,073,Betting
57,074,Bettviller
57,075,Beux
57,076,Beyren-lès-Sierck
57,077,Bezange-la-Petite
57,079,Bibiche
57,080,Bickenholtz
57,081,Bidestroff
57,082,Biding
57,083,Bining
57,084,Bioncourt
57,085,Bionville-sur-Nied
57,086,Belles-Forêts
57,087,Bisten-en-Lorraine
57,088,Bistroff
57,089,Bitche
57,090,Blanche-Église
57,091,Bliesbruck
57,092,Blies-Ébersing
57,093,Blies-Guersviller
57,095,Boucheporn
57,096,Boulange
57,097,Boulay-Moselle
57,098,Bourgaltroff
57,099,Bourdonnay
57,100,Bourscheid
57,101,Bousbach
57,102,Bousse
57,103,Bousseviller
57,104,Boust
57,105,Boustroff
57,106,Bouzonville
57,107,Bréhain
57,108,Breidenbach
57,109,Breistroff-la-Grande
57,110,Brettnach
57,111,Bronvaux
57,112,Brouck
57,113,Brouderdorff
57,114,Brouviller
57,115,Brulange
57,116,Buchy
57,117,Buding
57,118,Budling
57,119,Buhl-Lorraine
57,120,Burlioncourt
57,121,Burtoncourt
57,122,Cappel
57,123,Carling
57,124,Cattenom
57,125,Chailly-lès-Ennery
57,126,Chambrey
57,127,Chanville
57,128,Charleville-sous-Bois
57,129,Charly-Oradour
57,130,Château-Bréhain
57,131,Château-Rouge
57,132,Château-Salins
57,133,Château-Voué
57,134,Châtel-Saint-Germain
57,136,Chémery-les-Deux
57,137,Cheminot
57,138,Chenois
57,139,Chérisey
57,140,Chesny
57,141,Chicourt
57,142,Chieulles
57,143,Clouange
57,144,Cocheren
57,145,Coincy
57,146,Coin-lès-Cuvry
57,147,Coin-sur-Seille
57,148,Colligny-Maizery
57,149,Colmen
57,150,Condé-Northen
57,151,Conthil
57,152,Contz-les-Bains
57,153,Corny-sur-Moselle
57,154,Coume
57,155,Courcelles-Chaussy
57,156,Courcelles-sur-Nied
57,158,Craincourt
57,159,Créhange
57,160,Creutzwald
57,161,Cutting
57,162,Cuvry
57,163,Dabo
57,165,Dalem
57,166,Dalhain
57,167,Dalstein
57,168,Danne-et-Quatre-Vents
57,169,Dannelbourg
57,171,Delme
57,172,Denting
57,173,Desseling
57,174,Destry
57,175,Diane-Capelle
57,176,Diebling
57,177,Dieuze
57,178,Diffembach-lès-Hellimer
57,179,Distroff
57,180,Dolving
57,181,Domnom-lès-Dieuze
57,182,Donjeux
57,183,Donnelay
57,186,Ébersviller
57,187,Éblange
57,188,Éguelshardt
57,189,Eincheville
57,190,Elvange
57,191,Elzange
57,192,Enchenberg
57,193,Ennery
57,194,Entrange
57,195,Epping
57,196,Erching
57,197,Ernestviller
57,198,Erstroff
57,199,Escherange
57,200,Les Étangs
57,201,Etting
57,202,Etzling
57,203,Évrange
57,204,Failly
57,205,Falck
57,206,Fameck
57,207,Farébersviller
57,208,Farschviller
57,209,Faulquemont
57,210,Fénétrange
57,211,Fèves
57,212,Féy
57,213,Filstroff
57,214,Fixem
57,215,Flastroff
57,216,Fleisheim
57,217,Flétrange
57,218,Fleury
57,219,Flévy
57,220,Flocourt
57,221,Florange
57,222,Folkling
57,224,Folschviller
57,225,Fonteny
57,226,Fontoy
57,227,Forbach
57,228,Fossieux
57,229,Foulcrey
57,230,Fouligny
57,231,Foville
57,232,Francaltroff
57,233,Fraquelfing
57,234,Frauenberg
57,235,Freistroff
57,236,Frémery
57,237,Frémestroff
57,238,Fresnes-en-Saulnois
57,239,Freybouse
57,240,Freyming-Merlebach
57,241,Fribourg
57,242,Gandrange
57,244,Garrebourg
57,245,Gavisse
57,246,Gelucourt
57,247,Gerbécourt
57,248,Givrycourt
57,249,Glatigny
57,250,Goetzenbruck
57,251,Goin
57,252,Gomelange
57,253,Gondrexange
57,254,Gorze
57,255,Gosselming
57,256,Gravelotte
57,257,Grémecey
57,258,Gréning
57,259,Grindorff-Bizing
57,260,Grosbliederstroff
57,261,Gros-Réderching
57,262,Grostenquin
57,263,Grundviller
57,264,Guebenhouse
57,265,Guébestroff
57,266,Guéblange-lès-Dieuze
57,267,Le Val-de-Guéblange
57,268,Guébling
57,269,Guénange
57,270,Val-de-Bride
57,271,Guenviller
57,272,Guermange
57,273,Guerstling
57,274,Guerting
57,275,Guessling-Hémering
57,276,Guinglange
57,277,Guinkirchen
57,278,Guinzeling
57,280,Guntzviller
57,281,Haboudange
57,282,Hagen
57,283,Hagondange
57,284,Hallering
57,286,Halstroff
57,287,Basse-Ham
57,288,Ham-sous-Varsberg
57,289,Hambach
57,290,Hampont
57,291,Hangviller
57,292,Hannocourt
57,293,Han-sur-Nied
57,294,Hanviller
57,295,Haraucourt-sur-Seille
57,296,Hargarten-aux-Mines
57,297,Harprich
57,298,Harreberg
57,299,Hartzviller
57,300,Haselbourg
57,301,Haspelschiedt
57,302,Hattigny
57,303,Hauconcourt
57,304,Haut-Clocher
57,305,Havange
57,306,Hayange
57,307,Hayes
57,308,Hazembourg
57,309,Heining-lès-Bouzonville
57,310,Hellering-lès-Fénétrange
57,311,Hellimer
57,312,Helstroff
57,313,Hémilly
57,314,Héming
57,315,Henridorff
57,316,Henriville
57,317,Hérange
57,318,Hermelange
57,319,Herny
57,320,Hertzing
57,321,Hesse
57,322,Hestroff
57,323,Hettange-Grande
57,324,Hilbesheim
57,325,Hilsprich
57,326,Hinckange
57,328,Holacourt
57,329,Holling
57,330,Holving
57,331,Hombourg-Budange
57,332,Hombourg-Haut
57,333,Hommarting
57,334,Hommert
57,335,Honskirch
57,336,L'Hôpital
57,337,Hoste
57,338,Hottviller
57,339,Hultehouse
57,340,Hundling
57,341,Hunting
57,342,Ibigny
57,343,Illange
57,344,Imling
57,345,Inglange
57,346,Insming
57,347,Insviller
57,348,Ippling
57,349,Jallaucourt
57,350,Jouy-aux-Arches
57,351,Jury
57,352,Jussy
57,353,Juvelize
57,354,Juville
57,355,Kalhausen
57,356,Kanfen
57,357,Kappelkinger
57,358,Kédange-sur-Canner
57,359,Kemplich
57,360,Kerbach
57,361,Kerling-lès-Sierck
57,362,Kerprich-aux-Bois
57,364,Kirsch-lès-Sierck
57,365,Kirschnaumen
57,366,Kirviller
57,367,Klang
57,368,Knutange
57,370,Kœnigsmacker
57,371,Haute-Kontz
57,372,Kuntzig
57,373,Lachambre
57,374,Lafrimbolle
57,375,Lagarde
57,376,Lambach
57,377,Landange
57,379,Landroff
57,380,Laneuveville-lès-Lorquin
57,381,Laneuveville-en-Saulnois
57,382,Langatte
57,383,Languimberg
57,384,Laning
57,385,Laquenexy
57,386,Laudrefang
57,387,Laumesfeld
57,388,Launstroff
57,389,Lelling
57,390,Lemberg
57,391,Lemoncourt
57,392,Lemud
57,393,Lengelsheim
57,394,Léning
57,395,Lesse
57,396,Lessy
57,397,Ley
57,398,Leyviller
57,399,Lezey
57,401,Lidrezing
57,402,Liederschiedt
57,403,Liéhon
57,404,Lindre-Basse
57,405,Lindre-Haute
57,406,Liocourt
57,407,Lixheim
57,408,Lixing-lès-Rouhling
57,409,Lixing-lès-Saint-Avold
57,410,Lhor
57,411,Lommerange
57,412,Longeville-lès-Metz
57,413,Longeville-lès-Saint-Avold
57,414,Lorquin
57,415,Lorry-lès-Metz
57,416,Lorry-Mardigny
57,417,Lostroff
57,418,Loudrefing
57,419,Loupershouse
57,421,Loutzviller
57,422,Louvigny
57,423,Lubécourt
57,424,Lucy
57,425,Luppy
57,426,Luttange
57,427,Lutzelbourg
57,428,Macheren
57,430,Mainvillers
57,431,Maizeroy
57,433,Maizières-lès-Metz
57,434,Maizières-lès-Vic
57,436,Malaucourt-sur-Seille
57,437,Malling
57,438,Malroy
57,439,Manderen-Ritzing
57,440,Manhoué
57,441,Manom
57,442,Many
57,443,Marange-Silvange
57,444,Marange-Zondrange
57,445,Marieulles
57,446,Marimont-lès-Bénestroff
57,447,Marly
57,448,Marsal
57,449,Marsilly
57,451,Marthille
57,452,La Maxe
57,453,Maxstadt
57,454,Mécleuves
57,455,Mégange
57,456,Meisenthal
57,457,Menskirch
57,459,Merschweiller
57,460,Merten
57,461,Métairies-Saint-Quirin
57,462,Metting
57,463,Metz
57,464,Metzeresche
57,465,Metzervisse
57,466,Metzing
57,467,Mey
57,468,Mittelbronn
57,469,Mittersheim
57,470,Molring
57,471,Momerstroff
57,472,Moncheux
57,473,Moncourt
57,474,Mondelange
57,475,Mondorff
57,476,Monneren
57,477,Montbronn
57,478,Montdidier
57,479,Montenach
57,480,Montigny-lès-Metz
57,481,Montois-la-Montagne
57,482,Ogy-Montoy-Flanville
57,483,Morhange
57,484,Morsbach
57,485,Morville-lès-Vic
57,486,Morville-sur-Nied
57,487,Moulins-lès-Metz
57,488,Moussey
57,489,Mouterhouse
57,490,Moyenvic
57,491,Moyeuvre-Grande
57,492,Moyeuvre-Petite
57,493,Mulcey
57,494,Munster
57,495,Narbéfontaine
57,496,Nébing
57,497,Nelling
57,498,Neufchef
57,499,Neufgrange
57,500,Neufmoulins
57,501,Neufvillage
57,502,Neunkirchen-lès-Bouzonville
57,504,Niderhoff
57,505,Niderviller
57,506,Niederstinzel
57,507,Niedervisse
57,508,Nilvange
57,509,Nitting
57,510,Noisseville
57,511,Norroy-le-Veneur
57,512,Nouilly
57,513,Nousseviller-lès-Bitche
57,514,Nousseviller-Saint-Nabor
57,515,Novéant-sur-Moselle
57,516,Oberdorff
57,517,Obergailbach
57,518,Oberstinzel
57,519,Obervisse
57,520,Obreck
57,521,Œting
57,524,Ommeray
57,525,Oriocourt
57,526,Ormersviller
57,527,Orny
57,528,Oron
57,529,Ottange
57,530,Ottonville
57,531,Oudrenne
57,532,Pagny-lès-Goin
57,533,Pange
57,534,Peltre
57,535,Petit-Réderching
57,536,Petit-Tenquin
57,537,Petite-Rosselle
57,538,Pettoncourt
57,539,Pévange
57,540,Phalsbourg
57,541,Philippsbourg
57,542,Piblange
57,543,Pierrevillers
57,544,Plaine-de-Walsch
57,545,Plappeville
57,546,Plesnois
57,547,Pommérieux
57,548,Pontoy
57,549,Pontpierre
57,550,Porcelette
57,551,Postroff
57,552,Pouilly
57,553,Pournoy-la-Chétive
57,554,Pournoy-la-Grasse
57,555,Prévocourt
57,556,Puttelange-aux-Lacs
57,557,Puttelange-lès-Thionville
57,558,Puttigny
57,559,Puzieux
57,560,Racrange
57,561,Rahling
57,562,Ranguevaux
57,563,Raville
57,564,Réchicourt-le-Château
57,565,Rédange
57,566,Réding
57,567,Rémelfang
57,568,Rémelfing
57,569,Rémeling
57,570,Rémering
57,571,Rémering-lès-Puttelange
57,572,Rémilly
57,573,Réning
57,574,Basse-Rentgen
57,575,Retonfey
57,576,Rettel
57,577,Reyersviller
57,578,Rezonville-Vionville
57,579,Rhodes
57,580,Riche
57,581,Richeling
57,582,Richemont
57,583,Richeval
57,584,Rimling
57,586,Rochonvillers
57,587,Rodalbe
57,588,Rodemack
57,589,Rohrbach-lès-Bitche
57,590,Rolbing
57,591,Rombas
57,592,Romelfing
57,593,Roncourt
57,594,Roppeviller
57,595,Rorbach-lès-Dieuze
57,596,Rosbruck
57,597,Rosselange
57,598,Rouhling
57,599,Roupeldange
57,600,Roussy-le-Village
57,601,Rozérieulles
57,602,Rurange-lès-Thionville
57,603,Russange
57,604,Rustroff
57,605,Sailly-Achâtel
57,606,Saint-Avold
57,607,Sainte-Barbe
57,609,Saint-Epvre
57,610,Saint-François-Lacroix
57,611,Saint-Georges
57,612,Saint-Hubert
57,613,Saint-Jean-de-Bassel
57,614,Saint-Jean-Kourtzerode
57,615,Saint-Jean-Rohrbach
57,616,Saint-Julien-lès-Metz
57,617,Saint-Jure
57,618,Saint-Louis
57,619,Saint-Louis-lès-Bitche
57,620,Sainte-Marie-aux-Chênes
57,621,Saint-Médard
57,622,Saint-Privat-la-Montagne
57,623,Saint-Quirin
57,624,Sainte-Ruffine
57,625,Salonnes
57,626,Sanry-lès-Vigy
57,627,Sanry-sur-Nied
57,628,Sarralbe
57,629,Sarraltroff
57,630,Sarrebourg
57,631,Sarreguemines
57,633,Sarreinsming
57,634,Saulny
57,635,Schalbach
57,636,Schmittviller
57,637,Schneckenbusch
57,638,Schœneck
57,639,Schorbach
57,640,Schwerdorff
57,641,Schweyen
57,642,Scy-Chazelles
57,643,Secourt
57,644,Seingbouse
57,645,Semécourt
57,647,Serémange-Erzange
57,648,Servigny-lès-Raville
57,649,Servigny-lès-Sainte-Barbe
57,650,Sierck-les-Bains
57,651,Siersthal
57,652,Sillegny
57,653,Silly-en-Saulnois
57,654,Silly-sur-Nied
57,655,Solgne
57,656,Sorbey
57,657,Sotzeling
57,658,Soucht
57,659,Spicheren
57,660,Stiring-Wendel
57,661,Sturzelbronn
57,662,Suisse
57,663,Talange
57,664,Tarquimpol
57,665,Tenteling
57,666,Terville
57,667,Téterchen
57,668,Teting-sur-Nied
57,669,Théding
57,670,Thicourt
57,671,Thimonville
57,672,Thionville
57,673,Thonville
57,674,Tincry
57,675,Torcheville
57,676,Tragny
57,677,Trémery
57,678,Tressange
57,679,Tritteling-Redlach
57,680,Troisfontaines
57,681,Tromborn
57,682,Turquestein-Blancrupt
57,683,Uckange
57,684,Vahl-Ebersing
57,685,Vahl-lès-Bénestroff
57,686,Vahl-lès-Faulquemont
57,687,Vallerange
57,689,Valmestroff
57,690,Valmont
57,691,Valmunster
57,692,Vannecourt
57,693,Vantoux
57,694,Vany
57,695,Varize-Vaudoncourt
57,696,Varsberg
57,697,Vasperviller
57,698,Vatimont
57,700,Vaudreching
57,701,Vaux
57,702,Vaxy
57,703,Veckersviller
57,704,Veckring
57,705,Velving
57,706,Vergaville
57,707,Vernéville
57,708,Verny
57,709,Vescheim
57,711,Vibersviller
57,712,Vic-sur-Seille
57,713,Vieux-Lixheim
57,714,Haute-Vigneulles
57,715,Vigny
57,716,Vigy
57,717,Viller
57,718,Villers-Stoncourt
57,719,Villers-sur-Nied
57,720,Villing
57,721,Vilsberg
57,723,Virming
57,724,Vitry-sur-Orne
57,725,Vittersbourg
57,726,Vittoncourt
57,727,Viviers
57,728,Voimhaut
57,730,Volmerange-lès-Boulay
57,731,Volmerange-les-Mines
57,732,Volmunster
57,733,Volstroff
57,734,Voyer
57,736,Vry
57,737,Vulmont
57,738,Waldhouse
57,739,Waldweistroff
57,740,Waldwisse
57,741,Walschbronn
57,742,Walscheid
57,743,Waltembourg
57,745,Wiesviller
57,746,Willerwald
57,747,Wintersbourg
57,748,Wittring
57,749,Vœlfling-lès-Bouzonville
57,750,Wœlfling-lès-Sarreguemines
57,751,Woippy
57,752,Woustviller
57,753,Wuisse
57,754,Xanrey
57,755,Xocourt
57,756,Xouaxange
57,757,Yutz
57,759,Zarbeling
57,760,Zetting
57,761,Zilling
57,762,Zimming
57,763,Zommange
57,764,Zoufftgen
57,765,Diesen
57,767,Stuckange
58,001,Achun
58,002,Alligny-Cosne
58,003,Alligny-en-Morvan
58,004,Alluy
58,005,Amazy
58,006,Anlezy
58,007,Annay
58,008,Anthien
58,009,Arbourse
58,010,Arleuf
58,011,Armes
58,012,Arquian
58,013,Arthel
58,014,Arzembouy
58,015,Asnan
58,016,Asnois
58,017,Aunay-en-Bazois
58,018,Authiou
58,019,Avrée
58,020,Avril-sur-Loire
58,021,Azy-le-Vif
58,023,Bazoches
58,024,Bazolles
58,025,Béard
58,026,Beaulieu
58,027,Beaumont-la-Ferrière
58,028,Beaumont-Sardolles
58,029,Beuvron
58,030,Biches
58,031,Billy-Chevannes
58,032,Billy-sur-Oisy
58,033,Bitry
58,034,Blismes
58,035,Bona
58,036,Bouhy
58,037,Brassy
58,038,Breugnon
58,039,Brèves
58,040,Brinay
58,041,Brinon-sur-Beuvron
58,042,Bulcy
58,043,Bussy-la-Pesle
58,044,La Celle-sur-Loire
58,045,La Celle-sur-Nièvre
58,046,Cercy-la-Tour
58,047,Cervon
58,048,Cessy-les-Bois
58,049,Chalaux
58,050,Challement
58,051,Challuy
58,052,Champallement
58,053,Champlemy
58,054,Champlin
58,055,Champvert
58,056,Champvoux
58,057,Chantenay-Saint-Imbert
58,058,La Chapelle-Saint-André
58,059,La Charité-sur-Loire
58,060,Charrin
58,061,Chasnay
58,062,Château-Chinon (Ville)
58,063,Château-Chinon (Campagne)
58,064,Châteauneuf-Val-de-Bargis
58,065,Châtillon-en-Bazois
58,066,Châtin
58,067,Chaulgnes
58,068,Chaumard
58,069,Chaumot
58,070,Chazeuil
58,071,Chevannes-Changy
58,072,Chevenon
58,073,Chevroches
58,074,Chiddes
58,075,Chitry-les-Mines
58,076,Chougny
58,077,Ciez
58,078,Cizely
58,079,Clamecy
58,080,La Collancelle
58,081,Colméry
58,082,Corancy
58,083,Corbigny
58,084,Corvol-d'Embernard
58,085,Corvol-l'Orgueilleux
58,086,Cosne-Cours-sur-Loire
58,087,Cossaye
58,088,Coulanges-lès-Nevers
58,089,Couloutre
58,090,Courcelles
58,092,Crux-la-Ville
58,093,Cuncy-lès-Varzy
58,094,Dampierre-sous-Bouhy
58,095,Decize
58,096,Devay
58,097,Diennes-Aubigny
58,098,Dirol
58,099,Dommartin
58,101,Dompierre-sur-Nièvre
58,102,Donzy
58,103,Dornecy
58,104,Dornes
58,105,Druy-Parigny
58,106,Dun-les-Places
58,107,Dun-sur-Grandry
58,108,Empury
58,109,Entrains-sur-Nohain
58,110,Epiry
58,111,Fâchin
58,112,La Fermeté
58,113,Fertrève
58,114,Fléty
58,115,Fleury-sur-Loire
58,116,Flez-Cuzy
58,117,Fourchambault
58,118,Fours
58,119,Frasnay-Reugny
58,120,Gâcogne
58,121,Garchizy
58,122,Garchy
58,123,Germenay
58,124,Germigny-sur-Loire
58,125,Gien-sur-Cure
58,126,Gimouille
58,127,Giry
58,128,Glux-en-Glenne
58,129,Gouloux
58,130,Grenois
58,131,Guérigny
58,132,Guipy
58,133,Héry
58,134,Imphy
58,135,Isenay
58,136,Jailly
58,137,Lamenay-sur-Loire
58,138,Langeron
58,139,Lanty
58,140,Larochemillay
58,141,Lavault-de-Frétoy
58,142,Limanton
58,143,Limon
58,144,Livry
58,145,Lormes
58,146,Lucenay-lès-Aix
58,147,Lurcy-le-Bourg
58,148,Luthenay-Uxeloup
58,149,Luzy
58,150,Lys
58,151,La Machine
58,152,Magny-Cours
58,153,Magny-Lormes
58,154,La Maison-Dieu
58,155,La Marche
58,156,Marcy
58,157,Marigny-l'Église
58,158,Mars-sur-Allier
58,159,Marigny-sur-Yonne
58,160,Marzy
58,161,Maux
58,162,Menestreau
58,163,Menou
58,164,Mesves-sur-Loire
58,165,Metz-le-Comte
58,166,Mhère
58,168,Millay
58,169,Moissy-Moulinot
58,170,Monceaux-le-Comte
58,171,Montapas
58,172,Montambert
58,173,Montaron
58,174,Montenoison
58,175,Mont-et-Marré
58,176,Montigny-aux-Amognes
58,177,Montigny-en-Morvan
58,178,Montigny-sur-Canne
58,179,Montreuillon
58,180,Montsauche-les-Settons
58,181,Moraches
58,182,Moulins-Engilbert
58,183,Mouron-sur-Yonne
58,184,Moussy
58,185,Moux-en-Morvan
58,186,Murlin
58,187,Myennes
58,188,Nannay
58,189,Narcy
58,190,Neuffontaines
58,191,Neuilly
58,192,Neuville-lès-Decize
58,193,Neuvy-sur-Loire
58,194,Nevers
58,195,La Nocle-Maulaix
58,196,Nolay
58,197,Nuars
58,198,Oisy
58,199,Onlay
58,200,Ouagne
58,201,Oudan
58,202,Ougny
58,203,Oulon
58,204,Vaux d'Amognes
58,205,Ouroux-en-Morvan
58,206,Parigny-la-Rose
58,207,Parigny-les-Vaux
58,208,Pazy
58,209,Perroy
58,210,Planchez
58,211,Poil
58,212,Poiseux
58,213,Pougny
58,214,Pougues-les-Eaux
58,215,Pouilly-sur-Loire
58,216,Pouques-Lormes
58,217,Pousseaux
58,218,Prémery
58,219,Préporché
58,220,Raveau
58,221,Rémilly
58,222,Rix
58,223,Rouy
58,224,Ruages
58,225,Saincaize-Meauce
58,226,Saint-Agnan-en-Morvan
58,227,Saint-Amand-en-Puisaye
58,228,Saint-Andelain
58,229,Saint-André-en-Morvan
58,230,Saint-Aubin-des-Chaumes
58,231,Saint-Aubin-les-Forges
58,232,Saint-Benin-d'Azy
58,233,Saint-Benin-des-Bois
58,234,Saint-Bonnot
58,235,Saint-Brisson
58,236,Sainte-Colombe-des-Bois
58,237,Saint-Didier
58,238,Saint-Éloi
58,239,Saint-Firmin
58,240,Saint-Franchy
58,241,Saint-Germain-Chassenay
58,242,Saint-Germain-des-Bois
58,243,Saint-Gratien-Savigny
58,244,Saint-Hilaire-en-Morvan
58,245,Saint-Hilaire-Fontaine
58,246,Saint-Honoré-les-Bains
58,247,Saint-Jean-aux-Amognes
58,248,Saint-Laurent-l'Abbaye
58,249,Saint-Léger-de-Fougeret
58,250,Saint-Léger-des-Vignes
58,251,Saint-Loup-des-Bois
58,252,Saint-Malo-en-Donziois
58,253,Sainte-Marie
58,254,Saint-Martin-d'Heuille
58,255,Saint-Martin-du-Puy
58,256,Saint-Martin-sur-Nohain
58,257,Saint-Maurice
58,258,Saint-Ouen-sur-Loire
58,259,Saint-Parize-en-Viry
58,260,Saint-Parize-le-Châtel
58,261,Saint-Père
58,262,Saint-Péreuse
58,263,Saint-Pierre-du-Mont
58,264,Saint-Pierre-le-Moûtier
58,265,Saint-Quentin-sur-Nohain
58,266,Saint-Révérien
58,267,Saint-Saulge
58,268,Saint-Seine
58,269,Saint-Sulpice
58,270,Saint-Vérain
58,271,Saizy
58,272,Sardy-lès-Épiry
58,273,Sauvigny-les-Bois
58,274,Savigny-Poil-Fol
58,275,Saxi-Bourdon
58,276,Sémelay
58,277,Sermages
58,278,Sermoise-sur-Loire
58,279,Sichamps
58,280,Sougy-sur-Loire
58,281,Suilly-la-Tour
58,282,Surgy
58,283,Taconnay
58,284,Talon
58,285,Tamnay-en-Bazois
58,286,Tannay
58,287,Tazilly
58,288,Teigny
58,289,Ternant
58,290,Thaix
58,291,Thianges
58,292,Tintury
58,293,Toury-Lurcy
58,294,Toury-sur-Jour
58,295,Tracy-sur-Loire
58,296,Tresnay
58,297,Trois-Vèvres
58,298,Tronsanges
58,299,Trucy-l'Orgueilleux
58,300,Urzy
58,301,Vandenesse
58,302,Varennes-lès-Narcy
58,303,Varennes-Vauzelles
58,304,Varzy
58,305,Vauclaix
58,306,Verneuil
58,307,Vielmanay
58,308,Vignol
58,309,Villapourçon
58,310,Villiers-le-Sec
58,311,Ville-Langy
58,312,Villiers-sur-Yonne
58,313,Vitry-Laché
59,001,Abancourt
59,002,Abscon
59,003,Aibes
59,004,Aix-en-Pévèle
59,005,Allennes-les-Marais
59,006,L'Orée de Mormal
59,007,Anhiers
59,008,Aniche
59,009,Villeneuve-d'Ascq
59,010,Anneux
59,011,Annœullin
59,012,Anor
59,013,Anstaing
59,014,Anzin
59,015,Arleux
59,016,Armbouts-Cappel
59,017,Armentières
59,018,Arnèke
59,019,Artres
59,021,Assevent
59,022,Attiches
59,023,Aubencheul-au-Bac
59,024,Auberchicourt
59,025,Aubers
59,026,Aubigny-au-Bac
59,027,Aubry-du-Hainaut
59,028,Auby
59,029,Auchy-lez-Orchies
59,031,Audignies
59,032,Aulnoy-lez-Valenciennes
59,033,Aulnoye-Aymeries
59,034,Avelin
59,035,Avesnelles
59,036,Avesnes-sur-Helpe
59,037,Avesnes-les-Aubert
59,038,Avesnes-le-Sec
59,039,Awoingt
59,041,Bachant
59,042,Bachy
59,043,Bailleul
59,044,Baisieux
59,045,Baives
59,046,Bambecque
59,047,Banteux
59,048,Bantigny
59,049,Bantouzelle
59,050,Bas-Lieu
59,051,La Bassée
59,052,Bauvin
59,053,Bavay
59,054,Bavinchove
59,055,Bazuel
59,056,Beaucamps-Ligny
59,057,Beaudignies
59,058,Beaufort
59,059,Beaumont-en-Cambrésis
59,060,Beaurain
59,061,Beaurepaire-sur-Sambre
59,062,Beaurieux
59,063,Beauvois-en-Cambrésis
59,064,Bellaing
59,065,Bellignies
59,066,Bérelles
59,067,Bergues
59,068,Berlaimont
59,069,Bermerain
59,071,Bersée
59,072,Bersillies
59,073,Berthen
59,074,Bertry
59,075,Béthencourt
59,076,Bettignies
59,077,Bettrechies
59,078,Beugnies
59,079,Beuvrages
59,080,Beuvry-la-Forêt
59,081,Bévillers
59,082,Bierne
59,083,Bissezeele
59,084,Blaringhem
59,085,Blécourt
59,086,Boeschepe
59,087,Boëseghem
59,088,Bois-Grenier
59,089,Bollezeele
59,090,Bondues
59,091,Borre
59,092,Bouchain
59,093,Boulogne-sur-Helpe
59,094,Bourbourg
59,096,Bourghelles
59,097,Boursies
59,098,Bousbecque
59,099,Bousies
59,100,Bousignies
59,101,Bousignies-sur-Roc
59,102,Boussières-en-Cambrésis
59,103,Boussières-sur-Sambre
59,104,Boussois
59,105,Bouvignies
59,106,Bouvines
59,107,Bray-Dunes
59,108,Briastre
59,109,Brillon
59,110,Brouckerque
59,111,Broxeele
59,112,Bruay-sur-l'Escaut
59,113,Bruille-lez-Marchiennes
59,114,Bruille-Saint-Amand
59,115,Brunémont
59,116,Bry
59,117,Bugnicourt
59,118,Busigny
59,119,Buysscheure
59,120,Caëstre
59,121,Cagnoncles
59,122,Cambrai
59,123,Camphin-en-Carembault
59,124,Camphin-en-Pévèle
59,125,Cantaing-sur-Escaut
59,126,Cantin
59,127,Capelle
59,128,Capinghem
59,129,Cappelle-en-Pévèle
59,130,Cappelle-Brouck
59,131,Cappelle-la-Grande
59,132,Carnières
59,133,Carnin
59,134,Cartignies
59,135,Cassel
59,136,Le Cateau-Cambrésis
59,137,Catillon-sur-Sambre
59,138,Cattenières
59,139,Caudry
59,140,Caullery
59,141,Cauroir
59,142,Cerfontaine
59,143,La Chapelle-d'Armentières
59,144,Château-l'Abbaye
59,145,Chemy
59,146,Chéreng
59,147,Choisies
59,148,Clairfayts
59,149,Clary
59,150,Cobrieux
59,151,Colleret
59,152,Comines
59,153,Condé-sur-l'Escaut
59,155,Coudekerque-Branche
59,156,Courchelettes
59,157,Cousolre
59,158,Coutiches
59,159,Craywick
59,160,Crespin
59,161,Crèvecœur-sur-l'Escaut
59,162,Crochte
59,163,Croix
59,164,Croix-Caluyau
59,165,Cuincy
59,166,Curgies
59,167,Cuvillers
59,168,Cysoing
59,169,Damousies
59,170,Dechy
59,171,Dehéries
59,172,Denain
59,173,Deûlémont
59,174,Dimechaux
59,175,Dimont
59,176,Doignies
59,177,Dompierre-sur-Helpe
59,178,Douai
59,179,Douchy-les-Mines
59,180,Le Doulieu
59,181,Dourlers
59,182,Drincham
59,183,Dunkerque
59,184,Ebblinghem
59,185,Écaillon
59,186,Eccles
59,187,Éclaibes
59,188,Écuélin
59,189,Eecke
59,190,Élesmes
59,191,Élincourt
59,192,Émerchicourt
59,193,Emmerin
59,194,Englefontaine
59,195,Englos
59,196,Ennetières-en-Weppes
59,197,Ennevelin
59,198,Eppe-Sauvage
59,199,Erchin
59,200,Eringhem
59,201,Erquinghem-le-Sec
59,202,Erquinghem-Lys
59,203,Erre
59,204,Escarmain
59,205,Escaudain
59,206,Escaudœuvres
59,207,Escautpont
59,208,Escobecques
59,209,Esnes
59,210,Esquelbecq
59,211,Esquerchin
59,212,Estaires
59,213,Estourmel
59,214,Estrées
59,215,Estreux
59,216,Eswars
59,217,Eth
59,218,Étrœungt
59,219,Estrun
59,220,Faches-Thumesnil
59,221,Famars
59,222,Faumont
59,223,Le Favril
59,224,Féchain
59,225,Feignies
59,226,Felleries
59,227,Fenain
59,228,Férin
59,229,Féron
59,230,Ferrière-la-Grande
59,231,Ferrière-la-Petite
59,232,La Flamengrie
59,233,Flaumont-Waudrechies
59,234,Flers-en-Escrebieux
59,236,Flesquières
59,237,Flêtre
59,238,Flines-lès-Mortagne
59,239,Flines-lez-Raches
59,240,Floursies
59,241,Floyon
59,242,Fontaine-au-Bois
59,243,Fontaine-au-Pire
59,244,Fontaine-Notre-Dame
59,246,Forest-en-Cambrésis
59,247,Forest-sur-Marque
59,249,Fourmies
59,250,Fournes-en-Weppes
59,251,Frasnoy
59,252,Frelinghien
59,253,Fresnes-sur-Escaut
59,254,Fressain
59,255,Fressies
59,256,Fretin
59,257,Fromelles
59,258,Genech
59,259,Ghissignies
59,260,Ghyvelde
59,261,Glageon
59,262,Godewaersvelde
59,263,Gœulzin
59,264,Gognies-Chaussée
59,265,Gommegnies
59,266,Gondecourt
59,267,Gonnelieu
59,268,La Gorgue
59,269,Gouzeaucourt
59,270,Grand-Fayt
59,271,Grande-Synthe
59,272,Grand-Fort-Philippe
59,273,Gravelines
59,274,La Groise
59,275,Gruson
59,276,Guesnain
59,277,Gussignies
59,278,Hallennes-lez-Haubourdin
59,279,Halluin
59,280,Hamel
59,281,Hantay
59,282,Hardifort
59,283,Hargnies
59,284,Hasnon
59,285,Haspres
59,286,Haubourdin
59,287,Haucourt-en-Cambrésis
59,288,Haulchin
59,289,Haussy
59,290,Haut-Lieu
59,291,Hautmont
59,292,Haveluy
59,293,Haverskerque
59,294,Haynecourt
59,295,Hazebrouck
59,296,Hecq
59,297,Hélesmes
59,299,Hem
59,300,Hem-Lenglet
59,301,Hergnies
59,302,Hérin
59,303,Herlies
59,304,Herrin
59,305,Herzeele
59,306,Hestrud
59,307,Holque
59,308,Hondeghem
59,309,Hondschoote
59,310,Hon-Hergies
59,311,Honnechy
59,312,Honnecourt-sur-Escaut
59,313,Hordain
59,314,Hornaing
59,315,Houdain-lez-Bavay
59,316,Houplin-Ancoisne
59,317,Houplines
59,318,Houtkerque
59,319,Hoymille
59,320,Illies
59,321,Inchy
59,322,Iwuy
59,323,Jenlain
59,324,Jeumont
59,325,Jolimetz
59,326,Killem
59,327,Lallaing
59,328,Lambersart
59,329,Lambres-lez-Douai
59,330,Landas
59,331,Landrecies
59,332,Lannoy
59,333,Larouillies
59,334,Lauwin-Planque
59,335,Lecelles
59,336,Lécluse
59,337,Lederzeele
59,338,Ledringhem
59,339,Leers
59,340,Leffrinckoucke
59,341,Lesdain
59,342,Lez-Fontaine
59,343,Lesquin
59,344,Leval
59,345,Lewarde
59,346,Lezennes
59,347,Liessies
59,348,Lieu-Saint-Amand
59,349,Ligny-en-Cambrésis
59,350,Lille
59,351,Limont-Fontaine
59,352,Linselles
59,353,Locquignol
59,354,Loffre
59,356,Lompret
59,357,La Longueville
59,358,Looberghe
59,359,Loon-Plage
59,360,Loos
59,361,Lourches
59,363,Louvignies-Quesnoy
59,364,Louvil
59,365,Louvroil
59,366,Lynde
59,367,Lys-lez-Lannoy
59,368,La Madeleine
59,369,Maing
59,370,Mairieux
59,371,Le Maisnil
59,372,Malincourt
59,374,Marbaix
59,375,Marchiennes
59,377,Marcoing
59,378,Marcq-en-Barœul
59,379,Marcq-en-Ostrevent
59,381,Maresches
59,382,Maretz
59,383,Marly
59,384,Maroilles
59,385,Marpent
59,386,Marquette-lez-Lille
59,387,Marquette-en-Ostrevant
59,388,Marquillies
59,389,Masnières
59,390,Masny
59,391,Mastaing
59,392,Maubeuge
59,393,Maulde
59,394,Maurois
59,395,Mazinghien
59,396,Mecquignies
59,397,Merckeghem
59,398,Mérignies
59,399,Merris
59,400,Merville
59,401,Méteren
59,402,Millam
59,403,Millonfosse
59,405,Mœuvres
59,406,Monceau-Saint-Waast
59,407,Monchaux-sur-Écaillon
59,408,Moncheaux
59,409,Monchecourt
59,410,Mons-en-Barœul
59,411,Mons-en-Pévèle
59,412,Montay
59,413,Montigny-en-Cambrésis
59,414,Montigny-en-Ostrevent
59,415,Montrécourt
59,416,Morbecque
59,418,Mortagne-du-Nord
59,419,Mouchin
59,420,Moustier-en-Fagne
59,421,Mouvaux
59,422,Naves
59,423,Neuf-Berquin
59,424,Neuf-Mesnil
59,425,Neuville-en-Avesnois
59,426,Neuville-en-Ferrain
59,427,La Neuville
59,428,Neuville-Saint-Rémy
59,429,Neuville-sur-Escaut
59,430,Neuvilly
59,431,Nieppe
59,432,Niergnies
59,433,Nieurlet
59,434,Nivelle
59,435,Nomain
59,436,Noordpeene
59,437,Noyelles-lès-Seclin
59,438,Noyelles-sur-Escaut
59,439,Noyelles-sur-Sambre
59,440,Noyelles-sur-Selle
59,441,Obies
59,442,Obrechies
59,443,Ochtezeele
59,444,Odomez
59,445,Ohain
59,446,Oisy
59,447,Onnaing
59,448,Oost-Cappel
59,449,Orchies
59,450,Ors
59,451,Orsinval
59,452,Ostricourt
59,453,Oudezeele
59,454,Oxelaëre
59,455,Paillencourt
59,456,Pecquencourt
59,457,Pérenchies
59,458,Péronne-en-Mélantois
59,459,Petite-Forêt
59,461,Petit-Fayt
59,462,Phalempin
59,463,Pitgam
59,464,Poix-du-Nord
59,465,Pommereuil
59,466,Pont-à-Marcq
59,467,Pont-sur-Sambre
59,468,Potelle
59,469,Pradelles
59,470,Prémesques
59,471,Préseau
59,472,Preux-au-Bois
59,473,Preux-au-Sart
59,474,Prisches
59,475,Prouvy
59,476,Proville
59,477,Provin
59,478,Quaëdypre
59,479,Quarouble
59,480,Quérénaing
59,481,Le Quesnoy
59,482,Quesnoy-sur-Deûle
59,483,Quiévelon
59,484,Quiévrechain
59,485,Quiévy
59,486,Râches
59,487,Radinghem-en-Weppes
59,488,Raillencourt-Sainte-Olle
59,489,Raimbeaucourt
59,490,Rainsars
59,491,Raismes
59,492,Ramillies
59,493,Ramousies
59,494,Raucourt-au-Bois
59,495,Recquignies
59,496,Rejet-de-Beaulieu
59,497,Renescure
59,498,Reumont
59,499,Rexpoëde
59,500,Ribécourt-la-Tour
59,501,Rieulay
59,502,Rieux-en-Cambrésis
59,503,Robersart
59,504,Rœulx
59,505,Rombies-et-Marchipont
59,506,Romeries
59,507,Ronchin
59,508,Roncq
59,509,Roost-Warendin
59,511,Rosult
59,512,Roubaix
59,513,Roucourt
59,514,Rousies
59,515,Rouvignies
59,516,Rubrouck
59,517,Les Rues-des-Vignes
59,518,Ruesnes
59,519,Rumegies
59,520,Rumilly-en-Cambrésis
59,521,Sailly-lez-Cambrai
59,522,Sailly-lez-Lannoy
59,523,Sainghin-en-Mélantois
59,524,Sainghin-en-Weppes
59,525,Sains-du-Nord
59,526,Saint-Amand-les-Eaux
59,527,Saint-André-lez-Lille
59,528,Saint-Aubert
59,529,Saint-Aubin
59,530,Saint-Aybert
59,531,Saint-Benin
59,532,Saint-Georges-sur-l'Aa
59,533,Saint-Hilaire-lez-Cambrai
59,534,Saint-Hilaire-sur-Helpe
59,535,Saint-Jans-Cappel
59,536,Sainte-Marie-Cappel
59,537,Saint-Martin-sur-Écaillon
59,538,Saint-Momelin
59,539,Saint-Pierre-Brouck
59,541,Saint-Python
59,542,Saint-Remy-Chaussée
59,543,Saint-Remy-du-Nord
59,544,Saint-Saulve
59,545,Saint-Souplet
59,546,Saint-Sylvestre-Cappel
59,547,Saint-Vaast-en-Cambrésis
59,548,Saint-Waast
59,549,Salesches
59,550,Salomé
59,551,Saméon
59,552,Sancourt
59,553,Santes
59,554,Sars-et-Rosières
59,555,Sars-Poteries
59,556,Sassegnies
59,557,Saultain
59,558,Saulzoir
59,559,Sebourg
59,560,Seclin
59,562,Sémeries
59,563,Semousies
59,564,La Sentinelle
59,565,Sepmeries
59,566,Sequedin
59,567,Séranvillers-Forenville
59,568,Sercus
59,569,Sin-le-Noble
59,570,Socx
59,571,Solesmes
59,572,Solre-le-Château
59,573,Solrinnes
59,574,Somain
59,575,Sommaing
59,576,Spycker
59,577,Staple
59,578,Steenbecque
59,579,Steene
59,580,Steenvoorde
59,581,Steenwerck
59,582,Strazeele
59,583,Taisnières-en-Thiérache
59,584,Taisnières-sur-Hon
59,585,Templemars
59,586,Templeuve-en-Pévèle
59,587,Terdeghem
59,588,Téteghem-Coudekerque-Village
59,589,Thiant
59,590,Thiennes
59,591,Thivencelle
59,592,Thumeries
59,593,Thun-l'Évêque
59,594,Thun-Saint-Amand
59,595,Thun-Saint-Martin
59,596,Tilloy-lez-Marchiennes
59,597,Tilloy-lez-Cambrai
59,598,Toufflers
59,599,Tourcoing
59,600,Tourmignies
59,601,Trélon
59,602,Tressin
59,603,Trith-Saint-Léger
59,604,Troisvilles
59,605,Uxem
59,606,Valenciennes
59,607,Vendegies-au-Bois
59,608,Vendegies-sur-Écaillon
59,609,Vendeville
59,610,Verchain-Maugré
59,611,Verlinghem
59,612,Vertain
59,613,Vicq
59,614,Viesly
59,615,Vieux-Berquin
59,616,Vieux-Condé
59,617,Vieux-Mesnil
59,618,Vieux-Reng
59,619,Villereau
59,620,Villers-au-Tertre
59,622,Villers-en-Cauchies
59,623,Villers-Guislain
59,624,Villers-Outréaux
59,625,Villers-Plouich
59,626,Villers-Pol
59,627,Villers-Sire-Nicole
59,628,Volckerinckhove
59,629,Vred
59,630,Wahagnies
59,631,Walincourt-Selvigny
59,632,Wallers
59,633,Wallers-en-Fagne
59,634,Wallon-Cappel
59,635,Wambaix
59,636,Wambrechies
59,637,Wandignies-Hamage
59,638,Wannehain
59,639,Wargnies-le-Grand
59,640,Wargnies-le-Petit
59,641,Warhem
59,642,Warlaing
59,643,Warneton
59,645,Wasnes-au-Bac
59,646,Wasquehal
59,647,Watten
59,648,Wattignies
59,649,Wattignies-la-Victoire
59,650,Wattrelos
59,651,Wavrechain-sous-Denain
59,652,Wavrechain-sous-Faulx
59,653,Wavrin
59,654,Waziers
59,655,Wemaers-Cappel
59,656,Wervicq-Sud
59,657,West-Cappel
59,658,Wicres
59,659,Wignehies
59,660,Willems
59,661,Willies
59,662,Winnezeele
59,663,Wormhout
59,664,Wulverdinghe
59,665,Wylder
59,666,Zegerscappel
59,667,Zermezeele
59,668,Zuydcoote
59,669,Zuytpeene
59,670,Don
60,001,Abancourt
60,002,Abbecourt
60,003,Abbeville-Saint-Lucien
60,004,Achy
60,005,Acy-en-Multien
60,006,Les Ageux
60,007,Agnetz
60,008,Airion
60,009,Allonne
60,010,Amblainville
60,011,Amy
60,012,Andeville
60,013,Angicourt
60,014,Angivillers
60,015,Angy
60,016,Ansacq
60,017,Ansauvillers
60,019,Antheuil-Portes
60,020,Antilly
60,021,Appilly
60,022,Apremont
60,023,Armancourt
60,024,Arsy
60,025,Attichy
60,026,Auchy-la-Montagne
60,027,Auger-Saint-Vincent
60,028,Aumont-en-Halatte
60,029,Auneuil
60,030,Auteuil
60,031,Autheuil-en-Valois
60,032,Autrêches
60,033,Avilly-Saint-Léonard
60,034,Avrechy
60,035,Avricourt
60,036,Avrigny
60,037,Babœuf
60,039,Bacouël
60,040,Bailleul-le-Soc
60,041,Bailleul-sur-Thérain
60,042,Bailleval
60,043,Bailly
60,044,Balagny-sur-Thérain
60,045,Barbery
60,046,Bargny
60,047,Baron
60,048,Baugy
60,049,Bazancourt
60,050,Bazicourt
60,051,Beaudéduit
60,052,Beaugies-sous-Bois
60,053,Beaulieu-les-Fontaines
60,054,Beaumont-les-Nonains
60,055,Beaurains-lès-Noyon
60,056,Beaurepaire
60,057,Beauvais
60,058,Beauvoir
60,059,Béhéricourt
60,060,Belle-Église
60,061,Belloy
60,062,Berlancourt
60,063,Berneuil-en-Bray
60,064,Berneuil-sur-Aisne
60,065,Berthecourt
60,066,Béthancourt-en-Valois
60,067,Béthisy-Saint-Martin
60,068,Béthisy-Saint-Pierre
60,069,Betz
60,070,Bienville
60,071,Biermont
60,072,Bitry
60,073,Blacourt
60,074,Blaincourt-lès-Précy
60,075,Blancfossé
60,076,Blargies
60,077,Blicourt
60,078,Blincourt
60,079,Boissy-Fresnoy
60,081,Bonlier
60,082,Bonneuil-les-Eaux
60,083,Bonneuil-en-Valois
60,084,Bonnières
60,085,Bonvillers
60,086,Boran-sur-Oise
60,087,Borest
60,088,Bornel
60,089,Boubiers
60,090,Bouconvillers
60,091,Bouillancy
60,092,Boullarre
60,093,Boulogne-la-Grasse
60,094,Boursonne
60,095,Boury-en-Vexin
60,097,Boutencourt
60,098,Bouvresse
60,099,Braisnes-sur-Aronde
60,100,Brasseuse
60,101,Brégy
60,102,Brenouille
60,103,Bresles
60,104,Breteuil
60,105,Brétigny
60,106,Breuil-le-Sec
60,107,Breuil-le-Vert
60,108,Briot
60,109,Brombos
60,110,Broquiers
60,111,Broyes
60,112,Brunvillers-la-Motte
60,113,Bucamps
60,114,Buicourt
60,115,Bulles
60,116,Bury
60,117,Bussy
60,118,Caisnes
60,119,Cambronne-lès-Ribécourt
60,120,Cambronne-lès-Clermont
60,121,Campagne
60,122,Campeaux
60,123,Campremy
60,124,Candor
60,125,Canly
60,126,Cannectancourt
60,127,Canny-sur-Matz
60,128,Canny-sur-Thérain
60,129,Carlepont
60,130,Catenoy
60,131,Catheux
60,132,Catigny
60,133,Catillon-Fumechon
60,134,Cauffry
60,135,Cauvigny
60,136,Cempuis
60,137,Cernoy
60,138,Chamant
60,139,Chambly
60,140,Chambors
60,141,Chantilly
60,142,La Chapelle-en-Serval
60,143,Chaumont-en-Vexin
60,144,Chavençon
60,145,Chelles
60,146,Chepoix
60,147,Chevincourt
60,148,Chèvreville
60,149,Chevrières
60,150,Chiry-Ourscamp
60,151,Choisy-au-Bac
60,152,Choisy-la-Victoire
60,153,Choqueuse-les-Bénards
60,154,Cinqueux
60,155,Cires-lès-Mello
60,156,Clairoix
60,157,Clermont
60,158,Coivrel
60,159,Compiègne
60,160,Conchy-les-Pots
60,161,Conteville
60,162,Corbeil-Cerf
60,163,Cormeilles
60,164,Le Coudray-Saint-Germer
60,165,Le Coudray-sur-Thelle
60,166,Coudun
60,167,Couloisy
60,168,Courcelles-Epayelles
60,169,Courcelles-lès-Gisors
60,170,Courteuil
60,171,Courtieux
60,172,Coye-la-Forêt
60,173,Cramoisy
60,174,Crapeaumesnil
60,175,Creil
60,176,Crépy-en-Valois
60,177,Cressonsacq
60,178,Crèvecœur-le-Grand
60,179,Crèvecœur-le-Petit
60,180,Crillon
60,181,Crisolles
60,182,Le Crocq
60,183,Croissy-sur-Celle
60,184,Croutoy
60,185,Crouy-en-Thelle
60,186,Cuignières
60,187,Cuigy-en-Bray
60,188,Cuise-la-Motte
60,189,Cuts
60,190,Cuvergnon
60,191,Cuvilly
60,192,Cuy
60,193,Daméraucourt
60,194,Dargies
60,195,Delincourt
60,196,La Drenne
60,197,Dieudonné
60,198,Dives
60,199,Doméliers
60,200,Domfront
60,201,Dompierre
60,203,Duvy
60,204,Écuvilly
60,205,Élencourt
60,206,Élincourt-Sainte-Marguerite
60,207,Éméville
60,208,Énencourt-Léage
60,209,La Corne-en-Vexin
60,210,Épineuse
60,211,Éragny-sur-Epte
60,212,Ercuis
60,213,Ermenonville
60,214,Ernemont-Boutavent
60,215,Erquery
60,216,Erquinvillers
60,217,Escames
60,218,Esches
60,219,Escles-Saint-Pierre
60,220,Espaubourg
60,221,Esquennoy
60,222,Essuiles
60,223,Estrées-Saint-Denis
60,224,Étavigny
60,225,Étouy
60,226,Ève
60,227,Évricourt
60,228,Fay-les-Étangs
60,229,Le Fayel
60,230,Le Fay-Saint-Quentin
60,231,Feigneux
60,232,Ferrières
60,233,Feuquières
60,234,Fitz-James
60,235,Flavacourt
60,236,Flavy-le-Meldeux
60,237,Fléchy
60,238,Fleurines
60,239,Fleury
60,240,Fontaine-Bonneleau
60,241,Fontaine-Chaalis
60,242,Fontaine-Lavaganne
60,243,Fontaine-Saint-Lucien
60,244,Fontenay-Torcy
60,245,Formerie
60,247,Fouilleuse
60,248,Fouilloy
60,249,Foulangues
60,250,Fouquenies
60,251,Fouquerolles
60,252,Fournival
60,253,Francastel
60,254,Francières
60,255,Fréniches
60,256,Montchevreuil
60,257,Fresne-Léguillon
60,258,Fresnières
60,259,Fresnoy-en-Thelle
60,260,Fresnoy-la-Rivière
60,261,Fresnoy-le-Luat
60,262,Le Frestoy-Vaux
60,263,Frétoy-le-Château
60,264,Frocourt
60,265,Froissy
60,267,Le Gallet
60,268,Gannes
60,269,Gaudechart
60,270,Genvry
60,271,Gerberoy
60,272,Gilocourt
60,273,Giraumont
60,274,Glaignes
60,275,Glatigny
60,276,Godenvillers
60,277,Goincourt
60,278,Golancourt
60,279,Gondreville
60,280,Gourchelles
60,281,Gournay-sur-Aronde
60,282,Gouvieux
60,283,Gouy-les-Groseillers
60,284,Grandfresnoy
60,285,Grandvillers-aux-Bois
60,286,Grandvilliers
60,287,Grandrû
60,288,Grémévillers
60,289,Grez
60,290,Guignecourt
60,291,Guiscard
60,292,Gury
60,293,Hadancourt-le-Haut-Clocher
60,294,Hainvillers
60,295,Halloy
60,296,Hannaches
60,297,Le Hamel
60,298,Hanvoile
60,299,Hardivillers
60,301,Haucourt
60,302,Haudivillers
60,303,Hautbos
60,304,Haute-Épine
60,305,Hautefontaine
60,306,Hécourt
60,307,Heilles
60,308,Hémévillers
60,309,Hénonville
60,310,Herchies
60,311,La Hérelle
60,312,Héricourt-sur-Thérain
60,313,Hermes
60,314,Hétomesnil
60,315,Hodenc-en-Bray
60,316,Hodenc-l'Évêque
60,317,Hondainville
60,318,Houdancourt
60,319,La Houssoye
60,320,Ivors
60,321,Ivry-le-Temple
60,322,Jaméricourt
60,323,Janville
60,324,Jaulzy
60,325,Jaux
60,326,Jonquières
60,327,Jouy-sous-Thelle
60,328,Juvignies
60,329,Laberlière
60,330,Laboissière-en-Thelle
60,331,Labosse
60,332,Labruyère
60,333,Lachapelle-aux-Pots
60,334,Lachapelle-Saint-Pierre
60,335,Lachapelle-sous-Gerberoy
60,336,Lachaussée-du-Bois-d'Écu
60,337,Lachelle
60,338,Lacroix-Saint-Ouen
60,339,Lafraye
60,340,Lagny
60,341,Lagny-le-Sec
60,342,Laigneville
60,343,Lalande-en-Son
60,344,Lalandelle
60,345,Lamécourt
60,346,Lamorlaye
60,347,Lannoy-Cuillère
60,348,Larbroye
60,350,Lassigny
60,351,Lataule
60,352,Lattainville
60,353,Lavacquerie
60,354,Laverrière
60,355,Laversines
60,356,Lavilletertre
60,357,Léglantiers
60,358,Lévignen
60,359,Lhéraule
60,360,Liancourt
60,361,Liancourt-Saint-Pierre
60,362,Libermont
60,363,Lierville
60,364,Lieuvillers
60,365,Lihus
60,366,Litz
60,367,Loconville
60,368,Longueil-Annel
60,369,Longueil-Sainte-Marie
60,370,Lormaison
60,371,Loueuse
60,372,Luchy
60,373,Machemont
60,374,Maignelay-Montigny
60,375,Maimbeville
60,376,Maisoncelle-Saint-Pierre
60,377,Maisoncelle-Tuilerie
60,378,Marest-sur-Matz
60,379,Mareuil-la-Motte
60,380,Mareuil-sur-Ourcq
60,381,Margny-aux-Cerises
60,382,Margny-lès-Compiègne
60,383,Margny-sur-Matz
60,385,Marolles
60,386,Marquéglise
60,387,Marseille-en-Beauvaisis
60,388,Martincourt
60,389,Maucourt
60,390,Maulers
60,391,Maysel
60,392,Mélicocq
60,393,Mello
60,394,Ménévillers
60,395,Méru
60,396,Méry-la-Bataille
60,397,Le Mesnil-Conteville
60,398,Le Mesnil-en-Thelle
60,399,Le Mesnil-Saint-Firmin
60,400,Le Mesnil-sur-Bulles
60,401,Le Mesnil-Théribus
60,402,Le Meux
60,403,Milly-sur-Thérain
60,404,Mogneville
60,405,Moliens
60,406,Monceaux
60,407,Monceaux-l'Abbaye
60,408,Monchy-Humières
60,409,Monchy-Saint-Éloi
60,410,Mondescourt
60,411,Monneville
60,412,Montagny-en-Vexin
60,413,Montagny-Sainte-Félicité
60,414,Montataire
60,415,Montépilloy
60,416,Montgérain
60,418,Montiers
60,420,Montjavoult
60,421,Mont-l'Évêque
60,422,Montlognon
60,423,Montmacq
60,424,Montmartin
60,425,Montreuil-sur-Brêche
60,426,Montreuil-sur-Thérain
60,427,Monts
60,428,Le Mont-Saint-Adrien
60,429,Morangles
60,430,Morienval
60,431,Morlincourt
60,432,Mortefontaine
60,433,Mortefontaine-en-Thelle
60,434,Mortemer
60,435,Morvillers
60,436,Mory-Montcrux
60,437,Mouchy-le-Châtel
60,438,Moulin-sous-Touvent
60,439,Mouy
60,440,Moyenneville
60,441,Moyvillers
60,442,Muidorge
60,443,Muirancourt
60,444,Mureaumont
60,445,Nampcel
60,446,Nanteuil-le-Haudouin
60,447,Néry
60,448,Neufchelles
60,449,Neufvy-sur-Aronde
60,450,Neuilly-en-Thelle
60,451,Neuilly-sous-Clermont
60,452,Neuville-Bosc
60,454,La Neuville-en-Hez
60,456,La Neuville-Roy
60,457,La Neuville-Saint-Pierre
60,458,La Neuville-sur-Oudeuil
60,459,La Neuville-sur-Ressons
60,460,La Neuville-Vault
60,461,Nivillers
60,462,Noailles
60,463,Nogent-sur-Oise
60,464,Nointel
60,465,Noirémont
60,466,Noroy
60,468,Nourard-le-Franc
60,469,Novillers
60,470,Noyers-Saint-Martin
60,471,Noyon
60,472,Offoy
60,473,Ognes
60,474,Ognolles
60,476,Omécourt
60,477,Ons-en-Bray
60,478,Ormoy-le-Davien
60,479,Ormoy-Villers
60,480,Oroër
60,481,Orrouy
60,482,Orry-la-Ville
60,483,Orvillers-Sorel
60,484,Oudeuil
60,485,Oursel-Maison
60,486,Paillart
60,487,Parnes
60,488,Passel
60,489,Péroy-les-Gombries
60,490,Pierrefitte-en-Beauvaisis
60,491,Pierrefonds
60,492,Pimprez
60,493,Pisseleu
60,494,Plailly
60,495,Plainval
60,496,Plainville
60,497,Le Plessier-sur-Bulles
60,498,Le Plessier-sur-Saint-Just
60,499,Plessis-de-Roye
60,500,Le Plessis-Belleville
60,501,Le Plessis-Brion
60,502,Le Plessis-Patte-d'Oie
60,503,Le Ployron
60,504,Ponchon
60,505,Pontarmé
60,506,Pont-l'Évêque
60,507,Pontoise-lès-Noyon
60,508,Pontpoint
60,509,Pont-Sainte-Maxence
60,510,Porcheux
60,511,Porquéricourt
60,512,Pouilly
60,513,Précy-sur-Oise
60,514,Prévillers
60,515,Pronleroy
60,516,Puiseux-en-Bray
60,517,Puiseux-le-Hauberger
60,518,Puits-la-Vallée
60,519,Quesmy
60,520,Le Quesnel-Aubry
60,521,Quincampoix-Fleuzy
60,522,Quinquempoix
60,523,Rainvillers
60,524,Rantigny
60,525,Raray
60,526,Ravenel
60,527,Réez-Fosse-Martin
60,528,Reilly
60,529,Rémécourt
60,530,Rémérangles
60,531,Remy
60,533,Ressons-sur-Matz
60,534,Rethondes
60,535,Reuil-sur-Brêche
60,536,Rhuis
60,537,Ribécourt-Dreslincourt
60,538,Ricquebourg
60,539,Rieux
60,540,Rivecourt
60,541,Roberval
60,542,Rochy-Condé
60,543,Rocquemont
60,544,Rocquencourt
60,545,Romescamps
60,546,Rosières
60,547,Rosoy
60,548,Rosoy-en-Multien
60,549,Rotangy
60,550,Rothois
60,551,Rousseloy
60,552,Rouville
60,553,Rouvillers
60,554,Rouvres-en-Multien
60,555,Rouvroy-les-Merles
60,556,Royaucourt
60,557,Roy-Boissy
60,558,Roye-sur-Matz
60,559,La Rue-Saint-Pierre
60,560,Rully
60,561,Russy-Bémont
60,562,Sacy-le-Grand
60,563,Sacy-le-Petit
60,564,Sains-Morainvillers
60,565,Saint-André-Farivillers
60,566,Saint-Arnoult
60,567,Saint-Aubin-en-Bray
60,568,Saint-Aubin-sous-Erquery
60,569,Saint-Crépin-aux-Bois
60,570,Saint-Crépin-Ibouvillers
60,571,Saint-Deniscourt
60,572,Saint-Étienne-Roilaye
60,573,Sainte-Eusoye
60,574,Saint-Félix
60,575,Sainte-Geneviève
60,576,Saint-Germain-la-Poterie
60,577,Saint-Germer-de-Fly
60,578,Saintines
60,579,Saint-Jean-aux-Bois
60,581,Saint-Just-en-Chaussée
60,582,Saint-Léger-aux-Bois
60,583,Saint-Léger-en-Bray
60,584,Saint-Leu-d'Esserent
60,585,Saint-Martin-aux-Bois
60,586,Saint-Martin-le-Nœud
60,587,Saint-Martin-Longueau
60,588,Saint-Maur
60,589,Saint-Maximin
60,590,Saint-Omer-en-Chaussée
60,591,Saint-Paul
60,592,Saint-Pierre-es-Champs
60,593,Saint-Pierre-lès-Bitry
60,594,Saint-Quentin-des-Prés
60,595,Saint-Remy-en-l'Eau
60,596,Saint-Samson-la-Poterie
60,597,Saint-Sauveur
60,598,Saint-Sulpice
60,599,Saint-Thibault
60,600,Saint-Vaast-de-Longmont
60,601,Saint-Vaast-lès-Mello
60,602,Saint-Valery
60,603,Salency
60,604,Sarcus
60,605,Sarnois
60,608,Le Saulchoy
60,609,Savignies
60,610,Sempigny
60,611,Senantes
60,612,Senlis
60,613,Senots
60,614,Serans
60,615,Sérévillers
60,616,Sérifontaine
60,617,Sermaize
60,618,Séry-Magneval
60,619,Silly-le-Long
60,620,Silly-Tillard
60,621,Solente
60,622,Sommereux
60,623,Songeons
60,624,Sully
60,625,Suzoy
60,626,Talmontiers
60,627,Tartigny
60,628,Therdonne
60,629,Thérines
60,630,Thibivillers
60,631,Thiers-sur-Thève
60,632,Thiescourt
60,633,Thieuloy-Saint-Antoine
60,634,Thieux
60,635,Thiverny
60,636,Thourotte
60,637,Thury-en-Valois
60,638,Thury-sous-Clermont
60,639,Tillé
60,640,Tourly
60,641,Tracy-le-Mont
60,642,Tracy-le-Val
60,643,Tricot
60,644,Trie-Château
60,645,Trie-la-Ville
60,646,Troissereux
60,647,Trosly-Breuil
60,648,Troussencourt
60,650,Trumilly
60,651,Ully-Saint-Georges
60,652,Valdampierre
60,653,Valescourt
60,654,Vandélicourt
60,655,Varesnes
60,656,Varinfroy
60,657,Vauchelles
60,658,Vauciennes
60,659,Vaudancourt
60,660,Le Vaumain
60,661,Vaumoise
60,662,Le Vauroux
60,663,Velennes
60,664,Vendeuil-Caply
60,665,Venette
60,666,Ver-sur-Launette
60,667,Verberie
60,668,Verderel-lès-Sauqueuse
60,669,Verderonne
60,670,Verneuil-en-Halatte
60,671,Versigny
60,672,Vez
60,673,Viefvillers
60,674,Vieux-Moulin
60,675,Vignemont
60,676,Ville
60,677,Villembray
60,678,Villeneuve-les-Sablons
60,679,La Villeneuve-sous-Thury
60,680,Villeneuve-sur-Verberie
60,681,Villers-Saint-Barthélemy
60,682,Villers-Saint-Frambourg-Ognon
60,683,Villers-Saint-Genest
60,684,Villers-Saint-Paul
60,685,Villers-Saint-Sépulcre
60,686,Villers-sous-Saint-Leu
60,687,Villers-sur-Auchy
60,688,Villers-sur-Bonnières
60,689,Villers-sur-Coudun
60,691,Villers-Vermont
60,692,Villers-Vicomte
60,693,Villeselve
60,694,Les Hauts-Talican
60,695,Vineuil-Saint-Firmin
60,697,Vrocourt
60,698,Wacquemoulin
60,699,Wambez
60,700,Warluis
60,701,Wavignies
60,702,Welles-Pérennes
60,703,Aux Marais
61,001,Alençon
61,002,Almenêches
61,005,Appenai-sous-Bellême
61,006,Argentan
61,007,Athis-Val de Rouvre
61,008,Aube
61,010,Aubry-le-Panthou
61,011,Aubusson
61,012,Auguaise
61,013,Aunay-les-Bois
61,014,Aunou-le-Faucon
61,015,Aunou-sur-Orne
61,018,Avernes-Saint-Gourgon
61,020,Avoine
61,021,Avrilly
61,023,Bailleul
61,024,Banvou
61,026,Barville
61,028,Bazoches-au-Houlme
61,029,Bazoches-sur-Hoëne
61,030,La Bazoque
61,032,Beaufai
61,034,Beaulieu
61,035,Beauvain
61,036,Belfonds
61,037,Bellavilliers
61,038,Bellême
61,039,La Bellière
61,040,Bellou-en-Houlme
61,041,Bellou-le-Trichard
61,043,Berd'huis
61,044,Berjou
61,046,Bizou
61,048,Boëcé
61,049,Boissei-la-Lande
61,050,Cour-Maugis sur Huisne
61,051,Boitron
61,052,Bonnefoi
61,053,Bonsmoulins
61,054,Le Bosc-Renoult
61,055,Boucé
61,056,Le Bouillon
61,060,Brethel
61,061,Bretoncelles
61,062,Brieux
61,063,Briouze
61,064,Brullemail
61,066,Buré
61,067,Bures
61,068,Bursard
61,069,Cahan
61,070,Caligny
61,071,Camembert
61,072,Canapville
61,074,Carrouges
61,075,Ceaucé
61,076,Le Cercueil
61,077,Cerisé
61,078,Cerisy-Belle-Étoile
61,079,Ceton
61,080,Chahains
61,081,Chailloué
61,082,Le Chalange
61,084,Champcerie
61,085,Le Champ-de-la-Pierre
61,086,Les Champeaux
61,087,Champeaux-sur-Sarthe
61,088,Champ-Haut
61,089,Champosoult
61,091,Champsecret
61,092,Chandai
61,093,Chanu
61,094,La Chapelle-au-Moine
61,095,La Chapelle-Biche
61,096,Rives d'Andaine
61,097,La Chapelle-Montligeon
61,098,La Chapelle-près-Sées
61,099,La Chapelle-Souëf
61,100,La Chapelle-Viel
61,101,Le Château-d'Almenêches
61,102,Le Châtellier
61,103,Chaumont
61,104,La Chaux
61,105,Chemilli
61,107,Ciral
61,108,Cisai-Saint-Aubin
61,111,Colombiers
61,113,Comblot
61,114,Commeaux
61,116,Sablons sur Huisne
61,117,Condé-sur-Sarthe
61,118,Corbon
61,120,Coudehard
61,121,Coulimer
61,122,Coulmer
61,123,Coulonces
61,124,La Coulonche
61,126,Coulonges-sur-Sarthe
61,129,Courgeon
61,130,Courgeoût
61,133,Courtomer
61,137,Craménil
61,138,Croisilles
61,139,Crouttes
61,140,Crulai
61,141,Cuissai
61,142,Dame-Marie
61,143,Damigny
61,145,Domfront en Poiraie
61,146,Dompierre
61,148,Durcet
61,149,Échalou
61,150,Échauffour
61,151,Écorcei
61,152,Écorches
61,153,Écouché-les-Vallées
61,156,Essay
61,158,Faverolles
61,159,Fay
61,160,Feings
61,162,La Ferrière-au-Doyen
61,163,La Ferrière-aux-Étangs
61,164,La Ferrière-Béchet
61,165,La Ferrière-Bochard
61,166,Ferrières-la-Verrerie
61,167,La Ferté-en-Ouche
61,168,La Ferté Macé
61,169,Flers
61,170,Fleuré
61,171,Fontaine-les-Bassets
61,176,Francheville
61,178,La Fresnaie-Fayel
61,180,Fresnay-le-Samson
61,181,Gacé
61,182,Gandelain
61,183,Gâprée
61,187,Les Genettes
61,189,Giel-Courteilles
61,190,Ginai
61,193,La Gonfrière
61,194,Monts-sur-Orne
61,195,Le Grais
61,196,Belforêt-en-Perche
61,197,Guêprei
61,198,Guerquesalles
61,199,Habloville
61,202,Hauterive
61,203,Héloup
61,206,L'Hôme-Chamondot
61,207,Igé
61,208,Irai
61,209,Joué-du-Bois
61,210,Joué-du-Plain
61,211,Juvigny Val d'Andaine
61,212,Juvigny-sur-Orne
61,213,Lalacelle
61,214,L'Aigle
61,215,Laleu
61,216,La Lande-de-Goult
61,217,La Lande-de-Lougé
61,218,La Lande-Patry
61,219,La Lande-Saint-Siméon
61,221,Landigou
61,222,Landisacq
61,224,Larré
61,225,Lignères
61,227,Lignou
61,228,L'Orée-d'Écouves
61,229,Loisail
61,230,Longny les Villages
61,232,Lonlay-l'Abbaye
61,233,Lonlay-le-Tesson
61,234,Lonrai
61,237,Lougé-sur-Maire
61,238,Louvières-en-Auge
61,240,Macé
61,241,La Madeleine-Bouvet
61,242,Le Mage
61,243,Magny-le-Désert
61,244,Mahéru
61,248,Mantilly
61,251,Marchemaisons
61,252,Mardilly
61,255,Mauves-sur-Huisne
61,256,Médavy
61,257,Méhoudin
61,258,Le Mêle-sur-Sarthe
61,259,Le Ménil-Bérard
61,260,Le Ménil-de-Briouze
61,261,Le Ménil-Broût
61,262,Le Ménil-Ciboult
61,263,Ménil-Erreux
61,264,Ménil-Froger
61,265,Ménil-Gondouin
61,266,Le Ménil-Guyon
61,267,Ménil-Hermei
61,268,Ménil-Hubert-en-Exmes
61,269,Ménil-Hubert-sur-Orne
61,271,Le Ménil-Scelleur
61,272,Le Ménil-Vicomte
61,273,Ménil-Vin
61,274,Les Menus
61,275,Merlerault-le-Pin
61,276,Merri
61,277,La Mesnière
61,278,Messei
61,279,Mieuxcé
61,281,Moncy
61,283,Montabard
61,284,Montchevrel
61,286,Montgaudry
61,287,Montilly-sur-Noireau
61,288,Montmerrei
61,289,Mont-Ormel
61,290,Montreuil-au-Houlme
61,291,Montreuil-la-Cambe
61,292,Montsecret-Clairefougère
61,293,Mortagne-au-Perche
61,294,Mortrée
61,295,La Motte-Fouquet
61,297,Moulins-la-Marche
61,298,Moulins-sur-Orne
61,300,Moutiers-au-Perche
61,301,Neauphe-sous-Essai
61,302,Neauphe-sur-Dive
61,303,Nécy
61,304,Neuilly-le-Bisson
61,307,Neuville-sur-Touques
61,308,Neuvy-au-Houlme
61,309,Perche en Nocé
61,314,Occagnes
61,316,Ommoy
61,317,Orgères
61,319,Origny-le-Roux
61,321,Pacé
61,322,Parfondeval
61,323,Le Pas-Saint-l'Homer
61,324,Passais Villages
61,326,Perrou
61,327,Pervenchères
61,328,Le Pin-au-Haras
61,329,Le Pin-la-Garenne
61,330,Planches
61,331,Le Plantis
61,332,Pointel
61,333,Pontchardon
61,336,Pouvrai
61,339,Putanges-le-Lac
61,341,Écouves
61,342,Rai
61,344,Rânes
61,345,Rémalard en Perche
61,346,Le Renouard
61,347,Résenlieu
61,348,Réveillon
61,349,Ri
61,350,La Roche-Mabile
61,351,Roiville
61,352,Rônai
61,357,Rouperroux
61,358,Sai
61,360,Saint-Agnan-sur-Sarthe
61,361,Saint-André-de-Briouze
61,362,Saint-André-de-Messei
61,363,Saint-Aquilin-de-Corbion
61,365,Saint-Aubin-d'Appenai
61,366,Saint-Aubin-de-Bonneval
61,367,Saint-Aubin-de-Courteraie
61,369,Saint-Bômer-les-Forges
61,370,Saint-Brice
61,371,Saint-Brice-sous-Rânes
61,372,Saint-Céneri-le-Gérei
61,373,Sainte-Céronne-lès-Mortagne
61,374,Saint-Christophe-de-Chaulieu
61,375,Boischampré
61,376,Saint-Clair-de-Halouze
61,379,Saint-Cyr-la-Rosière
61,381,Saint-Denis-sur-Huisne
61,382,Saint-Denis-sur-Sarthon
61,384,Saint-Ellier-les-Bois
61,385,Saint-Evroult-de-Montfort
61,386,Saint-Evroult-Notre-Dame-du-Bois
61,387,Saint-Fraimbault
61,388,Saint-Fulgent-des-Ormes
61,389,Sainte-Gauburge-Sainte-Colombe
61,390,Saint-Georges-d'Annebecq
61,391,Saint-Georges-des-Groseillers
61,392,Saint-Germain-d'Aunay
61,393,Saint-Germain-de-Clairefeuille
61,394,Saint-Germain-de-la-Coudre
61,395,Saint-Germain-des-Grois
61,396,Saint-Germain-de-Martigny
61,397,Saint-Germain-du-Corbéis
61,398,Saint-Germain-le-Vieux
61,399,Saint-Gervais-des-Sablons
61,400,Saint-Gervais-du-Perron
61,401,Saint-Gilles-des-Marais
61,402,Saint-Hilaire-de-Briouze
61,404,Saint-Hilaire-le-Châtel
61,405,Saint-Hilaire-sur-Erre
61,406,Saint-Hilaire-sur-Risle
61,407,Sainte-Honorine-la-Chardonne
61,408,Sainte-Honorine-la-Guillaume
61,411,Saint-Jouin-de-Blavou
61,412,Saint-Julien-sur-Sarthe
61,413,Saint-Lambert-sur-Dive
61,414,Saint-Langis-lès-Mortagne
61,415,Saint-Léger-sur-Sarthe
61,416,Saint-Léonard-des-Parcs
61,418,Saint-Mard-de-Réno
61,419,Sainte-Marguerite-de-Carrouges
61,420,Sainte-Marie-la-Robert
61,421,Saint-Mars-d'Égrenne
61,422,Les Aspres
61,423,Saint-Martin-d'Écublei
61,424,Saint-Martin-des-Landes
61,425,Saint-Martin-des-Pézerits
61,426,Saint-Martin-du-Vieux-Bellême
61,427,Saint-Martin-l'Aiguillon
61,429,Charencey
61,432,Saint-Michel-Tubœuf
61,433,Saint-Nicolas-des-Bois
61,435,Saint-Nicolas-de-Sommaire
61,436,Sainte-Opportune
61,438,Saint-Ouen-de-Sécherouvre
61,439,Saint-Ouen-le-Brisoult
61,440,Saint-Ouen-sur-Iton
61,442,Saint-Patrice-du-Désert
61,443,Saint-Paul
61,444,Saint-Philbert-sur-Orne
61,445,Saint-Pierre-d'Entremont
61,446,Saint-Pierre-des-Loges
61,447,Saint-Pierre-du-Regard
61,448,Saint-Pierre-la-Bruyère
61,450,Saint-Quentin-de-Blavou
61,451,Saint-Quentin-les-Chardonnets
61,452,Saint-Roch-sur-Égrenne
61,453,Saint-Sauveur-de-Carrouges
61,454,Sainte-Scolasse-sur-Sarthe
61,456,Saint-Sulpice-sur-Risle
61,457,Saint-Symphorien-des-Bruyères
61,459,Saires-la-Verrerie
61,460,Sap-en-Auge
61,461,Le Sap-André
61,462,Sarceaux
61,463,Les Monts d'Andaine
61,464,Sées
61,466,La Selle-la-Forge
61,467,Semallé
61,472,Sévigny
61,473,Sevrai
61,474,Gouffern en Auge
61,475,Soligny-la-Trappe
61,476,Suré
61,479,Tanques
61,480,Tanville
61,481,Tellières-le-Plessis
61,482,Tessé-Froulay
61,483,Bagnoles de l'Orne Normandie
61,484,Val-au-Perche
61,485,Ticheville
61,486,Tinchebray-Bocage
61,487,Torchamp
61,488,Touquettes
61,490,Tournai-sur-Dive
61,491,Tourouvre au Perche
61,492,Trémont
61,493,La Trinité-des-Laitiers
61,494,Trun
61,497,Valframbert
61,498,Vaunoise
61,499,Les Ventes-de-Bourse
61,500,La Ventrouze
61,501,Verrières
61,502,Vidai
61,503,Vieux-Pont
61,505,Villedieu-lès-Bailleul
61,507,Villiers-sous-Mortagne
61,508,Vimoutiers
61,510,Vitrai-sous-Laigle
61,512,Les Yveteaux
62,001,Ablain-Saint-Nazaire
62,002,Ablainzevelle
62,003,Acheville
62,004,Achicourt
62,005,Achiet-le-Grand
62,006,Achiet-le-Petit
62,007,Acq
62,008,Acquin-Westbécourt
62,009,Adinfer
62,010,Affringues
62,011,Agnez-lès-Duisans
62,012,Agnières
62,013,Agny
62,014,Aire-sur-la-Lys
62,015,Airon-Notre-Dame
62,016,Airon-Saint-Vaast
62,017,Aix-en-Ergny
62,018,Aix-en-Issart
62,019,Aix-Noulette
62,020,Alembon
62,021,Alette
62,022,Alincthun
62,023,Allouagne
62,024,Alquines
62,025,Ambleteuse
62,026,Ambricourt
62,027,Ambrines
62,028,Ames
62,029,Amettes
62,030,Amplier
62,031,Andres
62,032,Angres
62,033,Annay
62,034,Annequin
62,035,Annezin
62,036,Anvin
62,037,Anzin-Saint-Aubin
62,038,Ardres
62,039,Arleux-en-Gohelle
62,040,Arques
62,041,Arras
62,042,Athies
62,043,Les Attaques
62,044,Attin
62,045,Aubigny-en-Artois
62,046,Aubin-Saint-Vaast
62,047,Aubrometz
62,048,Auchel
62,049,Auchy-au-Bois
62,050,Auchy-lès-Hesdin
62,051,Auchy-les-Mines
62,052,Audembert
62,053,Audincthun
62,054,Audinghen
62,055,Audrehem
62,056,Audresselles
62,057,Audruicq
62,058,Aumerval
62,059,Autingues
62,060,Auxi-le-Château
62,061,Averdoingt
62,062,Avesnes
62,063,Avesnes-le-Comte
62,064,Avesnes-lès-Bapaume
62,065,Avion
62,066,Avondance
62,067,Avroult
62,068,Ayette
62,069,Azincourt
62,070,Bailleul-aux-Cornailles
62,071,Bailleul-lès-Pernes
62,072,Bailleulmont
62,073,Bailleul-Sir-Berthoult
62,074,Bailleulval
62,075,Baincthun
62,076,Bainghen
62,077,Bajus
62,078,Balinghem
62,079,Bancourt
62,080,Bapaume
62,081,Baralle
62,082,Barastre
62,083,Barlin
62,084,Barly
62,085,Basseux
62,086,Bavincourt
62,087,Bayenghem-lès-Éperlecques
62,088,Bayenghem-lès-Seninghem
62,089,Bazinghen
62,090,Béalencourt
62,091,Beaudricourt
62,092,Beaufort-Blavincourt
62,093,Beaulencourt
62,094,Beaumerie-Saint-Martin
62,095,Beaumetz-lès-Aire
62,096,Beaumetz-lès-Cambrai
62,097,Beaumetz-lès-Loges
62,099,Beaurains
62,100,Beaurainville
62,101,Beauvois
62,102,Bécourt
62,103,Béhagnies
62,104,Bellebrune
62,105,Belle-et-Houllefort
62,106,Bellonne
62,107,Bénifontaine
62,108,Berck
62,109,Bergueneuse
62,111,Berlencourt-le-Cauroy
62,112,Berles-au-Bois
62,113,Berles-Monchel
62,114,Bermicourt
62,115,Berneville
62,116,Bernieulles
62,117,Bertincourt
62,118,Béthonsart
62,119,Béthune
62,120,Beugin
62,121,Beugnâtre
62,122,Beugny
62,123,Beussent
62,124,Beutin
62,125,Beuvrequen
62,126,Beuvry
62,127,Bezinghem
62,128,Biache-Saint-Vaast
62,129,Biefvillers-lès-Bapaume
62,130,Bienvillers-au-Bois
62,131,Bihucourt
62,132,Billy-Berclau
62,133,Billy-Montigny
62,134,Bimont
62,135,Blairville
62,137,Blangerval-Blangermont
62,138,Blangy-sur-Ternoise
62,139,Blendecques
62,140,Bléquin
62,141,Blessy
62,142,Blingel
62,143,Boffles
62,144,Boiry-Becquerelle
62,145,Boiry-Notre-Dame
62,146,Boiry-Saint-Martin
62,147,Boiry-Sainte-Rictrude
62,148,Bois-Bernard
62,149,Boisdinghem
62,150,Boisjean
62,151,Boisleux-au-Mont
62,152,Boisleux-Saint-Marc
62,153,Bomy
62,154,Bonnières
62,155,Bonningues-lès-Ardres
62,156,Bonningues-lès-Calais
62,157,Boubers-lès-Hesmond
62,158,Boubers-sur-Canche
62,160,Boulogne-sur-Mer
62,161,Bouquehault
62,162,Bourecq
62,163,Bouret-sur-Canche
62,164,Bourlon
62,165,Bournonville
62,166,Bours
62,167,Boursin
62,168,Bourthes
62,169,Bouvelinghem
62,170,Bouvigny-Boyeffles
62,171,Boyaval
62,172,Boyelles
62,173,Brebières
62,174,Brêmes
62,175,Brévillers
62,176,Bréxent-Énocq
62,177,Brimeux
62,178,Bruay-la-Buissière
62,179,Brunembert
62,180,Brias
62,181,Bucquoy
62,182,Buire-au-Bois
62,183,Buire-le-Sec
62,184,Buissy
62,185,Bullecourt
62,186,Bully-les-Mines
62,187,Buneville
62,188,Burbure
62,189,Bus
62,190,Busnes
62,191,Caffiers
62,192,Cagnicourt
62,193,Calais
62,194,Calonne-Ricouart
62,195,Calonne-sur-la-Lys
62,196,La Calotterie
62,197,Camblain-Châtelain
62,198,Cambligneul
62,199,Camblain-l'Abbé
62,200,Cambrin
62,201,Camiers
62,202,Campagne-lès-Boulonnais
62,203,Campagne-lès-Guines
62,204,Campagne-lès-Hesdin
62,205,Campagne-lès-Wardrecques
62,206,Campigneulles-les-Grandes
62,207,Campigneulles-les-Petites
62,208,Canettemont
62,209,Canlers
62,211,Capelle-Fermont
62,212,Capelle-lès-Hesdin
62,213,Carency
62,214,Carly
62,215,Carvin
62,216,La Cauchie
62,217,Cauchy-à-la-Tour
62,218,Caucourt
62,219,Caumont
62,220,Cavron-Saint-Martin
62,221,Chelers
62,222,Chériennes
62,223,Chérisy
62,224,Chocques
62,225,Clairmarais
62,227,Clenleu
62,228,Clerques
62,229,Cléty
62,230,Colembert
62,231,Colline-Beaumont
62,232,La Comté
62,233,Conchil-le-Temple
62,234,Conchy-sur-Canche
62,235,Condette
62,236,Contes
62,237,Conteville-lès-Boulogne
62,238,Conteville-en-Ternois
62,239,Coquelles
62,240,Corbehem
62,241,Cormont
62,242,Couin
62,243,Coullemont
62,244,Coulogne
62,245,Coulomby
62,246,Coupelle-Neuve
62,247,Coupelle-Vieille
62,248,Courcelles-le-Comte
62,249,Courcelles-lès-Lens
62,250,Courrières
62,251,Courset
62,252,La Couture
62,253,Couturelle
62,254,Coyecques
62,255,Crémarest
62,256,Crépy
62,257,Créquy
62,258,Croisette
62,259,Croisilles
62,260,Croix-en-Ternois
62,261,Cucq
62,262,Cuinchy
62,263,Dainville
62,264,Dannes
62,265,Delettes
62,266,Denier
62,267,Dennebrœucq
62,268,Desvres
62,269,Diéval
62,270,Divion
62,271,Dohem
62,272,Douchy-lès-Ayette
62,273,Doudeauville
62,274,Dourges
62,275,Douriez
62,276,Douvrin
62,277,Drocourt
62,278,Drouvin-le-Marais
62,279,Duisans
62,280,Dury
62,281,Echinghen
62,282,Éclimeux
62,283,Écoivres
62,284,Écourt-Saint-Quentin
62,285,Écoust-Saint-Mein
62,286,Ecquedecques
62,288,Ecques
62,289,Écuires
62,290,Écurie
62,291,Éleu-dit-Leauwette
62,292,Elnes
62,293,Embry
62,295,Enquin-lez-Guinegatte
62,296,Enquin-sur-Baillons
62,297,Éperlecques
62,298,Épinoy
62,299,Eps
62,300,Équihen-Plage
62,301,Équirre
62,302,Ergny
62,303,Érin
62,304,Erny-Saint-Julien
62,306,Ervillers
62,307,Escalles
62,308,Escœuilles
62,309,Esquerdes
62,310,Essars
62,311,Estevelles
62,312,Estrée
62,313,Estrée-Blanche
62,314,Estrée-Cauchy
62,315,Estréelles
62,316,Estrée-Wamin
62,317,Étaing
62,318,Étaples
62,319,Éterpigny
62,320,Étrun
62,321,Évin-Malmaison
62,322,Famechon
62,323,Fampoux
62,324,Farbus
62,325,Fauquembergues
62,326,Favreuil
62,327,Febvin-Palfart
62,328,Ferfay
62,329,Ferques
62,330,Festubert
62,331,Feuchy
62,332,Ficheux
62,333,Fiefs
62,334,Fiennes
62,335,Fillièvres
62,336,Fléchin
62,337,Flers
62,338,Fleurbaix
62,339,Fleury
62,340,Floringhem
62,341,Foncquevillers
62,342,Fontaine-lès-Boulans
62,343,Fontaine-lès-Croisilles
62,344,Fontaine-lès-Hermans
62,345,Fontaine-l'Étalon
62,346,Fortel-en-Artois
62,347,Fosseux
62,348,Foufflin-Ricametz
62,349,Fouquereuil
62,350,Fouquières-lès-Béthune
62,351,Fouquières-lès-Lens
62,352,Framecourt
62,353,Frémicourt
62,354,Frencq
62,355,Fresnes-lès-Montauban
62,356,Fresnicourt-le-Dolmen
62,357,Fresnoy
62,358,Fresnoy-en-Gohelle
62,359,Fressin
62,360,Fréthun
62,361,Frévent
62,362,Frévillers
62,363,Frévin-Capelle
62,364,Fruges
62,365,Galametz
62,366,Gauchin-Légal
62,367,Gauchin-Verloingt
62,368,Gaudiempré
62,369,Gavrelle
62,370,Gennes-Ivergny
62,371,Givenchy-en-Gohelle
62,372,Givenchy-le-Noble
62,373,Givenchy-lès-la-Bassée
62,374,Gomiécourt
62,375,Gommecourt
62,376,Gonnehem
62,377,Gosnay
62,378,Gouves
62,379,Gouy-en-Artois
62,380,Gouy-Servins
62,381,Gouy-en-Ternois
62,382,Gouy-Saint-André
62,383,Gouy-sous-Bellonne
62,384,Graincourt-lès-Havrincourt
62,385,Grand-Rullecourt
62,386,Grenay
62,387,Grévillers
62,388,Grigny
62,389,Grincourt-lès-Pas
62,390,Groffliers
62,391,Guarbecque
62,392,Guémappe
62,393,Guemps
62,395,Guigny
62,396,Guinecourt
62,397,Guînes
62,398,Guisy
62,399,Habarcq
62,400,Haillicourt
62,401,Haisnes
62,402,Halinghen
62,403,Hallines
62,404,Halloy
62,405,Hamblain-les-Prés
62,406,Hamelincourt
62,407,Ham-en-Artois
62,408,Hames-Boucres
62,409,Hannescamps
62,410,Haplincourt
62,411,Haravesnes
62,412,Hardinghen
62,413,Harnes
62,414,Haucourt
62,415,Haute-Avesnes
62,416,Hautecloque
62,418,Hauteville
62,419,Haut-Loquin
62,421,Havrincourt
62,422,Hébuterne
62,423,Helfaut
62,424,Hendecourt-lès-Cagnicourt
62,425,Hendecourt-lès-Ransart
62,426,Héninel
62,427,Hénin-Beaumont
62,428,Hénin-sur-Cojeul
62,429,Henneveux
62,430,Hénu
62,432,Herbinghen
62,433,Héricourt
62,434,La Herlière
62,435,Herlincourt
62,436,Herlin-le-Sec
62,437,Herly
62,438,Hermaville
62,439,Hermelinghen
62,440,Hermies
62,441,Hermin
62,442,Hernicourt
62,443,Hersin-Coupigny
62,444,Hervelinghen
62,445,Hesdigneul-lès-Béthune
62,446,Hesdigneul-lès-Boulogne
62,447,Hesdin-la-Forêt
62,448,Hesdin-l'Abbé
62,449,Hesmond
62,450,Hestrus
62,451,Heuchin
62,452,Heuringhem
62,453,Hézecques
62,454,Hinges
62,455,Hocquinghen
62,456,Houchin
62,457,Houdain
62,458,Houlle
62,459,Houvin-Houvigneul
62,460,Hubersent
62,462,Huclier
62,463,Hucqueliers
62,464,Hulluch
62,465,Humbercamps
62,466,Humbert
62,467,Humerœuille
62,468,Humières
62,469,Inchy-en-Artois
62,470,Incourt
62,471,Bellinghem
62,472,Inxent
62,473,Isbergues
62,474,Isques
62,475,Ivergny
62,476,Izel-lès-Équerchin
62,477,Izel-lès-Hameau
62,478,Journy
62,479,Labeuvrière
62,480,Labourse
62,481,Labroye
62,483,Lacres
62,484,Lagnicourt-Marcel
62,485,Laires
62,486,Lambres-lez-Aire
62,487,Landrethun-le-Nord
62,488,Landrethun-lès-Ardres
62,489,Lapugnoy
62,490,Lattre-Saint-Quentin
62,491,Laventie
62,492,Lebiez
62,493,Lebucquière
62,494,Léchelle
62,495,Ledinghem
62,496,Lefaux
62,497,Leforest
62,498,Lens
62,499,Lépine
62,500,Lespesses
62,501,Lespinoy
62,502,Lestrem
62,503,Leubringhen
62,504,Leulinghem
62,505,Leulinghen-Bernes
62,506,Licques
62,507,Liencourt
62,508,Lières
62,509,Liettres
62,510,Liévin
62,511,Lignereuil
62,512,Ligny-lès-Aire
62,513,Ligny-sur-Canche
62,514,Ligny-Saint-Flochel
62,515,Ligny-Thilloy
62,516,Lillers
62,517,Linghem
62,518,Linzeux
62,519,Lisbourg
62,520,Locon
62,521,La Loge
62,522,Loison-sur-Créquoise
62,523,Loison-sous-Lens
62,524,Longfossé
62,525,Longuenesse
62,526,Longueville
62,527,Longvilliers
62,528,Loos-en-Gohelle
62,529,Lorgies
62,530,Lottinghen
62,531,Louches
62,532,Lozinghem
62,533,Lugy
62,534,Lumbres
62,535,La Madelaine-sous-Montreuil
62,536,Magnicourt-en-Comte
62,537,Magnicourt-sur-Canche
62,538,Maintenay
62,539,Maisnil
62,540,Maisnil-lès-Ruitz
62,541,Maisoncelle
62,542,Maizières
62,543,Mametz
62,544,Manin
62,545,Maninghem
62,546,Maninghen-Henne
62,547,Marant
62,548,Marck
62,550,Marconnelle
62,551,Marenla
62,552,Maresquel-Ecquemicourt
62,553,Marest
62,554,Maresville
62,555,Marles-les-Mines
62,556,Marles-sur-Canche
62,557,Marœuil
62,558,Marquay
62,559,Marquion
62,560,Marquise
62,561,Martinpuich
62,562,Matringhem
62,563,Mazingarbe
62,564,Mazinghem
62,565,Mencas
62,566,Menneville
62,567,Mentque-Nortbécourt
62,568,Mercatel
62,569,Merck-Saint-Liévin
62,570,Méricourt
62,571,Merlimont
62,572,Metz-en-Couture
62,573,Meurchin
62,574,Mingoval
62,576,Moncheaux-lès-Frévent
62,577,Monchel-sur-Canche
62,578,Monchiet
62,579,Monchy-au-Bois
62,580,Monchy-Breton
62,581,Monchy-Cayeux
62,582,Monchy-le-Preux
62,583,Mondicourt
62,584,Mont-Bernanchon
62,585,Montcavrel
62,586,Montenescourt
62,587,Montigny-en-Gohelle
62,588,Montreuil-sur-Mer
62,589,Mont-Saint-Éloi
62,590,Monts-en-Ternois
62,591,Morchies
62,592,Moringhem
62,593,Morval
62,594,Mory
62,595,Moulle
62,596,Mouriez
62,597,Moyenneville
62,598,Muncq-Nieurlet
62,599,Nabringhen
62,600,Nédon
62,601,Nédonchel
62,602,Nempont-Saint-Firmin
62,603,Nesles
62,604,Neufchâtel-Hardelot
62,605,Neulette
62,606,Neuve-Chapelle
62,607,Neuville-au-Cornet
62,608,Neuville-Bourjonval
62,609,Neuville-Saint-Vaast
62,610,Neuville-sous-Montreuil
62,611,Neuville-Vitasse
62,612,Neuvireuil
62,613,Nielles-lès-Bléquin
62,614,Nielles-lès-Ardres
62,615,Nielles-lès-Calais
62,616,Nœux-lès-Auxi
62,617,Nœux-les-Mines
62,618,Nordausques
62,619,Noreuil
62,620,Norrent-Fontes
62,621,Nortkerque
62,622,Nort-Leulinghem
62,623,Nouvelle-Église
62,624,Noyelles-Godault
62,625,Noyelles-lès-Humières
62,626,Noyelles-lès-Vermelles
62,627,Noyelles-sous-Bellonne
62,628,Noyelles-sous-Lens
62,629,Noyellette
62,630,Noyelle-Vion
62,631,Nuncq-Hautecôte
62,632,Oblinghem
62,633,Œuf-en-Ternois
62,634,Offekerque
62,635,Offin
62,636,Offrethun
62,637,Oignies
62,638,Oisy-le-Verger
62,639,Oppy
62,640,Orville
62,641,Ostreville
62,642,Ourton
62,643,Outreau
62,644,Ouve-Wirquin
62,645,Oye-Plage
62,646,Palluel
62,647,Le Parcq
62,648,Parenty
62,649,Pas-en-Artois
62,650,Pelves
62,651,Penin
62,652,Pernes
62,653,Pernes-lès-Boulogne
62,654,Peuplingues
62,655,Pierremont
62,656,Pihem
62,657,Pihen-lès-Guînes
62,658,Pittefaux
62,659,Planques
62,660,Plouvain
62,661,Bouin-Plumoison
62,662,Polincove
62,663,Pommera
62,664,Pommier
62,665,Le Ponchel
62,666,Pont-à-Vendin
62,667,Le Portel
62,668,Prédefin
62,669,Pressy
62,670,Preures
62,671,Pronville-en-Artois
62,672,Puisieux
62,673,Quéant
62,674,Quelmes
62,675,Quercamps
62,676,Quernes
62,677,Le Quesnoy-en-Artois
62,678,Quesques
62,679,Questrecques
62,680,Quiéry-la-Motte
62,681,Quiestède
62,682,Quilen
62,683,Quœux-Haut-Maînil
62,684,Racquinghem
62,685,Radinghem
62,686,Ramecourt
62,688,Rang-du-Fliers
62,689,Ransart
62,690,Raye-sur-Authie
62,691,Saint-Augustin
62,692,Rebergues
62,693,Rebreuve-Ranchicourt
62,694,Rebreuve-sur-Canche
62,695,Rebreuviette
62,696,Reclinghem
62,697,Récourt
62,698,Recques-sur-Course
62,699,Recques-sur-Hem
62,700,Regnauville
62,701,Rely
62,702,Remilly-Wirquin
62,703,Rémy
62,704,Renty
62,705,Rety
62,706,Richebourg
62,708,Riencourt-lès-Bapaume
62,709,Riencourt-lès-Cagnicourt
62,710,Rimboval
62,711,Rinxent
62,712,Rivière
62,713,Robecq
62,714,Roclincourt
62,715,Rocquigny
62,716,Rodelinghem
62,717,Roëllecourt
62,718,Rœux
62,719,Rollancourt
62,720,Rombly
62,721,Roquetoire
62,722,Rougefay
62,723,Roussent
62,724,Rouvroy
62,725,Royon
62,726,Ruisseauville
62,727,Ruitz
62,728,Rumaucourt
62,729,Rumilly
62,730,Ruminghem
62,731,Ruyaulcourt
62,732,Sachin
62,733,Sailly-au-Bois
62,734,Sailly-en-Ostrevent
62,735,Sailly-Labourse
62,736,Sailly-sur-la-Lys
62,737,Sains-en-Gohelle
62,738,Sains-lès-Fressin
62,739,Sains-lès-Marquion
62,740,Sains-lès-Pernes
62,741,Saint-Amand
62,742,Saint-Aubin
62,744,Sainte-Catherine
62,745,Saint-Denœux
62,746,Saint-Étienne-au-Mont
62,747,Saint-Floris
62,748,Saint-Folquin
62,749,Saint-Georges
62,750,Saint-Hilaire-Cottes
62,751,Saint-Inglevert
62,752,Saint-Josse
62,753,Saint-Laurent-Blangy
62,754,Saint-Léger
62,755,Saint-Léonard
62,756,Sainte-Marie-Kerque
62,757,Saint-Martin-lez-Tatinghem
62,758,Saint-Martin-Boulogne
62,759,Saint-Martin-Choquel
62,760,Saint-Martin-d'Hardinghem
62,761,Saint-Martin-sur-Cojeul
62,762,Saint-Michel-sous-Bois
62,763,Saint-Michel-sur-Ternoise
62,764,Saint-Nicolas
62,765,Saint-Omer
62,766,Saint-Omer-Capelle
62,767,Saint-Pol-sur-Ternoise
62,768,Saint-Rémy-au-Bois
62,769,Saint-Tricat
62,770,Saint-Venant
62,771,Sallaumines
62,772,Salperwick
62,773,Samer
62,774,Sangatte
62,775,Sanghen
62,776,Sapignies
62,777,Le Sars
62,778,Sars-le-Bois
62,779,Sarton
62,780,Sauchy-Cauchy
62,781,Sauchy-Lestrée
62,782,Saudemont
62,783,Saulchoy
62,784,Saulty
62,785,Savy-Berlette
62,786,Selles
62,787,Sempy
62,788,Seninghem
62,789,Senlecques
62,790,Senlis
62,791,Séricourt
62,792,Serques
62,793,Servins
62,794,Setques
62,795,Sibiville
62,796,Simencourt
62,797,Siracourt
62,798,Sombrin
62,799,Sorrus
62,800,Souastre
62,801,Souchez
62,802,Le Souich
62,803,Surques
62,804,Sus-Saint-Léger
62,805,Tangry
62,806,Tardinghen
62,808,Teneur
62,809,Ternas
62,810,Thélus
62,811,Thérouanne
62,812,Thiembronne
62,813,La Thieuloye
62,814,Thièvres
62,815,Tigny-Noyelle
62,816,Tilloy-lès-Hermaville
62,817,Tilloy-lès-Mofflaines
62,818,Tilly-Capelle
62,819,Tilques
62,820,Tincques
62,821,Tingry
62,822,Tollent
62,823,Torcy
62,824,Tortefontaine
62,825,Tortequesne
62,826,Le Touquet-Paris-Plage
62,827,Tournehem-sur-la-Hem
62,828,Tramecourt
62,829,Le Transloy
62,830,Trescault
62,831,Troisvaux
62,832,Tubersent
62,833,Vacquerie-le-Boucq
62,834,Vacqueriette-Erquières
62,835,Valhuon
62,836,Vaudricourt
62,837,Vaudringhem
62,838,Vaulx
62,839,Vaulx-Vraucourt
62,840,Vélu
62,841,Vendin-lès-Béthune
62,842,Vendin-le-Vieil
62,843,Verchin
62,844,Verchocq
62,845,Verlincthun
62,846,Vermelles
62,847,Verquigneul
62,848,Verquin
62,849,Verton
62,850,Vieil-Hesdin
62,851,Vieille-Chapelle
62,852,Vieille-Église
62,853,Vieil-Moutier
62,854,Villers-au-Bois
62,855,Villers-au-Flos
62,856,Villers-Brûlin
62,857,Villers-Châtel
62,858,Villers-lès-Cagnicourt
62,859,Villers-l'Hôpital
62,860,Villers-Sir-Simon
62,861,Vimy
62,862,Vincly
62,863,Violaines
62,864,Vis-en-Artois
62,865,Vitry-en-Artois
62,866,Waben
62,867,Wacquinghen
62,868,Wail
62,869,Wailly
62,870,Wailly-Beaucamp
62,871,Wambercourt
62,872,Wamin
62,873,Wancourt
62,874,Wanquetin
62,875,Wardrecques
62,876,Warlencourt-Eaucourt
62,877,Warlincourt-lès-Pas
62,878,Warlus
62,879,Warluzel
62,880,Le Wast
62,881,Beauvoir-Wavans
62,882,Wavrans-sur-l'Aa
62,883,Wavrans-sur-Ternoise
62,885,Westrehem
62,886,Wicquinghem
62,887,Widehem
62,888,Wierre-au-Bois
62,889,Wierre-Effroy
62,890,Willeman
62,891,Willencourt
62,892,Willerval
62,893,Wimereux
62,894,Wimille
62,895,Wingles
62,896,Wirwignes
62,897,Wismes
62,898,Wisques
62,899,Wissant
62,900,Witternesse
62,901,Wittes
62,902,Wizernes
62,903,Zoteux
62,904,Zouafques
62,905,Zudausques
62,906,Zutkerque
62,907,Libercourt
62,908,La Capelle-lès-Boulogne
62,909,Ytres
63,001,Aigueperse
63,002,Aix-la-Fayette
63,003,Ambert
63,004,Les Ancizes-Comps
63,005,Antoingt
63,006,Anzat-le-Luguet
63,007,Apchat
63,008,Arconsat
63,009,Ardes
63,010,Arlanc
63,011,Ars-les-Favets
63,012,Artonne
63,013,Aubiat
63,014,Aubière
63,015,Aubusson-d'Auvergne
63,016,Augerolles
63,017,Augnat
63,019,Aulnat
63,020,Aurières
63,021,Authezat
63,022,Auzat-la-Combelle
63,023,Auzelles
63,024,Avèze
63,025,Ayat-sur-Sioule
63,026,Aydat
63,027,Baffie
63,028,Bagnols
63,029,Bansat
63,030,Bas-et-Lezat
63,031,Beaulieu
63,032,Beaumont
63,033,Beaumont-lès-Randan
63,034,Beauregard-l'Évêque
63,035,Beauregard-Vendon
63,036,Bergonne
63,037,Bertignat
63,038,Besse-et-Saint-Anastaise
63,039,Beurières
63,040,Billom
63,041,Biollet
63,042,Blanzat
63,043,Blot-l'Église
63,044,Bongheat
63,045,Bort-l'Étang
63,046,Boudes
63,047,La Bourboule
63,048,Bourg-Lastic
63,049,Bouzel
63,050,Brassac-les-Mines
63,051,Brenat
63,052,Le Breuil-sur-Couze
63,053,Briffons
63,054,Le Broc
63,055,Bromont-Lamothe
63,056,Brousse
63,057,Le Brugeron
63,058,Bulhon
63,059,Busséol
63,060,Bussières
63,061,Bussières-et-Pruns
63,062,Buxières-sous-Montaigut
63,063,Cébazat
63,064,La Celle
63,065,Ceilloux
63,066,Celles-sur-Durolle
63,067,La Cellette
63,069,Le Cendre
63,070,Ceyrat
63,071,Ceyssat
63,072,Chabreloche
63,073,Chadeleuf
63,074,Chalus
63,075,Chamalières
63,076,Chambon-sur-Dolore
63,077,Chambon-sur-Lac
63,079,Champagnat-le-Jeune
63,080,Champeix
63,081,Champétières
63,082,Champs
63,083,Chanat-la-Mouteyre
63,084,Chanonat
63,085,Chapdes-Beaufort
63,086,La Chapelle-Agnon
63,087,La Chapelle-Marcousse
63,088,La Chapelle-sur-Usson
63,089,Chappes
63,090,Chaptuzat
63,091,Charbonnier-les-Mines
63,092,Charbonnières-les-Varennes
63,093,Charbonnières-les-Vieilles
63,094,Charensat
63,095,Charnat
63,096,Chas
63,097,Chassagne
63,098,Chastreix
63,099,Châteaugay
63,100,Châteauneuf-les-Bains
63,101,Château-sur-Cher
63,102,Châteldon
63,103,Châtel-Guyon
63,104,La Chaulme
63,105,Chaumont-le-Bourg
63,106,Chauriat
63,107,Chavaroux
63,108,Le Cheix-sur-Morge
63,109,Les Deux-Rives
63,110,Cisternes-la-Forêt
63,111,Clémensat
63,112,Clerlande
63,113,Clermont-Ferrand
63,114,Collanges
63,115,Combrailles
63,116,Combronde
63,117,Compains
63,118,Condat-en-Combraille
63,119,Condat-lès-Montboissier
63,120,Corent
63,121,Coudes
63,122,Courgoul
63,123,Cournols
63,124,Cournon-d'Auvergne
63,125,Courpière
63,126,Le Crest
63,128,Crevant-Laveine
63,129,Cros
63,130,La Crouzille
63,131,Culhat
63,132,Cunlhat
63,134,Dauzat-sur-Vodable
63,135,Davayat
63,136,Domaize
63,137,Doranges
63,138,Dorat
63,139,Dore-l'Église
63,140,Durmignat
63,141,Durtol
63,142,Échandelys
63,143,Effiat
63,144,Égliseneuve-d'Entraigues
63,145,Égliseneuve-des-Liards
63,146,Égliseneuve-près-Billom
63,147,Églisolles
63,148,Ennezat
63,149,Entraigues
63,150,Enval
63,151,Escoutoux
63,152,Espinasse
63,153,Espinchal
63,154,Espirat
63,155,Estandeuil
63,156,Esteil
63,157,Fayet-le-Château
63,158,Fayet-Ronaye
63,159,Fernoël
63,160,Aulhat-Flat
63,161,La Forie
63,162,Fournols
63,163,Gelles
63,164,Gerzat
63,165,Giat
63,166,Gignat
63,167,Gimeaux
63,168,Glaine-Montaigut
63,169,La Godivelle
63,170,La Goutelle
63,171,Gouttières
63,172,Grandeyrolles
63,173,Grandrif
63,174,Grandval
63,175,Herment
63,176,Heume-l'Église
63,177,Isserteaux
63,178,Issoire
63,179,Job
63,180,Joze
63,181,Jozerand
63,182,Jumeaux
63,183,Labessette
63,184,Lachaux
63,185,Lamontgie
63,186,Landogne
63,187,Lapeyrouse
63,188,Laps
63,189,Laqueuille
63,190,Larodde
63,191,Lastic
63,192,La Tour-d'Auvergne
63,193,Lempdes
63,194,Lempty
63,195,Lezoux
63,196,Limons
63,197,Lisseuil
63,198,Loubeyrat
63,199,Ludesse
63,200,Lussat
63,201,Luzillat
63,202,Madriat
63,203,Malauzat
63,204,Malintrat
63,205,Manglieu
63,206,Manzat
63,207,Marat
63,208,Marcillat
63,209,Mareugheol
63,210,Maringues
63,211,Marsac-en-Livradois
63,212,Marsat
63,213,Les Martres-d'Artière
63,214,Les Martres-de-Veyre
63,215,Martres-sur-Morge
63,216,Mauzun
63,218,Mayres
63,219,Mazaye
63,220,Mazoires
63,221,Medeyrolles
63,222,Meilhaud
63,223,Menat
63,224,Ménétrol
63,225,Messeix
63,226,Mur-sur-Allier
63,227,Mirefleurs
63,228,Miremont
63,229,Moissat
63,230,Le Monestier
63,231,La Monnerie-le-Montel
63,232,Mons
63,233,Montaigut-en-Combraille
63,234,Montaigut-le-Blanc
63,235,Montcel
63,236,Mont-Dore
63,237,Montel-de-Gelat
63,238,Montfermy
63,239,Montmorin
63,240,Montpensier
63,241,Montpeyroux
63,242,Moriat
63,243,Moureuille
63,244,Chambaron sur Morge
63,245,Mozac
63,246,Murat-le-Quaire
63,247,Murol
63,248,Nébouzat
63,249,Néronde-sur-Dore
63,250,Neschers
63,251,Neuf-Église
63,252,Neuville
63,253,Noalhat
63,254,Nohanent
63,255,Nonette-Orsonnette
63,256,Novacelles
63,257,Olby
63,258,Olliergues
63,259,Olloix
63,260,Olmet
63,261,Orbeil
63,262,Orcet
63,263,Orcines
63,264,Orcival
63,265,Orléat
63,267,Palladuc
63,268,Pardines
63,269,Parent
63,270,Parentignat
63,271,Paslières
63,272,Pérignat-lès-Sarliève
63,273,Pérignat-sur-Allier
63,274,Perpezat
63,275,Perrier
63,276,Peschadoires
63,277,Peslières
63,278,Pessat-Villeneuve
63,279,Picherande
63,280,Pignols
63,281,Pionsat
63,282,Plauzat
63,283,Pontaumur
63,284,Pont-du-Château
63,285,Pontgibaud
63,286,Pouzol
63,287,Les Pradeaux
63,288,Prompsat
63,289,Prondines
63,290,Pulvérières
63,291,Puy-Guillaume
63,292,Puy-Saint-Gulmier
63,293,Le Quartier
63,294,Queuille
63,295,Randan
63,296,Ravel
63,297,Reignat
63,298,La Renaudie
63,299,Rentières
63,300,Riom
63,301,Ris
63,302,La Roche-Blanche
63,303,Roche-Charles-la-Mayrand
63,304,Roche-d'Agoux
63,305,Rochefort-Montagne
63,306,La Roche-Noire
63,307,Romagnat
63,308,Royat
63,309,Saillant
63,310,Sainte-Agathe
63,311,Saint-Agoulin
63,312,Saint-Alyre-d'Arlanc
63,313,Saint-Alyre-ès-Montagne
63,314,Saint-Amant-Roche-Savine
63,315,Saint-Amant-Tallende
63,317,Saint-André-le-Coq
63,318,Saint-Angel
63,319,Saint-Anthème
63,320,Saint-Avit-d'Auvergne
63,321,Saint-Babel
63,322,Saint-Beauzire
63,323,Saint-Bonnet-le-Bourg
63,324,Saint-Bonnet-le-Chastel
63,325,Saint-Bonnet-lès-Allier
63,326,Saint-Bonnet-près-Orcival
63,327,Saint-Bonnet-près-Riom
63,328,Sainte-Catherine
63,329,Sainte-Christine
63,331,Saint-Clément-de-Valorgue
63,332,Saint-Clément-de-Régnat
63,333,Saint-Denis-Combarnazat
63,334,Saint-Dier-d'Auvergne
63,335,Saint-Diéry
63,336,Saint-Donat
63,337,Saint-Éloy-la-Glacière
63,338,Saint-Éloy-les-Mines
63,339,Saint-Étienne-des-Champs
63,340,Saint-Étienne-sur-Usson
63,341,Saint-Ferréol-des-Côtes
63,342,Saint-Floret
63,343,Saint-Flour-l'Étang
63,344,Saint-Gal-sur-Sioule
63,345,Saint-Genès-Champanelle
63,346,Saint-Genès-Champespe
63,347,Saint-Genès-du-Retz
63,348,Saint-Genès-la-Tourette
63,349,Saint-Georges-de-Mons
63,350,Saint-Georges-sur-Allier
63,351,Saint-Germain-près-Herment
63,352,Saint-Germain-Lembron
63,353,Saint-Germain-l'Herm
63,354,Saint-Gervais-d'Auvergne
63,355,Saint-Gervais-sous-Meymont
63,356,Saint-Gervazy
63,357,Saint-Hérent
63,358,Saint-Hilaire-la-Croix
63,359,Saint-Hilaire-les-Monges
63,360,Saint-Hilaire
63,362,Saint-Ignat
63,363,Saint-Jacques-d'Ambur
63,364,Saint-Jean-d'Heurs
63,365,Saint-Jean-des-Ollières
63,366,Saint-Jean-en-Val
63,367,Saint-Jean-Saint-Gervais
63,368,Saint-Julien-de-Coppel
63,369,Saint-Julien-la-Geneste
63,370,Saint-Julien-Puy-Lavèze
63,371,Saint-Just
63,372,Saint-Laure
63,373,Saint-Maigner
63,374,Saint-Martin-des-Olmes
63,375,Saint-Martin-des-Plains
63,376,Saint-Martin-d'Ollières
63,377,Saint-Maurice-près-Pionsat
63,378,Saint-Maurice
63,379,Saint-Myon
63,380,Saint-Nectaire
63,381,Saint-Ours
63,382,Saint-Pardoux
63,383,Saint-Pierre-Colamine
63,384,Saint-Pierre-la-Bourlhonne
63,385,Saint-Pierre-le-Chastel
63,386,Saint-Pierre-Roche
63,387,Saint-Priest-Bramefant
63,388,Saint-Priest-des-Champs
63,389,Saint-Quentin-sur-Sauxillanges
63,390,Saint-Quintin-sur-Sioule
63,391,Saint-Rémy-de-Blot
63,392,Saint-Rémy-de-Chargnat
63,393,Saint-Rémy-sur-Durolle
63,394,Saint-Romain
63,395,Saint-Sandoux
63,396,Saint-Saturnin
63,397,Saint-Sauves-d'Auvergne
63,398,Saint-Sauveur-la-Sagne
63,399,Saint-Sulpice
63,400,Saint-Sylvestre-Pragoulin
63,401,Saint-Victor-la-Rivière
63,402,Saint-Victor-Montvianeix
63,403,Saint-Vincent
63,404,Saint-Yvoine
63,405,Sallèdes
63,406,Sardon
63,407,Saulzet-le-Froid
63,408,Sauret-Besserve
63,409,Saurier
63,410,Sauvagnat
63,411,Sauvagnat-Sainte-Marthe
63,412,Sauvessanges
63,413,La Sauvetat
63,414,Sauviat
63,415,Sauxillanges
63,416,Savennes
63,417,Sayat
63,418,Sermentizon
63,419,Servant
63,420,Seychalles
63,421,Singles
63,422,Solignat
63,423,Sugères
63,424,Surat
63,425,Tallende
63,426,Tauves
63,427,Teilhède
63,428,Teilhet
63,429,Ternant-les-Eaux
63,430,Thiers
63,431,Thiolières
63,432,Thuret
63,433,Tortebesse
63,434,Tours-sur-Meymont
63,435,Tourzel-Ronzières
63,436,Tralaigues
63,437,Trémouille-Saint-Loup
63,438,Trézioux
63,439,Usson
63,440,Valbeleix
63,441,Valcivières
63,442,Valz-sous-Châteauneuf
63,443,Varennes-sur-Morge
63,444,Varennes-sur-Usson
63,445,Vassel
63,446,Vensat
63,447,Vergheas
63,448,Le Vernet-Chaméane
63,449,Le Vernet-Sainte-Marguerite
63,450,Verneugheol
63,451,Vernines
63,452,Verrières
63,453,Vertaizon
63,454,Vertolaye
63,455,Veyre-Monton
63,456,Vichel
63,457,Vic-le-Comte
63,458,Villeneuve
63,459,Villeneuve-les-Cerfs
63,460,Villossanges
63,461,Vinzelles
63,462,Virlet
63,463,Viscomtat
63,464,Vitrac
63,465,Viverols
63,466,Vodable
63,467,Voingt
63,468,Vollore-Montagne
63,469,Vollore-Ville
63,470,Volvic
63,471,Youx
63,472,Yronde-et-Buron
63,473,Yssac-la-Tourette
64,001,Aast
64,002,Abère
64,003,Abidos
64,004,Abitain
64,005,Abos
64,006,Accous
64,007,Agnos
64,008,Ahaxe-Alciette-Bascassan
64,009,Ahetze
64,010,Aïcirits-Camou-Suhast
64,011,Aincille
64,012,Ainharp
64,013,Ainhice-Mongelos
64,014,Ainhoa
64,015,Alçay-Alçabéhéty-Sunharette
64,016,Aldudes
64,017,Alos-Sibas-Abense
64,018,Amendeuix-Oneix
64,019,Amorots-Succos
64,021,Andoins
64,022,Andrein
64,023,Angaïs
64,024,Anglet
64,025,Angous
64,026,Anhaux
64,027,Anos
64,028,Anoye
64,029,Aramits
64,031,Arancou
64,032,Araujuzon
64,033,Araux
64,034,Arbérats-Sillègue
64,035,Arbonne
64,036,Arbouet-Sussaute
64,037,Arbus
64,038,Arcangues
64,039,Aren
64,040,Arette
64,041,Aressy
64,042,Argagnon
64,043,Argelos
64,044,Arget
64,045,Arhansus
64,046,Armendarits
64,047,Arnéguy
64,048,Arnos
64,049,Aroue-Ithorots-Olhaïby
64,050,Arrast-Larrebieu
64,051,Arraute-Charritte
64,052,Arricau-Bordes
64,053,Arrien
64,054,Arros-de-Nay
64,056,Arrosès
64,057,Arthez-de-Béarn
64,058,Arthez-d'Asson
64,059,Artigueloutan
64,060,Artiguelouve
64,061,Artix
64,062,Arudy
64,063,Arzacq-Arraziguet
64,064,Asasp-Arros
64,065,Ascain
64,066,Ascarat
64,067,Assat
64,068,Asson
64,069,Aste-Béon
64,070,Astis
64,071,Athos-Aspis
64,072,Aubertin
64,073,Aubin
64,074,Aubous
64,075,Audaux
64,077,Auga
64,078,Auriac
64,079,Aurions-Idernes
64,080,Aussevielle
64,081,Aussurucq
64,082,Auterrive
64,083,Autevielle-Saint-Martin-Bideren
64,084,Aydie
64,085,Aydius
64,086,Ayherre
64,087,Baigts-de-Béarn
64,088,Balansun
64,089,Baleix
64,090,Baliracq-Maumusson
64,091,Baliros
64,092,Banca
64,093,Barcus
64,094,Bardos
64,095,Barinque
64,096,Barraute-Camu
64,097,Barzun
64,098,Bassillon-Vauzé
64,099,Bastanès
64,100,Bassussarry
64,101,Baudreix
64,102,Bayonne
64,103,Bédeille
64,104,Bedous
64,105,Béguios
64,106,Béhasque-Lapiste
64,107,Béhorléguy
64,108,Bellocq
64,109,Bénéjacq
64,110,Béost
64,111,Bentayou-Sérée
64,112,Bérenx
64,113,Bergouey-Viellenave
64,114,Bernadets
64,115,Berrogain-Laruns
64,116,Bescat
64,117,Bésingrand
64,118,Bétracq
64,119,Beuste
64,120,Beyrie-sur-Joyeuse
64,121,Beyrie-en-Béarn
64,122,Biarritz
64,123,Bidache
64,124,Bidarray
64,125,Bidart
64,126,Bidos
64,127,Bielle
64,128,Bilhères
64,129,Billère
64,130,Biriatou
64,131,Biron
64,132,Bizanos
64,133,Boeil-Bezing
64,134,Bonloc
64,135,Bonnut
64,136,Borce
64,137,Bordères
64,138,Bordes
64,139,Bosdarros
64,140,Boucau
64,141,Boueilh-Boueilho-Lasque
64,142,Bougarber
64,143,Bouillon
64,144,Boumourt
64,145,Bourdettes
64,146,Bournos
64,147,Briscous
64,148,Bruges-Capbis-Mifaget
64,149,Bugnein
64,150,Bunus
64,151,Burgaronne
64,152,Buros
64,153,Burosse-Mendousse
64,154,Bussunarits-Sarrasquette
64,155,Bustince-Iriberry
64,156,Buziet
64,157,Buzy
64,158,Cabidos
64,159,Cadillon
64,160,Cambo-les-Bains
64,161,Came
64,162,Camou-Cihigue
64,165,Cardesse
64,166,Caro
64,167,Carrère
64,168,Carresse-Cassaber
64,170,Castagnède
64,171,Casteide-Cami
64,172,Casteide-Candau
64,173,Casteide-Doat
64,174,Castéra-Loubix
64,175,Castet
64,176,Castetbon
64,177,Castétis
64,178,Castetnau-Camblong
64,179,Castetner
64,180,Castetpugon
64,181,Castillon (Canton d'Arthez-de-Béarn)
64,182,Castillon (Canton de Lembeye)
64,183,Caubios-Loos
64,184,Cescau
64,185,Cette-Eygun
64,186,Charre
64,187,Charritte-de-Bas
64,188,Chéraute
64,189,Ciboure
64,190,Claracq
64,191,Coarraze
64,192,Conchez-de-Béarn
64,193,Corbère-Abères
64,194,Coslédaà-Lube-Boast
64,195,Coublucq
64,196,Crouseilles
64,197,Cuqueron
64,198,Denguin
64,199,Diusse
64,200,Doazon
64,201,Dognen
64,202,Domezain-Berraute
64,203,Doumy
64,204,Eaux-Bonnes
64,205,Escos
64,206,Escot
64,207,Escou
64,208,Escoubès
64,209,Escout
64,210,Escurès
64,211,Eslourenties-Daban
64,212,Espéchède
64,213,Espelette
64,214,Espès-Undurein
64,215,Espiute
64,216,Espoey
64,217,Esquiule
64,218,Estérençuby
64,219,Estialescq
64,220,Estos
64,221,Etcharry
64,222,Etchebar
64,223,Etsaut
64,224,Eysus
64,225,Ance Féas
64,226,Fichous-Riumayou
64,227,Gabaston
64,228,Gabat
64,229,Gamarthe
64,230,Gan
64,231,Garindein
64,232,Garlède-Mondebat
64,233,Garlin
64,234,Garos
64,235,Garris
64,236,Gayon
64,237,Gelos
64,238,Ger
64,239,Gerderest
64,240,Gère-Bélesten
64,241,Géronce
64,242,Gestas
64,243,Géus-d'Arzacq
64,244,Geüs-d'Oloron
64,245,Goès
64,246,Gomer
64,247,Gotein-Libarrenx
64,249,Guéthary
64,250,Guiche
64,251,Guinarthe-Parenties
64,252,Gurmençon
64,253,Gurs
64,254,Hagetaubin
64,255,Halsou
64,256,Hasparren
64,257,Haut-de-Bosdarros
64,258,Haux
64,259,Hélette
64,260,Hendaye
64,261,Herrère
64,262,Higuères-Souye
64,263,L'Hôpital-d'Orion
64,264,L'Hôpital-Saint-Blaise
64,265,Hosta
64,266,Hours
64,267,Ibarrolle
64,268,Idaux-Mendy
64,269,Idron
64,270,Igon
64,271,Iholdy
64,272,Ilharre
64,273,Irissarry
64,274,Irouléguy
64,275,Ispoure
64,276,Issor
64,277,Isturits
64,279,Itxassou
64,280,Izeste
64,281,Jasses
64,282,Jatxou
64,283,Jaxu
64,284,Jurançon
64,285,Juxue
64,286,Laà-Mondrans
64,287,Laàs
64,288,Labastide-Cézéracq
64,289,La Bastide-Clairence
64,290,Labastide-Monréjeau
64,291,Labastide-Villefranche
64,292,Labatmale
64,293,Labatut-Figuières
64,294,Labets-Biscay
64,295,Labeyrie
64,296,Lacadée
64,297,Lacarre
64,298,Lacarry-Arhan-Charritte-de-Haut
64,299,Lacommande
64,300,Lacq
64,301,Lagor
64,302,Lagos
64,303,Laguinge-Restoue
64,304,Lahonce
64,305,Lahontan
64,306,Lahourcade
64,307,Lalongue
64,308,Lalonquette
64,309,Lamayou
64,310,Lanne-en-Barétous
64,311,Lannecaube
64,312,Lanneplaà
64,313,Lantabat
64,314,Larceveau-Arros-Cibits
64,315,Laroin
64,316,Larrau
64,317,Larressore
64,318,Larreule
64,319,Larribar-Sorhapuru
64,320,Laruns
64,321,Lasclaveries
64,322,Lasse
64,323,Lasserre
64,324,Lasseube
64,325,Lasseubetat
64,326,Lay-Lamidou
64,327,Lecumberry
64,328,Ledeuix
64,329,Lée
64,330,Lées-Athas
64,331,Lembeye
64,332,Lème
64,334,Léren
64,335,Lescar
64,336,Lescun
64,337,Lespielle
64,338,Lespourcy
64,339,Lestelle-Bétharram
64,340,Lichans-Sunhar
64,341,Lichos
64,342,Licq-Athérey
64,343,Limendous
64,344,Livron
64,345,Lohitzun-Oyhercq
64,346,Lombia
64,347,Lonçon
64,348,Lons
64,349,Loubieng
64,350,Louhossoa
64,351,Lourdios-Ichère
64,352,Lourenties
64,353,Louvie-Juzon
64,354,Louvie-Soubiron
64,355,Louvigny
64,356,Luc-Armau
64,357,Lucarré
64,358,Lucgarier
64,359,Lucq-de-Béarn
64,360,Lurbe-Saint-Christau
64,361,Lussagnet-Lusson
64,362,Luxe-Sumberraute
64,363,Lys
64,364,Macaye
64,365,Malaussanne
64,366,Mascaraàs-Haron
64,367,Maslacq
64,368,Masparraute
64,369,Maspie-Lalonquère-Juillacq
64,370,Maucor
64,371,Mauléon-Licharre
64,372,Maure
64,373,Mazères-Lezons
64,374,Mazerolles
64,375,Méharin
64,376,Meillon
64,377,Mendionde
64,378,Menditte
64,379,Mendive
64,380,Méracq
64,381,Méritein
64,382,Mesplède
64,383,Mialos
64,385,Miossens-Lanusse
64,386,Mirepeix
64,387,Momas
64,388,Momy
64,389,Monassut-Audiracq
64,390,Moncaup
64,391,Moncayolle-Larrory-Mendibieu
64,392,Moncla
64,393,Monein
64,394,Monpezat
64,395,Monségur
64,396,Mont
64,397,Montagut
64,398,Montaner
64,399,Montardon
64,400,Montaut
64,401,Mont-Disse
64,403,Montfort
64,404,Montory
64,405,Morlaàs
64,406,Morlanne
64,407,Mouguerre
64,408,Mouhous
64,409,Moumour
64,410,Mourenx
64,411,Musculdy
64,412,Nabas
64,413,Narcastet
64,414,Narp
64,415,Navailles-Angos
64,416,Navarrenx
64,417,Nay
64,418,Noguères
64,419,Nousty
64,420,Ogenne-Camptort
64,421,Ogeu-les-Bains
64,422,Oloron-Sainte-Marie
64,423,Oraàs
64,424,Ordiarp
64,425,Orègue
64,426,Orin
64,427,Orion
64,428,Orriule
64,429,Orsanco
64,430,Orthez
64,431,Os-Marsillon
64,432,Ossas-Suhare
64,433,Osse-en-Aspe
64,434,Ossenx
64,435,Osserain-Rivareyte
64,436,Ossès
64,437,Ostabat-Asme
64,438,Ouillon
64,439,Ousse
64,440,Ozenx-Montestrucq
64,441,Pagolle
64,442,Parbayse
64,443,Pardies
64,444,Pardies-Piétat
64,445,Pau
64,446,Peyrelongue-Abos
64,447,Piets-Plasence-Moustrou
64,448,Poey-de-Lescar
64,449,Poey-d'Oloron
64,450,Pomps
64,451,Ponson-Debat-Pouts
64,452,Ponson-Dessus
64,453,Pontacq
64,454,Pontiacq-Viellepinte
64,455,Portet
64,456,Pouliacq
64,457,Poursiugues-Boucoue
64,458,Préchacq-Josbaig
64,459,Préchacq-Navarrenx
64,460,Précilhon
64,461,Puyoô
64,462,Ramous
64,463,Rébénacq
64,464,Ribarrouy
64,465,Riupeyrous
64,466,Rivehaute
64,467,Rontignon
64,468,Roquiague
64,469,Saint-Abit
64,470,Saint-Armou
64,471,Saint-Boès
64,472,Saint-Castin
64,473,Sainte-Colome
64,474,Saint-Dos
64,475,Sainte-Engrâce
64,476,Saint-Esteben
64,477,Saint-Étienne-de-Baïgorry
64,478,Saint-Faust
64,479,Saint-Girons-en-Béarn
64,480,Saint-Gladie-Arrive-Munein
64,481,Saint-Goin
64,482,Saint-Jammes
64,483,Saint-Jean-de-Luz
64,484,Saint-Jean-le-Vieux
64,485,Saint-Jean-Pied-de-Port
64,486,Saint-Jean-Poudge
64,487,Saint-Just-Ibarre
64,488,Saint-Laurent-Bretagne
64,489,Saint-Martin-d'Arberoue
64,490,Saint-Martin-d'Arrossa
64,491,Saint-Médard
64,492,Saint-Michel
64,493,Saint-Palais
64,494,Saint-Pé-de-Léren
64,495,Saint-Pée-sur-Nivelle
64,496,Saint-Pierre-d'Irube
64,498,Saint-Vincent
64,499,Salies-de-Béarn
64,500,Salles-Mongiscard
64,501,Sallespisse
64,502,Sames
64,503,Samsons-Lion
64,504,Sare
64,505,Sarpourenx
64,506,Sarrance
64,507,Saubole
64,508,Saucède
64,509,Sauguis-Saint-Étienne
64,510,Sault-de-Navailles
64,511,Sauvagnon
64,512,Sauvelade
64,513,Sauveterre-de-Béarn
64,514,Séby
64,515,Sedze-Maubecq
64,516,Sedzère
64,517,Séméacq-Blachon
64,518,Sendets
64,519,Serres-Castet
64,520,Serres-Morlaàs
64,521,Serres-Sainte-Marie
64,522,Sévignacq-Meyracq
64,523,Sévignacq
64,524,Simacourbe
64,525,Siros
64,526,Soumoulou
64,527,Souraïde
64,528,Suhescun
64,529,Sus
64,530,Susmiou
64,531,Tabaille-Usquain
64,532,Tadousse-Ussau
64,533,Tardets-Sorholus
64,534,Taron-Sadirac-Viellenave
64,535,Tarsacq
64,536,Thèze
64,537,Trois-Villes
64,538,Uhart-Cize
64,539,Uhart-Mixe
64,540,Urcuit
64,542,Urdos
64,543,Urepel
64,544,Urost
64,545,Urrugne
64,546,Urt
64,547,Ustaritz
64,548,Uzan
64,549,Uzein
64,550,Uzos
64,551,Verdets
64,552,Vialer
64,554,Viellenave-d'Arthez
64,555,Viellenave-de-Navarrenx
64,556,Vielleségure
64,557,Vignes
64,558,Villefranque
64,559,Viodos-Abense-de-Bas
64,560,Viven
65,001,Adast
65,002,Adé
65,003,Adervielle-Pouchergues
65,004,Agos-Vidalos
65,005,Allier
65,006,Ancizan
65,007,Andrest
65,009,Anères
65,010,Angos
65,011,Les Angles
65,012,Anla
65,013,Ansost
65,014,Antichan
65,015,Antin
65,016,Antist
65,017,Aragnouet
65,018,Arbéost
65,019,Arcizac-Adour
65,020,Arcizac-ez-Angles
65,021,Arcizans-Avant
65,022,Arcizans-Dessus
65,023,Ardengost
65,024,Argelès-Bagnères
65,025,Argelès-Gazost
65,026,Aries-Espénan
65,028,Arné
65,029,Arras-en-Lavedan
65,031,Arreau
65,032,Arrens-Marsous
65,033,Arrodets-ez-Angles
65,034,Arrodets
65,035,Artagnan
65,036,Artalens-Souin
65,037,Artiguemy
65,038,Artigues
65,039,Aspin-Aure
65,040,Aspin-en-Lavedan
65,041,Asque
65,042,Asté
65,043,Astugue
65,044,Aubarède
65,045,Aucun
65,046,Aulon
65,047,Aureilhan
65,048,Aurensan
65,049,Auriébat
65,050,Avajan
65,051,Aventignan
65,052,Averan
65,053,Aveux
65,054,Avezac-Prat-Lahitte
65,055,Ayros-Arbouix
65,056,Ayzac-Ost
65,057,Azereix
65,058,Azet
65,059,Bagnères-de-Bigorre
65,060,Banios
65,061,Barbachen
65,062,Barbazan-Debat
65,063,Barbazan-Dessus
65,064,Bareilles
65,065,Barlest
65,066,Barrancoueu
65,067,Barry
65,068,Barthe
65,069,La Barthe-de-Neste
65,070,Bartrès
65,071,Batsère
65,072,Bazet
65,073,Bazillac
65,074,Bazordan
65,075,Bazus-Aure
65,076,Bazus-Neste
65,077,Beaucens
65,078,Beaudéan
65,079,Bégole
65,080,Bénac
65,081,Benqué-Molère
65,082,Berbérust-Lias
65,083,Bernac-Debat
65,084,Bernac-Dessus
65,085,Bernadets-Debat
65,086,Bernadets-Dessus
65,087,Bertren
65,088,Betbèze
65,089,Betpouey
65,090,Betpouy
65,091,Bettes
65,092,Beyrède-Jumet-Camous
65,093,Bize
65,094,Bizous
65,095,Bonnefont
65,096,Bonnemazon
65,097,Bonrepos
65,098,Boô-Silhen
65,099,Bordères-Louron
65,100,Bordères-sur-l'Échez
65,101,Bordes
65,102,Bouilh-Devant
65,103,Bouilh-Péreuilh
65,104,Boulin
65,105,Bourg-de-Bigorre
65,106,Bourisp
65,107,Bourréac
65,108,Bours
65,109,Bramevaque
65,110,Bugard
65,111,Bulan
65,112,Bun
65,113,Burg
65,114,Buzon
65,115,Cabanac
65,116,Cadéac
65,117,Cadeilhan-Trachère
65,118,Caharet
65,119,Caixon
65,120,Calavanté
65,121,Camalès
65,123,Campan
65,124,Camparan
65,125,Campistrous
65,126,Campuzan
65,127,Capvern
65,128,Castelbajac
65,129,Castelnau-Magnoac
65,130,Castelnau-Rivière-Basse
65,131,Castelvieilh
65,132,Castéra-Lanusse
65,133,Castéra-Lou
65,134,Casterets
65,135,Castillon
65,136,Caubous
65,137,Caussade-Rivière
65,138,Cauterets
65,139,Cazarilh
65,140,Cazaux-Debat
65,141,Cazaux-Fréchet-Anéran-Camors
65,142,Chelle-Debat
65,143,Chelle-Spou
65,144,Cheust
65,145,Chèze
65,146,Chis
65,147,Cieutat
65,148,Cizos
65,149,Clarac
65,150,Clarens
65,151,Collongues
65,153,Coussan
65,154,Créchets
65,155,Devèze
65,156,Dours
65,157,Ens
65,158,Esbareich
65,159,Escala
65,160,Escaunets
65,161,Escondeaux
65,162,Esconnets
65,163,Escots
65,164,Escoubès-Pouts
65,165,Esparros
65,166,Espèche
65,167,Espieilh
65,168,Esquièze-Sère
65,169,Estaing
65,170,Estampures
65,171,Estarvielle
65,172,Estensan
65,173,Esterre
65,174,Estirac
65,175,Ferrère
65,176,Ferrières
65,177,Fontrailles
65,178,Fréchède
65,179,Fréchendets
65,180,Fréchet-Aure
65,181,Fréchou-Fréchet
65,182,Gaillagos
65,183,Galan
65,184,Galez
65,185,Gardères
65,186,Gaudent
65,187,Gaussan
65,189,Gayan
65,190,Gazave
65,191,Gazost
65,192,Gavarnie-Gèdre
65,193,Gembrie
65,194,Générest
65,195,Génos
65,196,Gensac
65,197,Ger
65,198,Gerde
65,199,Germ
65,200,Germs-sur-l'Oussouet
65,201,Geu
65,202,Gez
65,203,Gez-ez-Angles
65,204,Gonez
65,205,Gouaux
65,206,Goudon
65,207,Gourgue
65,208,Grailhen
65,209,Grézian
65,210,Grust
65,211,Guchan
65,212,Guchen
65,213,Guizerix
65,214,Hachan
65,215,Hagedet
65,216,Hauban
65,217,Hautaget
65,218,Hèches
65,219,Hères
65,220,Hibarette
65,221,Hiis
65,222,Hitte
65,223,Horgues
65,224,Houeydets
65,225,Hourc
65,226,Ibos
65,228,Ilhet
65,229,Ilheu
65,230,Izaourt
65,231,Izaux
65,232,Jacque
65,233,Jarret
65,234,Jézeau
65,235,Juillan
65,236,Julos
65,237,Juncalas
65,238,Labassère
65,239,Labastide
65,240,Labatut-Rivière
65,241,Laborde
65,242,Lacassagne
65,243,Lafitole
65,244,Lagarde
65,245,Lagrange
65,247,Arrayou-Lahitte
65,248,Lahitte-Toupière
65,249,Lalanne
65,250,Lalanne-Trie
65,251,Laloubère
65,252,Lamarque-Pontacq
65,253,Lamarque-Rustaing
65,254,Laméac
65,255,Lançon
65,256,Lanespède
65,257,Lanne
65,258,Lannemezan
65,259,Lansac
65,260,Lapeyre
65,261,Laran
65,262,Larreule
65,263,Larroque
65,264,Lascazères
65,265,Laslades
65,266,Lassales
65,267,Lau-Balagnas
65,268,Layrisse
65,269,Lescurry
65,270,Lespouey
65,271,Lézignan
65,272,Lhez
65,273,Liac
65,274,Libaros
65,275,Lies
65,276,Lizos
65,277,Lombrès
65,278,Lomné
65,279,Lortet
65,280,Loubajac
65,281,Loucrup
65,282,Loudenvielle
65,283,Loudervielle
65,284,Louey
65,285,Louit
65,286,Lourdes
65,287,Loures-Barousse
65,288,Lubret-Saint-Luc
65,289,Luby-Betmont
65,290,Luc
65,291,Lugagnan
65,292,Luquet
65,293,Lustar
65,294,Lutilhous
65,295,Luz-Saint-Sauveur
65,296,Madiran
65,297,Mansan
65,298,Marquerie
65,299,Marsac
65,300,Marsas
65,301,Marseillan
65,303,Mascaras
65,304,Maubourguet
65,305,Mauléon-Barousse
65,306,Mauvezin
65,307,Mazères-de-Neste
65,308,Mazerolles
65,309,Mazouau
65,310,Mérilheu
65,311,Mingot
65,313,Momères
65,314,Monfaucon
65,315,Monléon-Magnoac
65,316,Monlong
65,317,Mont
65,318,Montastruc
65,319,Montégut
65,320,Montgaillard
65,321,Montignac
65,322,Montoussé
65,323,Montsérié
65,324,Moulédous
65,325,Moumoulous
65,326,Mun
65,327,Nestier
65,328,Neuilh
65,329,Nistos
65,330,Nouilhan
65,331,Odos
65,332,Oléac-Debat
65,333,Oléac-Dessus
65,334,Omex
65,335,Ordizan
65,336,Organ
65,337,Orieux
65,338,Orignac
65,339,Orincles
65,340,Orleix
65,341,Oroix
65,342,Osmets
65,343,Ossen
65,344,Ossun
65,345,Ossun-ez-Angles
65,346,Oueilloux
65,347,Ourde
65,348,Ourdis-Cotdoussan
65,349,Ourdon
65,350,Oursbelille
65,351,Ousté
65,352,Ouzous
65,353,Ozon
65,354,Pailhac
65,355,Paréac
65,356,Péré
65,357,Peyraube
65,358,Peyret-Saint-André
65,359,Peyriguère
65,360,Peyrouse
65,361,Peyrun
65,362,Pierrefitte-Nestalas
65,363,Pinas
65,364,Pintac
65,366,Poueyferré
65,367,Poumarous
65,368,Pouy
65,369,Pouyastruc
65,370,Pouzac
65,371,Préchac
65,372,Pujo
65,373,Puntous
65,374,Puydarrieux
65,375,Rabastens-de-Bigorre
65,376,Recurt
65,377,Réjaumont
65,378,Ricaud
65,379,Ris
65,380,Sabalos
65,381,Sabarros
65,382,Sacoué
65,383,Sadournin
65,384,Sailhan
65,385,Saint-Arroman
65,386,Saint-Créac
65,387,Saint-Lanne
65,388,Saint-Lary-Soulan
65,389,Saint-Laurent-de-Neste
65,390,Saint-Lézer
65,391,Sainte-Marie
65,392,Saint-Martin
65,393,Saint-Pastous
65,394,Saint-Paul
65,395,Saint-Pé-de-Bigorre
65,396,Saint-Savin
65,397,Saint-Sever-de-Rustan
65,398,Saléchan
65,399,Saligos
65,400,Salles
65,401,Salles-Adour
65,402,Samuran
65,403,Sanous
65,404,Sariac-Magnoac
65,405,Sarlabous
65,406,Sarniguet
65,407,Sarp
65,408,Sarrancolin
65,409,Sarriac-Bigorre
65,410,Sarrouilles
65,411,Sassis
65,412,Sauveterre
65,413,Sazos
65,414,Ségalas
65,415,Ségus
65,416,Seich
65,417,Séméac
65,418,Sénac
65,419,Sentous
65,420,Sère-en-Lavedan
65,421,Sère-Lanso
65,422,Séron
65,423,Sère-Rustaing
65,424,Sers
65,425,Siarrouy
65,426,Sinzos
65,427,Siradan
65,428,Sireix
65,429,Sombrun
65,430,Soréac
65,431,Sost
65,432,Soublecause
65,433,Soues
65,435,Soulom
65,436,Souyeaux
65,437,Tajan
65,438,Talazac
65,439,Tarasteix
65,440,Tarbes
65,441,Thèbe
65,442,Thermes-Magnoac
65,443,Thuy
65,444,Tibiran-Jaunac
65,445,Tilhouse
65,446,Tostat
65,447,Tournay
65,448,Tournous-Darré
65,449,Tournous-Devant
65,450,Tramezaïgues
65,451,Trébons
65,452,Trie-sur-Baïse
65,453,Troubat
65,454,Trouley-Labarthe
65,455,Tuzaguet
65,456,Uglas
65,457,Ugnouas
65,458,Uz
65,459,Uzer
65,460,Vic-en-Bigorre
65,461,Vidou
65,462,Vidouze
65,463,Viella
65,464,Vielle-Adour
65,465,Vielle-Aure
65,466,Vielle-Louron
65,467,Vier-Bordes
65,468,Vieuzos
65,469,Viey
65,470,Viger
65,471,Vignec
65,472,Villefranque
65,473,Villelongue
65,474,Villembits
65,475,Villemur
65,476,Villenave-près-Béarn
65,477,Villenave-près-Marsac
65,478,Viscos
65,479,Visker
65,481,Barèges
65,482,Cantaous
66,001,L'Albère
66,002,Alénya
66,003,Amélie-les-Bains-Palalda
66,004,Les Angles
66,005,Angoustrine-Villeneuve-des-Escaldes
66,006,Ansignan
66,007,Arboussols
66,008,Argelès-sur-Mer
66,009,Arles-sur-Tech
66,010,Ayguatébia-Talau
66,011,Bages
66,012,Baho
66,013,Baillestavy
66,014,Baixas
66,015,Banyuls-dels-Aspres
66,016,Banyuls-sur-Mer
66,017,Le Barcarès
66,018,La Bastide
66,019,Bélesta
66,020,Bolquère
66,021,Bompas
66,022,Boule-d'Amont
66,023,Bouleternère
66,024,Le Boulou
66,025,Bourg-Madame
66,026,Brouilla
66,027,La Cabanasse
66,028,Cabestany
66,029,Caixas
66,030,Calce
66,032,Calmeilles
66,033,Camélas
66,034,Campôme
66,035,Campoussy
66,036,Canaveilles
66,037,Canet-en-Roussillon
66,038,Canohès
66,039,Caramany
66,040,Casefabre
66,041,Cases-de-Pène
66,042,Cassagnes
66,043,Casteil
66,044,Castelnou
66,045,Catllar
66,046,Caudiès-de-Fenouillèdes
66,047,Caudiès-de-Conflent
66,048,Cerbère
66,049,Céret
66,050,Claira
66,051,Clara-Villerach
66,052,Codalet
66,053,Collioure
66,054,Conat
66,055,Corbère
66,056,Corbère-les-Cabanes
66,057,Corneilla-de-Conflent
66,058,Corneilla-la-Rivière
66,059,Corneilla-del-Vercol
66,060,Corsavy
66,061,Coustouges
66,062,Dorres
66,063,Les Cluses
66,064,Égat
66,065,Elne
66,066,Enveitg
66,067,Err
66,068,Escaro
66,069,Espira-de-l'Agly
66,070,Espira-de-Conflent
66,071,Estagel
66,072,Estavar
66,073,Estoher
66,074,Eus
66,075,Eyne
66,076,Feilluns
66,077,Fenouillet
66,078,Fillols
66,079,Finestret
66,080,Fontpédrouse
66,081,Fontrabiouse
66,082,Formiguères
66,083,Fosse
66,084,Fourques
66,085,Fuilla
66,086,Glorianes
66,088,Ille-sur-Têt
66,089,Joch
66,090,Jujols
66,091,Lamanère
66,092,Lansac
66,093,Laroque-des-Albères
66,094,Latour-Bas-Elne
66,095,Latour-de-Carol
66,096,Latour-de-France
66,097,Lesquerde
66,098,La Llagonne
66,099,Llauro
66,100,Llo
66,101,Llupia
66,102,Mantet
66,103,Marquixanes
66,104,Los Masos
66,105,Matemale
66,106,Maureillas-las-Illas
66,107,Maury
66,108,Millas
66,109,Molitg-les-Bains
66,111,Montalba-le-Château
66,112,Montauriol
66,113,Montbolo
66,114,Montescot
66,115,Montesquieu-des-Albères
66,116,Montferrer
66,117,Mont-Louis
66,118,Montner
66,119,Mosset
66,120,Nahuja
66,121,Néfiach
66,122,Nohèdes
66,123,Nyer
66,124,Font-Romeu-Odeillo-Via
66,125,Olette
66,126,Oms
66,127,Opoul-Périllos
66,128,Oreilla
66,129,Ortaffa
66,130,Osséja
66,132,Palau-de-Cerdagne
66,133,Palau-del-Vidre
66,134,Passa
66,136,Perpignan
66,137,Le Perthus
66,138,Peyrestortes
66,139,Pézilla-de-Conflent
66,140,Pézilla-la-Rivière
66,141,Pia
66,142,Planès
66,143,Planèzes
66,144,Pollestres
66,145,Ponteilla
66,146,Porta
66,147,Porté-Puymorens
66,148,Port-Vendres
66,149,Prades
66,150,Prats-de-Mollo-la-Preste
66,151,Prats-de-Sournia
66,152,Prugnanes
66,153,Prunet-et-Belpuig
66,154,Puyvalador
66,155,Py
66,156,Rabouillet
66,157,Railleu
66,158,Rasiguères
66,159,Réal
66,160,Reynès
66,161,Ria-Sirach
66,162,Rigarda
66,164,Rivesaltes
66,165,Rodès
66,166,Sahorre
66,167,Saillagouse
66,168,Saint-André
66,169,Saint-Arnac
66,170,Sainte-Colombe-de-la-Commanderie
66,171,Saint-Cyprien
66,172,Saint-Estève
66,173,Saint-Féliu-d'Amont
66,174,Saint-Féliu-d'Avall
66,175,Saint-Génis-des-Fontaines
66,176,Saint-Hippolyte
66,177,Saint-Jean-Lasseille
66,178,Saint-Jean-Pla-de-Corts
66,179,Saint-Laurent-de-Cerdans
66,180,Saint-Laurent-de-la-Salanque
66,181,Sainte-Léocadie
66,182,Sainte-Marie-la-Mer
66,183,Saint-Marsal
66,184,Saint-Martin-de-Fenouillet
66,185,Saint-Michel-de-Llotes
66,186,Saint-Nazaire
66,187,Saint-Paul-de-Fenouillet
66,188,Saint-Pierre-dels-Forcats
66,189,Saleilles
66,190,Salses-le-Château
66,191,Sansa
66,192,Sauto
66,193,Serdinya
66,194,Serralongue
66,195,Le Soler
66,196,Sorède
66,197,Souanyas
66,198,Sournia
66,199,Taillet
66,201,Tarerach
66,202,Targasonne
66,203,Taulis
66,204,Taurinya
66,205,Tautavel
66,206,Le Tech
66,207,Terrats
66,208,Théza
66,209,Thuès-Entre-Valls
66,210,Thuir
66,211,Tordères
66,212,Torreilles
66,213,Toulouges
66,214,Tresserre
66,215,Trévillach
66,216,Trilla
66,217,Trouillas
66,218,Ur
66,219,Urbanya
66,220,Valcebollère
66,221,Valmanya
66,222,Vernet-les-Bains
66,223,Villefranche-de-Conflent
66,224,Villelongue-de-la-Salanque
66,225,Villelongue-dels-Monts
66,226,Villemolaque
66,227,Villeneuve-de-la-Raho
66,228,Villeneuve-la-Rivière
66,230,Vinça
66,231,Vingrau
66,232,Vira
66,233,Vivès
66,234,Le Vivier
67,001,Achenheim
67,002,Adamswiller
67,003,Albé
67,004,Sommerau
67,005,Alteckendorf
67,006,Altenheim
67,008,Altorf
67,009,Altwiller
67,010,Andlau
67,011,Artolsheim
67,012,Aschbach
67,013,Asswiller
67,016,Avolsheim
67,017,Baerendorf
67,018,Balbronn
67,019,Baldenheim
67,020,Barembach
67,021,Barr
67,022,Bassemberg
67,023,Batzendorf
67,025,Beinheim
67,026,Bellefosse
67,027,Belmont
67,028,Benfeld
67,029,Berg
67,030,Bergbieten
67,031,Bernardswiller
67,032,Bernardvillé
67,033,Bernolsheim
67,034,Berstett
67,035,Berstheim
67,036,Bettwiller
67,037,Biblisheim
67,038,Bietlenheim
67,039,Bilwisheim
67,040,Bindernheim
67,043,Bischheim
67,044,Bischholtz
67,045,Bischoffsheim
67,046,Bischwiller
67,047,Bissert
67,048,Bitschhoffen
67,049,Blaesheim
67,050,Blancherupt
67,051,Blienschwiller
67,052,Bœrsch
67,053,Bœsenbiesen
67,054,Bolsenheim
67,055,Boofzheim
67,056,Bootzheim
67,057,Bosselshausen
67,058,Bossendorf
67,059,Bourg-Bruche
67,060,Bourgheim
67,061,Bouxwiller
67,062,Breitenau
67,063,Breitenbach
67,065,Breuschwickersheim
67,066,La Broque
67,067,Brumath
67,068,Buswiller
67,069,Buhl
67,070,Burbach
67,071,Bust
67,072,Butten
67,073,Châtenois
67,074,Cleebourg
67,075,Climbach
67,076,Colroy-la-Roche
67,077,Cosswiller
67,078,Crastatt
67,079,Crœttwiller
67,080,Dachstein
67,081,Dahlenheim
67,082,Dalhunden
67,083,Dambach
67,084,Dambach-la-Ville
67,085,Dangolsheim
67,086,Daubensand
67,087,Dauendorf
67,088,Dehlingen
67,089,Dettwiller
67,090,Diebolsheim
67,091,Diedendorf
67,092,Dieffenbach-au-Val
67,093,Dieffenbach-lès-Wœrth
67,094,Dieffenthal
67,095,Diemeringen
67,096,Dimbsthal
67,097,Dingsheim
67,098,Dinsheim-sur-Bruche
67,099,Domfessel
67,100,Donnenheim
67,101,Dorlisheim
67,102,Dossenheim-Kochersberg
67,103,Dossenheim-sur-Zinsel
67,104,Drachenbronn-Birlenbach
67,105,Drulingen
67,106,Drusenheim
67,107,Duntzenheim
67,108,Duppigheim
67,109,Durningen
67,110,Durrenbach
67,111,Durstel
67,112,Duttlenheim
67,113,Eberbach-Seltz
67,115,Ebersheim
67,116,Ebersmunster
67,117,Eckartswiller
67,118,Eckbolsheim
67,119,Eckwersheim
67,120,Eichhoffen
67,121,Elsenheim
67,122,Wangenbourg-Engenthal
67,123,Engwiller
67,124,Entzheim
67,125,Epfig
67,126,Erckartswiller
67,127,Ergersheim
67,128,Ernolsheim-Bruche
67,129,Ernolsheim-lès-Saverne
67,130,Erstein
67,131,Eschau
67,132,Eschbach
67,133,Eschbourg
67,134,Eschwiller
67,135,Ettendorf
67,136,Eywiller
67,137,Fegersheim
67,138,Fessenheim-le-Bas
67,139,Flexbourg
67,140,Forstfeld
67,141,Forstheim
67,142,Fort-Louis
67,143,Fouchy
67,144,Fouday
67,145,Friedolsheim
67,146,Friesenheim
67,147,Frœschwiller
67,148,Frohmuhl
67,149,Furchhausen
67,150,Furdenheim
67,151,Gambsheim
67,152,Geispolsheim
67,153,Geiswiller-Zœbersdorf
67,154,Gerstheim
67,155,Gertwiller
67,156,Geudertheim
67,159,Gœrlingen
67,160,Gœrsdorf
67,161,Gottenhouse
67,162,Gottesheim
67,163,Gougenheim
67,164,Goxwiller
67,165,Grandfontaine
67,166,Grassendorf
67,167,Grendelbruch
67,168,Gresswiller
67,169,Gries
67,172,Griesheim-près-Molsheim
67,173,Griesheim-sur-Souffel
67,174,Gumbrechtshoffen
67,176,Gundershoffen
67,177,Gunstett
67,178,Gungwiller
67,179,Haegen
67,180,Haguenau
67,181,Handschuheim
67,182,Hangenbieten
67,183,Harskirchen
67,184,Hatten
67,185,Hattmatt
67,186,Hegeney
67,187,Heidolsheim
67,188,Heiligenberg
67,189,Heiligenstein
67,190,Hengwiller
67,191,Herbitzheim
67,192,Herbsheim
67,194,Herrlisheim
67,195,Hessenheim
67,196,Hilsenheim
67,197,Hindisheim
67,198,Hinsbourg
67,199,Hinsingen
67,200,Hipsheim
67,201,Hirschland
67,202,Hochfelden
67,203,Hochstett
67,204,Hœnheim
67,205,Hœrdt
67,206,Hoffen
67,208,Hohengœft
67,209,Hohfrankenheim
67,210,Le Hohwald
67,212,Holtzheim
67,213,Hunspach
67,214,Hurtigheim
67,215,Huttendorf
67,216,Huttenheim
67,217,Ichtratzheim
67,218,Illkirch-Graffenstaden
67,220,Ingenheim
67,221,Ingolsheim
67,222,Ingwiller
67,223,Innenheim
67,225,Issenhausen
67,226,Ittenheim
67,227,Itterswiller
67,228,Neugartheim-Ittlenheim
67,229,Jetterswiller
67,230,Kaltenhouse
67,231,Kauffenheim
67,232,Keffenach
67,233,Kertzfeld
67,234,Keskastel
67,235,Kesseldorf
67,236,Kienheim
67,237,Kilstett
67,238,Kindwiller
67,239,Kintzheim
67,240,Kirchheim
67,241,Kirrberg
67,242,Kirrwiller
67,244,Kleingœft
67,245,Knœrsheim
67,246,Kogenheim
67,247,Kolbsheim
67,248,Krautergersheim
67,249,Krautwiller
67,250,Kriegsheim
67,252,Kurtzenhouse
67,253,Kuttolsheim
67,254,Kutzenhausen
67,255,Lalaye
67,256,Lampertheim
67,257,Lampertsloch
67,258,Landersheim
67,259,Langensoultzbach
67,260,Laubach
67,261,Lauterbourg
67,263,Lembach
67,264,Leutenheim
67,265,Lichtenberg
67,266,Limersheim
67,267,Lingolsheim
67,268,Lipsheim
67,269,Littenheim
67,270,Lixhausen
67,271,Lobsann
67,272,Lochwiller
67,273,Lohr
67,274,Lorentzen
67,275,Lupstein
67,276,Lutzelhouse
67,277,Mackenheim
67,278,Mackwiller
67,279,Maennolsheim
67,280,Maisonsgoutte
67,281,Marckolsheim
67,282,Marlenheim
67,283,Marmoutier
67,285,Matzenheim
67,286,Meistratzheim
67,287,Melsheim
67,288,Memmelshoffen
67,289,Menchhoffen
67,290,Merkwiller-Pechelbronn
67,291,Mertzwiller
67,292,Mietesheim
67,293,Minversheim
67,295,Mittelbergheim
67,296,Mittelhausbergen
67,298,Mittelschaeffolsheim
67,299,Mollkirch
67,300,Molsheim
67,301,Mommenheim
67,302,Monswiller
67,303,Morsbronn-les-Bains
67,304,Morschwiller
67,305,Mothern
67,306,Muhlbach-sur-Bruche
67,307,Mulhausen
67,308,Munchhausen
67,309,Mundolsheim
67,310,Mussig
67,311,Muttersholtz
67,312,Mutzenhouse
67,313,Mutzig
67,314,Natzwiller
67,315,Neewiller-près-Lauterbourg
67,317,Neubois
67,319,Neuhaeusel
67,320,Neuve-Église
67,321,Neuviller-la-Roche
67,322,Neuwiller-lès-Saverne
67,324,Niederbronn-les-Bains
67,325,Niederhaslach
67,326,Niederhausbergen
67,327,Niederlauterbach
67,328,Niedermodern
67,329,Niedernai
67,330,Niederrœdern
67,331,Niederschaeffolsheim
67,333,Niedersoultzbach
67,334,Niedersteinbach
67,335,Nordheim
67,336,Nordhouse
67,337,Nothalten
67,338,Obenheim
67,339,Betschdorf
67,340,Oberbronn
67,341,Oberdorf-Spachbach
67,342,Oberhaslach
67,343,Oberhausbergen
67,344,Oberhoffen-lès-Wissembourg
67,345,Oberhoffen-sur-Moder
67,346,Oberlauterbach
67,347,Obermodern-Zutzendorf
67,348,Obernai
67,349,Oberrœdern
67,350,Oberschaeffolsheim
67,351,Seebach
67,352,Obersoultzbach
67,353,Obersteinbach
67,354,Odratzheim
67,355,Oermingen
67,356,Offendorf
67,358,Offwiller
67,359,Ohlungen
67,360,Ohnenheim
67,361,Olwisheim
67,362,Orschwiller
67,363,Osthoffen
67,364,Osthouse
67,365,Ostwald
67,366,Ottersthal
67,367,Otterswiller
67,368,Ottrott
67,369,Ottwiller
67,370,Petersbach
67,371,La Petite-Pierre
67,372,Val-de-Moder
67,373,Pfalzweyer
67,375,Pfulgriesheim
67,377,Plaine
67,378,Plobsheim
67,379,Preuschdorf
67,380,Printzheim
67,381,Puberg
67,382,Quatzenheim
67,383,Rangen
67,384,Ranrupt
67,385,Ratzwiller
67,386,Rauwiller
67,387,Reichsfeld
67,388,Reichshoffen
67,389,Reichstett
67,391,Reinhardsmunster
67,392,Reipertswiller
67,394,Retschwiller
67,395,Reutenbourg
67,396,Rexingen
67,397,Rhinau
67,398,Richtolsheim
67,400,Riedseltz
67,401,Rimsdorf
67,403,Ringendorf
67,404,Rittershoffen
67,405,Rœschwoog
67,406,Rohr
67,407,Rohrwiller
67,408,Romanswiller
67,409,Roppenheim
67,410,Rosenwiller
67,411,Rosheim
67,412,Rossfeld
67,413,Rosteig
67,414,Rothau
67,415,Rothbach
67,416,Rott
67,417,Rottelsheim
67,418,Rountzenheim-Auenheim
67,420,Russ
67,421,Saales
67,422,Saasenheim
67,423,Saessolsheim
67,424,Saint-Blaise-la-Roche
67,425,Saint-Jean-Saverne
67,426,Saint-Martin
67,427,Saint-Maurice
67,428,Saint-Nabor
67,429,Saint-Pierre
67,430,Saint-Pierre-Bois
67,432,Salmbach
67,433,Sand
67,434,Sarre-Union
67,435,Sarrewerden
67,436,Saulxures
67,437,Saverne
67,438,Schaeffersheim
67,440,Schaffhouse-près-Seltz
67,441,Schalkendorf
67,442,Scharrachbergheim-Irmstett
67,443,Scheibenhard
67,444,Scherlenheim
67,445,Scherwiller
67,446,Schillersdorf
67,447,Schiltigheim
67,448,Schirmeck
67,449,Schirrhein
67,450,Schirrhoffen
67,451,Schleithal
67,452,Schnersheim
67,453,Schœnau
67,454,Schœnbourg
67,455,Schœnenbourg
67,456,Schopperten
67,458,Schweighouse-sur-Moder
67,459,Schwenheim
67,460,Schwindratzheim
67,461,Schwobsheim
67,462,Sélestat
67,463,Seltz
67,464,Sermersheim
67,465,Sessenheim
67,466,Siegen
67,467,Siewiller
67,468,Siltzheim
67,470,Solbach
67,471,Souffelweyersheim
67,472,Soufflenheim
67,473,Soultz-les-Bains
67,474,Soultz-sous-Forêts
67,475,Sparsbach
67,476,Stattmatten
67,477,Steige
67,478,Steinbourg
67,479,Steinseltz
67,480,Still
67,481,Stotzheim
67,482,Strasbourg
67,483,Struth
67,484,Stundwiller
67,485,Stutzheim-Offenheim
67,486,Sundhouse
67,487,Surbourg
67,488,Thal-Drulingen
67,489,Thal-Marmoutier
67,490,Thanvillé
67,491,Tieffenbach
67,492,Traenheim
67,493,Triembach-au-Val
67,494,Trimbach
67,495,Truchtersheim
67,497,Uhlwiller
67,498,Uhrwiller
67,499,Urbeis
67,500,Urmatt
67,501,Uttenheim
67,502,Uttenhoffen
67,503,Uttwiller
67,504,Valff
67,505,La Vancelle
67,506,Vendenheim
67,507,Villé
67,508,Vœllerdingen
67,509,Volksberg
67,510,Wahlenheim
67,511,Walbourg
67,513,Waldersbach
67,514,Waldhambach
67,515,Waldolwisheim
67,516,Waltenheim-sur-Zorn
67,517,Wangen
67,519,La Wantzenau
67,520,Wasselonne
67,521,Weinbourg
67,522,Weislingen
67,523,Weitbruch
67,524,Weiterswiller
67,525,Westhoffen
67,526,Westhouse
67,527,Westhouse-Marmoutier
67,528,Weyer
67,529,Weyersheim
67,530,Wickersheim-Wilshausen
67,531,Wildersbach
67,532,Willgottheim
67,534,Wilwisheim
67,535,Wimmenau
67,536,Windstein
67,537,Wingen
67,538,Wingen-sur-Moder
67,539,Wingersheim les Quatre Bans
67,540,Wintershouse
67,541,Wintzenbach
67,542,Wintzenheim-Kochersberg
67,543,Wisches
67,544,Wissembourg
67,545,Witternheim
67,546,Wittersheim
67,547,Wittisheim
67,548,Wiwersheim
67,550,Wœrth
67,551,Wolfisheim
67,552,Wolfskirchen
67,553,Wolschheim
67,554,Wolxheim
67,555,Zehnacker
67,556,Zeinheim
67,557,Zellwiller
67,558,Zinswiller
67,559,Zittersheim
68,001,Algolsheim
68,002,Altenach
68,004,Altkirch
68,005,Ammerschwihr
68,006,Bernwiller
68,007,Andolsheim
68,008,Appenwihr
68,009,Artzenheim
68,010,Aspach
68,011,Aspach-le-Bas
68,012,Aspach-Michelbach
68,013,Attenschwiller
68,014,Aubure
68,015,Baldersheim
68,016,Balgau
68,017,Ballersdorf
68,018,Balschwiller
68,019,Baltzenheim
68,020,Bantzenheim
68,021,Bartenheim
68,022,Battenheim
68,023,Beblenheim
68,024,Bellemagny
68,025,Bendorf
68,026,Bennwihr
68,027,Berentzwiller
68,028,Bergheim
68,029,Bergholtz
68,030,Bergholtzzell
68,032,Berrwiller
68,033,Bettendorf
68,034,Bettlach
68,035,Biederthal
68,036,Biesheim
68,037,Biltzheim
68,038,Bischwihr
68,039,Bisel
68,040,Bitschwiller-lès-Thann
68,041,Blodelsheim
68,042,Blotzheim
68,043,Bollwiller
68,044,Le Bonhomme
68,045,Bourbach-le-Bas
68,046,Bourbach-le-Haut
68,049,Bouxwiller
68,050,Bréchaumont
68,051,Breitenbach-Haut-Rhin
68,052,Bretten
68,054,Brinckheim
68,055,Bruebach
68,056,Brunstatt-Didenheim
68,057,Buethwiller
68,058,Buhl
68,059,Burnhaupt-le-Bas
68,060,Burnhaupt-le-Haut
68,061,Buschwiller
68,062,Carspach
68,063,Cernay
68,064,Chalampé
68,065,Chavannes-sur-l'Étang
68,066,Colmar
68,067,Courtavon
68,068,Dannemarie
68,069,Dessenheim
68,071,Diefmatten
68,072,Dietwiller
68,073,Dolleren
68,074,Durlinsdorf
68,075,Durmenach
68,076,Durrenentzen
68,077,Eglingen
68,078,Eguisheim
68,079,Elbach
68,080,Emlingen
68,081,Saint-Bernard
68,082,Ensisheim
68,083,Eschbach-au-Val
68,084,Eschentzwiller
68,085,Eteimbes
68,086,Falkwiller
68,087,Feldbach
68,088,Feldkirch
68,089,Fellering
68,090,Ferrette
68,091,Fessenheim
68,092,Fislis
68,093,Flaxlanden
68,094,Folgensbourg
68,095,Fortschwihr
68,096,Franken
68,097,Fréland
68,098,Friesen
68,099,Frœningen
68,100,Fulleren
68,101,Galfingue
68,102,Geishouse
68,103,Geispitzen
68,104,Geiswasser
68,105,Gildwiller
68,106,Goldbach-Altenbach
68,107,Gommersdorf
68,109,Griesbach-au-Val
68,110,Grussenheim
68,111,Gueberschwihr
68,112,Guebwiller
68,113,Guémar
68,114,Guevenatten
68,115,Guewenheim
68,116,Gundolsheim
68,117,Gunsbach
68,118,Habsheim
68,119,Hagenbach
68,120,Hagenthal-le-Bas
68,121,Hagenthal-le-Haut
68,122,Hartmannswiller
68,123,Hattstatt
68,124,Hausgauen
68,125,Hecken
68,126,Hégenheim
68,127,Heidwiller
68,128,Heimersdorf
68,129,Heimsbrunn
68,130,Heiteren
68,131,Heiwiller
68,132,Helfrantzkirch
68,134,Herrlisheim-près-Colmar
68,135,Hésingue
68,136,Hettenschlag
68,137,Hindlingen
68,138,Hirsingue
68,139,Hirtzbach
68,140,Hirtzfelden
68,141,Hochstatt
68,142,Hohrod
68,143,Porte du Ried
68,144,Hombourg
68,145,Horbourg-Wihr
68,146,Houssen
68,147,Hunawihr
68,148,Hundsbach
68,149,Huningue
68,150,Husseren-les-Châteaux
68,151,Husseren-Wesserling
68,152,Illfurth
68,153,Illhaeusern
68,154,Illzach
68,155,Ingersheim
68,156,Issenheim
68,157,Jebsheim
68,158,Jettingen
68,159,Jungholtz
68,160,Kappelen
68,161,Katzenthal
68,162,Kaysersberg Vignoble
68,163,Kembs
68,165,Kiffis
68,166,Kingersheim
68,167,Kirchberg
68,168,Knœringue
68,169,Kœstlach
68,170,Kœtzingue
68,171,Kruth
68,172,Kunheim
68,173,Labaroche
68,174,Landser
68,175,Lapoutroie
68,176,Largitzen
68,177,Lautenbach
68,178,Lautenbachzell
68,179,Lauw
68,180,Leimbach
68,181,Levoncourt
68,182,Leymen
68,183,Liebenswiller
68,184,Liebsdorf
68,185,Lièpvre
68,186,Ligsdorf
68,187,Linsdorf
68,188,Linthal
68,189,Logelheim
68,190,Lucelle
68,191,Luemschwiller
68,192,Valdieu-Lutran
68,193,Luttenbach-près-Munster
68,194,Lutter
68,195,Lutterbach
68,196,Magny
68,197,Magstatt-le-Bas
68,198,Magstatt-le-Haut
68,199,Malmerspach
68,200,Manspach
68,201,Masevaux-Niederbruck
68,202,Mertzen
68,203,Merxheim
68,204,Metzeral
68,205,Meyenheim
68,207,Michelbach-le-Bas
68,208,Michelbach-le-Haut
68,209,Mittelwihr
68,210,Mittlach
68,211,Mitzach
68,212,Mœrnach
68,213,Mollau
68,214,Montreux-Jeune
68,215,Montreux-Vieux
68,216,Mooslargue
68,217,Moosch
68,218,Morschwiller-le-Bas
68,219,Le Haut Soultzbach
68,221,Muespach
68,222,Muespach-le-Haut
68,223,Muhlbach-sur-Munster
68,224,Mulhouse
68,225,Munchhouse
68,226,Munster
68,227,Muntzenheim
68,228,Munwiller
68,229,Murbach
68,230,Nambsheim
68,231,Neuf-Brisach
68,232,Neuwiller
68,234,Niederentzen
68,235,Niederhergheim
68,237,Niedermorschwihr
68,238,Niffer
68,239,Oberbruck
68,240,Illtal
68,241,Oberentzen
68,242,Oberhergheim
68,243,Oberlarg
68,244,Obermorschwihr
68,245,Obermorschwiller
68,246,Obersaasheim
68,247,Oderen
68,248,Oltingue
68,249,Orbey
68,250,Orschwihr
68,251,Osenbach
68,252,Ostheim
68,253,Ottmarsheim
68,254,Petit-Landau
68,255,Pfaffenheim
68,256,Pfastatt
68,257,Pfetterhouse
68,258,Pulversheim
68,259,Raedersdorf
68,260,Raedersheim
68,261,Rammersmatt
68,262,Ranspach
68,263,Ranspach-le-Bas
68,264,Ranspach-le-Haut
68,265,Rantzwiller
68,266,Réguisheim
68,267,Reiningue
68,268,Retzwiller
68,269,Ribeauvillé
68,270,Richwiller
68,271,Riedisheim
68,273,Riespach
68,274,Rimbach-près-Guebwiller
68,275,Rimbach-près-Masevaux
68,276,Rimbachzell
68,277,Riquewihr
68,278,Rixheim
68,279,Roderen
68,280,Rodern
68,281,Roggenhouse
68,282,Romagny
68,283,Rombach-le-Franc
68,284,Roppentzwiller
68,285,Rorschwihr
68,286,Rosenau
68,287,Rouffach
68,288,Ruederbach
68,289,Ruelisheim
68,290,Rustenhart
68,291,Rumersheim-le-Haut
68,292,Saint-Amarin
68,293,Saint-Cosme
68,294,Sainte-Croix-aux-Mines
68,295,Sainte-Croix-en-Plaine
68,296,Saint-Hippolyte
68,297,Saint-Louis
68,298,Sainte-Marie-aux-Mines
68,299,Saint-Ulrich
68,300,Sausheim
68,301,Schlierbach
68,302,Schweighouse-Thann
68,303,Schwoben
68,304,Sentheim
68,305,Seppois-le-Bas
68,306,Seppois-le-Haut
68,307,Sewen
68,308,Sickert
68,309,Sierentz
68,311,Sondernach
68,312,Sondersdorf
68,313,Soppe-le-Bas
68,315,Soultz-Haut-Rhin
68,316,Soultzbach-les-Bains
68,317,Soultzeren
68,318,Soultzmatt
68,320,Spechbach
68,321,Staffelfelden
68,322,Steinbach
68,323,Steinbrunn-le-Bas
68,324,Steinbrunn-le-Haut
68,325,Steinsoultz
68,326,Sternenberg
68,327,Stetten
68,328,Storckensohn
68,329,Stosswihr
68,330,Strueth
68,331,Sundhoffen
68,332,Tagolsheim
68,333,Tagsdorf
68,334,Thann
68,335,Thannenkirch
68,336,Traubach-le-Bas
68,337,Traubach-le-Haut
68,338,Turckheim
68,340,Ueberstrass
68,341,Uffheim
68,342,Uffholtz
68,343,Ungersheim
68,344,Urbès
68,345,Urschenheim
68,347,Vieux-Ferrette
68,348,Vieux-Thann
68,349,Village-Neuf
68,350,Vœgtlinshoffen
68,351,Vogelgrun
68,352,Volgelsheim
68,353,Wahlbach
68,354,Walbach
68,355,Waldighoffen
68,356,Walheim
68,357,Waltenheim
68,358,Wasserbourg
68,359,Wattwiller
68,360,Weckolsheim
68,361,Wegscheid
68,362,Wentzwiller
68,363,Werentzhouse
68,364,Westhalten
68,365,Wettolsheim
68,366,Wickerschwihr
68,367,Widensolen
68,368,Wihr-au-Val
68,370,Wildenstein
68,371,Willer
68,372,Willer-sur-Thur
68,373,Winkel
68,374,Wintzenheim
68,375,Wittelsheim
68,376,Wittenheim
68,377,Wittersdorf
68,378,Wolfersdorf
68,379,Wolfgantzen
68,380,Wolschwiller
68,381,Wuenheim
68,382,Zaessingue
68,383,Zellenberg
68,384,Zillisheim
68,385,Zimmerbach
68,386,Zimmersheim
69,001,Affoux
69,002,Aigueperse
69,003,Albigny-sur-Saône
69,004,Alix
69,005,Ambérieux
69,006,Amplepuis
69,007,Ampuis
69,008,Ancy
69,009,Anse
69,010,L'Arbresle
69,012,Les Ardillats
69,013,Arnas
69,014,Aveize
69,016,Azolette
69,017,Bagnols
69,018,Beaujeu
69,019,Belleville-en-Beaujolais
69,020,Belmont-d'Azergues
69,021,Bessenay
69,022,Bibost
69,023,Blacé
69,024,Val d'Oingt
69,026,Le Breuil
69,027,Brignais
69,028,Brindas
69,029,Bron
69,030,Brullioles
69,031,Brussieu
69,032,Bully
69,033,Cailloux-sur-Fontaines
69,034,Caluire-et-Cuire
69,035,Cenves
69,036,Cercié
69,037,Chambost-Allières
69,038,Chambost-Longessaigne
69,039,Chamelet
69,040,Champagne-au-Mont-d'Or
69,042,La Chapelle-sur-Coise
69,043,Chaponost
69,044,Charbonnières-les-Bains
69,045,Charentay
69,046,Charly
69,047,Charnay
69,049,Chasselay
69,050,Châtillon
69,051,Chaussan
69,052,Chazay-d'Azergues
69,053,Chénas
69,054,Chénelette
69,055,Les Chères
69,056,Chessy
69,057,Chevinay
69,058,Chiroubles
69,059,Civrieux-d'Azergues
69,060,Claveisolles
69,061,Cogny
69,062,Coise
69,063,Collonges-au-Mont-d'Or
69,064,Condrieu
69,065,Corcelles-en-Beaujolais
69,066,Cours
69,067,Courzieu
69,068,Couzon-au-Mont-d'Or
69,069,Craponne
69,070,Cublize
69,071,Curis-au-Mont-d'Or
69,072,Dardilly
69,074,Denicé
69,075,Dième
69,076,Dommartin
69,077,Dracé
69,078,Duerne
69,080,Échalas
69,081,Écully
69,082,Émeringes
69,083,Éveux
69,084,Fleurie
69,085,Fleurieu-sur-Saône
69,086,Fleurieux-sur-l'Arbresle
69,087,Fontaines-Saint-Martin
69,088,Fontaines-sur-Saône
69,089,Francheville
69,090,Frontenas
69,091,Givors
69,092,Gleizé
69,093,Grandris
69,094,Grézieu-la-Varenne
69,095,Grézieu-le-Marché
69,096,Grigny-sur-Rhône
69,097,Les Haies
69,098,Les Halles
69,099,Haute-Rivoire
69,100,Irigny
69,102,Joux
69,103,Juliénas
69,104,Jullié
69,105,Lacenas
69,106,Lachassagne
69,107,Lamure-sur-Azergues
69,108,Lancié
69,109,Lantignié
69,110,Larajasse
69,111,Légny
69,112,Lentilly
69,113,Létra
69,114,Porte des Pierres Dorées
69,115,Limas
69,116,Limonest
69,117,Lissieu
69,118,Loire-sur-Rhône
69,119,Longes
69,120,Longessaigne
69,121,Lozanne
69,122,Lucenay
69,123,Lyon
69,124,Marchampt
69,125,Marcilly-d'Azergues
69,126,Marcy
69,127,Marcy-l'Étoile
69,130,Meaux-la-Montagne
69,131,Messimy
69,132,Meys
69,133,Millery
69,134,Moiré
69,135,Deux-Grosnes
69,136,Montagny
69,137,Montmelas-Saint-Sorlin
69,138,Montromant
69,139,Montrottier
69,140,Morancé
69,141,Mornant
69,142,La Mulatière
69,143,Neuville-sur-Saône
69,145,Odenas
69,148,Orliénas
69,149,Oullins-Pierre-Bénite
69,151,Le Perréon
69,153,Poleymieux-au-Mont-d'Or
69,154,Pollionnay
69,155,Pomeys
69,156,Pommiers
69,157,Vindry-sur-Turdine
69,160,Poule-les-Écharmeaux
69,161,Propières
69,162,Quincié-en-Beaujolais
69,163,Quincieux
69,164,Ranchal
69,165,Régnié-Durette
69,166,Riverie
69,167,Rivolet
69,168,Rochetaillée-sur-Saône
69,169,Ronno
69,170,Rontalon
69,171,Sain-Bel
69,172,Salles-Arbuissonnas-en-Beaujolais
69,173,Sarcey
69,174,Les Sauvages
69,175,Savigny
69,176,Soucieu-en-Jarrest
69,177,Sourcieux-les-Mines
69,178,Souzy
69,179,Beauvallon
69,180,Saint-André-la-Côte
69,181,Saint-Appolinaire
69,182,Saint-Bonnet-des-Bruyères
69,183,Saint-Bonnet-le-Troncy
69,184,Sainte-Catherine
69,186,Saint-Clément-de-Vers
69,187,Saint-Clément-les-Places
69,188,Saint-Clément-sur-Valsonne
69,189,Sainte-Colombe
69,190,Sainte-Consorce
69,191,Saint-Cyr-au-Mont-d'Or
69,192,Saint-Cyr-le-Chatoux
69,193,Saint-Cyr-sur-le-Rhône
69,194,Saint-Didier-au-Mont-d'Or
69,196,Saint-Didier-sur-Beaujeu
69,197,Saint-Étienne-des-Oullières
69,198,Saint-Étienne-la-Varenne
69,199,Saint-Fons
69,200,Saint-Forgeux
69,201,Sainte-Foy-l'Argentière
69,202,Sainte-Foy-lès-Lyon
69,203,Saint-Genis-l'Argentière
69,204,Saint-Genis-Laval
69,205,Saint-Genis-les-Ollières
69,206,Saint-Georges-de-Reneins
69,207,Saint-Germain-au-Mont-d'Or
69,208,Saint-Germain-Nuelles
69,209,Saint-Igny-de-Vers
69,212,Saint-Jean-des-Vignes
69,214,Saint-Jean-la-Bussière
69,215,Saint-Julien
69,216,Saint-Julien-sur-Bibost
69,217,Saint-Just-d'Avray
69,218,Saint-Lager
69,219,Saint-Laurent-d'Agny
69,220,Saint-Laurent-de-Chamousset
69,225,Saint-Marcel-l'Éclairé
69,227,Saint-Martin-en-Haut
69,228,Chabanière
69,229,Saint-Nizier-d'Azergues
69,230,Sainte-Paule
69,231,Saint-Pierre-la-Palud
69,233,Saint-Romain-au-Mont-d'Or
69,234,Saint-Romain-de-Popey
69,235,Saint-Romain-en-Gal
69,236,Saint-Romain-en-Gier
69,238,Saint-Symphorien-sur-Coise
69,239,Saint-Vérand
69,240,Saint-Vincent-de-Reins
69,241,Taluyers
69,242,Taponas
69,243,Tarare
69,244,Tassin-la-Demi-Lune
69,245,Ternand
69,246,Theizé
69,248,Thizy-les-Bourgs
69,249,Thurins
69,250,La Tour-de-Salvagny
69,252,Trèves
69,253,Tupin-et-Semons
69,254,Valsonne
69,255,Vaugneray
69,256,Vaulx-en-Velin
69,257,Vaux-en-Beaujolais
69,258,Vauxrenard
69,259,Vénissieux
69,260,Vernaison
69,261,Vernay
69,263,Villechenève
69,264,Villefranche-sur-Saône
69,265,Ville-sur-Jarnioux
69,266,Villeurbanne
69,267,Villié-Morgon
69,268,Vourles
69,269,Yzeron
69,270,Chaponnay
69,271,Chassieu
69,272,Communay
69,273,Corbas
69,275,Décines-Charpieu
69,276,Feyzin
69,277,Genas
69,278,Genay
69,279,Jonage
69,280,Jons
69,281,Marennes
69,282,Meyzieu
69,283,Mions
69,284,Montanay
69,285,Pusignan
69,286,Rillieux-la-Pape
69,287,Saint-Bonnet-de-Mure
69,288,Saint-Laurent-de-Mure
69,289,Saint-Pierre-de-Chandieu
69,290,Saint-Priest
69,291,Saint-Symphorien-d'Ozon
69,292,Sathonay-Camp
69,293,Sathonay-Village
69,294,Sérézin-du-Rhône
69,295,Simandres
69,296,Solaize
69,297,Ternay
69,298,Toussieu
69,299,Colombier-Saugnieu
70,001,Abelcourt
70,002,Aboncourt-Gesincourt
70,003,Achey
70,004,Adelans-et-le-Val-de-Bithaine
70,005,Aillevans
70,006,Aillevillers-et-Lyaumont
70,007,Ailloncourt
70,008,Ainvelle
70,009,Aisey-et-Richecourt
70,010,Alaincourt
70,011,Amage
70,012,Amance
70,013,Ambiévillers
70,014,Amblans-et-Velotte
70,015,Amoncourt
70,016,Amont-et-Effreney
70,017,Anchenoncourt-et-Chazel
70,018,Ancier
70,019,Andelarre
70,020,Andelarrot
70,021,Andornay
70,022,Angirey
70,023,Anjeux
70,024,Apremont
70,025,Arbecey
70,026,Arc-lès-Gray
70,027,Argillières
70,028,Aroz
70,029,Arpenans
70,030,Arsans
70,031,Athesans-Étroitefontaine
70,032,Attricourt
70,035,Augicourt
70,036,Aulx-lès-Cromary
70,037,Autet
70,038,Authoison
70,039,Autoreille
70,040,Autrey-lès-Cerre
70,041,Autrey-lès-Gray
70,042,Autrey-le-Vay
70,043,Auvet-et-la-Chapelotte
70,044,Auxon
70,045,Avrigney-Virey
70,046,Les Aynans
70,047,Baignes
70,048,Bard-lès-Pesmes
70,049,Barges
70,050,La Barre
70,051,La Basse-Vaivre
70,052,Bassigney
70,053,Les Bâties
70,054,Battrans
70,055,Baudoncourt
70,056,Baulay
70,057,Bay
70,058,Beaujeu-Saint-Vallier-Pierrejux-et-Quitteur
70,059,Beaumotte-Aubertans
70,060,Beaumotte-lès-Pin
70,061,Belfahy
70,062,Belmont
70,063,Belonchamp
70,064,Belverne
70,065,Besnans
70,066,Betaucourt
70,067,Betoncourt-lès-Brotte
70,069,Betoncourt-Saint-Pancras
70,070,Betoncourt-sur-Mance
70,071,Beulotte-Saint-Laurent
70,072,Beveuge
70,074,Blondefontaine
70,075,Bonboillon
70,076,Bonnevent-Velloreille
70,077,Borey
70,078,Bougey
70,079,Bougnon
70,080,Bouhans-et-Feurg
70,081,Bouhans-lès-Lure
70,082,Bouhans-lès-Montbozon
70,083,Bouligney
70,084,Boulot
70,085,Boult
70,086,Bourbévelle
70,087,Bourguignon-lès-Conflans
70,088,Bourguignon-lès-la-Charité
70,089,Bourguignon-lès-Morey
70,090,Boursières
70,091,Bousseraucourt
70,092,Bresilley
70,093,Breuches
70,094,Breuchotte
70,095,Breurey-lès-Faverney
70,096,Brevilliers
70,097,Briaucourt
70,098,Brotte-lès-Luxeuil
70,099,Brotte-lès-Ray
70,100,Broye-les-Loups-et-Verfontaine
70,101,Broye-Aubigney-Montseugny
70,102,Brussey
70,103,La Bruyère
70,104,Bucey-lès-Gy
70,105,Bucey-lès-Traves
70,106,Buffignécourt
70,107,Bussières
70,109,Buthiers
70,111,Calmoutier
70,112,Cemboing
70,113,Cenans
70,114,Cendrecourt
70,115,Cerre-lès-Noroy
70,116,Chagey
70,117,Châlonvillars
70,118,Chambornay-lès-Bellevaux
70,119,Chambornay-lès-Pin
70,120,Champagney
70,121,Champey
70,122,Champlitte
70,124,Champtonnay
70,125,Champvans
70,126,Chancey
70,127,Chantes
70,128,La Chapelle-lès-Luxeuil
70,129,La Chapelle-Saint-Quillain
70,130,Charcenne
70,132,Chargey-lès-Gray
70,133,Chargey-lès-Port
70,134,Chariez
70,135,Charmes-Saint-Valbert
70,136,Charmoille
70,137,Chassey-lès-Montbozon
70,138,Chassey-lès-Scey
70,140,Châteney
70,141,Châtenois
70,142,Chaumercenne
70,143,Chauvirey-le-Châtel
70,144,Chauvirey-le-Vieil
70,145,Chaux-la-Lotière
70,146,Chaux-lès-Port
70,147,Chavanne
70,148,Chemilly
70,149,Chenebier
70,150,Chenevrey-et-Morogne
70,151,Chevigney
70,152,Colombine
70,153,Cintrey
70,154,Cirey
70,155,Citers
70,156,Citey
70,157,Clairegoutte
70,158,Clans
70,159,Cognières
70,160,Coisevaux
70,162,Colombe-lès-Vesoul
70,163,Colombier
70,164,Colombotte
70,165,Combeaufontaine
70,166,Comberjon
70,167,Conflandey
70,168,Conflans-sur-Lanterne
70,169,Confracourt
70,170,Contréglise
70,171,Corbenay
70,172,La Corbière
70,174,Cordonnet
70,175,Cornot
70,176,Corravillers
70,177,Corre
70,178,La Côte
70,179,Coulevon
70,180,Belles-Fontaines
70,181,Courcuire
70,182,Courmont
70,183,Courtesoult-et-Gatey
70,184,Couthenans
70,185,Cresancey
70,186,La Creuse
70,187,Crevans-et-la-Chapelle-lès-Granges
70,188,Creveney
70,189,Cromary
70,190,Cubry-lès-Faverney
70,192,Cugney
70,193,Cult
70,194,Cuve
70,195,Dambenoît-lès-Colombe
70,196,Dampierre-lès-Conflans
70,197,Dampierre-sur-Linotte
70,198,Dampierre-sur-Salon
70,199,Dampvalley-lès-Colombe
70,200,Dampvalley-Saint-Pancras
70,201,Delain
70,202,Demangevelle
70,203,La Demie
70,204,Denèvre
70,205,Échavanne
70,206,Échenans-sous-Mont-Vaudois
70,207,Échenoz-la-Méline
70,208,Échenoz-le-Sec
70,210,Écromagny
70,211,Écuelle
70,213,Éhuns
70,214,Équevilley
70,215,Errevet
70,216,Esboz-Brest
70,217,Esmoulières
70,218,Esmoulins
70,219,Esprels
70,220,Essertenne-et-Cecey
70,221,Étobon
70,222,Étrelles-et-la-Montbleuse
70,224,Étuz
70,225,Fahy-lès-Autrey
70,226,Fallon
70,227,Faucogney-et-la-Mer
70,228,Faverney
70,229,Faymont
70,230,Fédry
70,231,Ferrières-lès-Ray
70,232,Ferrières-lès-Scey
70,233,Les Fessey
70,234,Filain
70,235,Flagy
70,236,Fleurey-lès-Faverney
70,237,Fleurey-lès-Lavoncourt
70,238,Fleurey-lès-Saint-Loup
70,239,Fondremand
70,240,Fontaine-lès-Luxeuil
70,242,Fontenois-la-Ville
70,243,Fontenois-lès-Montbozon
70,244,Fouchécourt
70,245,Fougerolles-Saint-Valbert
70,247,Fouvent-Saint-Andoche
70,248,Frahier-et-Chatebier
70,249,Francalmont
70,250,Franchevelle
70,251,Francourt
70,252,Framont
70,253,Frasne-le-Château
70,254,Frédéric-Fontaine
70,255,Fresne-Saint-Mamès
70,256,Fresse
70,257,Fretigney-et-Velloreille
70,258,Froideconche
70,259,Froideterre
70,260,Frotey-lès-Lure
70,261,Frotey-lès-Vesoul
70,262,Genevreuille
70,263,Genevrey
70,265,Germigney
70,267,Gevigney-et-Mercey
70,268,Gézier-et-Fontenelay
70,269,Girefontaine
70,271,Gouhenans
70,272,Gourgeon
70,273,Grammont
70,274,Grandecourt
70,275,Grandvelle-et-le-Perrenot
70,276,Granges-la-Ville
70,277,Granges-le-Bourg
70,278,Grattery
70,279,Gray
70,280,Gray-la-Ville
70,282,Gy
70,283,Haut-du-Them-Château-Lambert
70,284,Hautevelle
70,285,Héricourt
70,286,Hugier
70,287,Hurecourt
70,288,Hyet
70,289,Igny
70,290,Jasney
70,291,Jonvelle
70,292,Jussey
70,293,Lambrey
70,294,Lantenot
70,295,La Lanterne-et-les-Armonts
70,296,Larians-et-Munans
70,297,Larret
70,298,Lavigney
70,299,Lavoncourt
70,301,Lieffrans
70,302,Lieucourt
70,303,Liévans
70,304,Linexert
70,305,Lœuilley
70,306,Lomont
70,307,Longevelle
70,308,La Longine
70,309,Loulans-Verchamp
70,310,Lure
70,311,Luxeuil-les-Bains
70,312,Luze
70,313,Lyoffans
70,314,Magnivray
70,315,Magnoncourt
70,316,Le Magnoray
70,317,Les Magny
70,318,Magny-Danigon
70,319,Magny-Jobert
70,320,Magny-lès-Jussey
70,321,Magny-Vernois
70,322,Mailleroncourt-Charette
70,323,Mailleroncourt-Saint-Pancras
70,324,Mailley-et-Chazelot
70,325,Maizières
70,326,La Malachère
70,327,Malans
70,328,Malbouhans
70,329,Malvillers
70,330,Mandrevillars
70,331,Mantoche
70,332,Marast
70,334,Marnay
70,335,Maussans
70,336,Mélecey
70,337,Melin
70,338,Melincourt
70,339,Mélisey
70,340,Membrey
70,341,Menoux
70,342,Mercey-sur-Saône
70,343,Mersuay
70,344,Meurcourt
70,347,Mignavillers
70,348,Moffans-et-Vacheresse
70,349,Moimay
70,350,Molay
70,351,Mollans
70,352,La Montagne
70,353,Montagney
70,355,Montarlot-lès-Rioz
70,356,Montboillon
70,357,Montbozon
70,358,Montcey
70,359,Montcourt
70,360,Montdoré
70,361,Montessaux
70,362,Montigny-lès-Cherlieu
70,363,Montigny-lès-Vesoul
70,364,Montjustin-et-Velotte
70,366,Villers-Chemin-et-Mont-lès-Étrelles
70,367,Mont-le-Vernois
70,368,Montot
70,369,Mont-Saint-Léger
70,371,Montureux-et-Prantigny
70,372,Montureux-lès-Baulay
70,373,La Roche-Morey
70,374,Motey-Besuche
70,376,Nantilly
70,378,Navenne
70,380,Neurey-en-Vaux
70,381,Neurey-lès-la-Demie
70,383,Neuvelle-lès-Cromary
70,384,Neuvelle-lès-la-Charité
70,385,La Neuvelle-lès-Lure
70,386,La Neuvelle-lès-Scey
70,387,Noidans-le-Ferroux
70,388,Noidans-lès-Vesoul
70,389,Noiron
70,390,Noroy-le-Bourg
70,392,Oigney
70,393,Oiselay-et-Grachaux
70,394,Onay
70,395,Oppenans
70,396,Oricourt
70,397,Ormenans
70,398,Ormoiche
70,399,Ormoy
70,400,Ouge
70,401,Ovanches
70,402,Oyrières
70,403,Palante
70,404,Passavant-la-Rochère
70,405,Pennesières
70,406,Percey-le-Grand
70,407,Perrouse
70,408,Pesmes
70,409,Pierrecourt
70,410,Pin
70,411,La Pisseure
70,412,Plainemont
70,413,Plancher-Bas
70,414,Plancher-les-Mines
70,415,Polaincourt-et-Clairefontaine
70,416,Pomoy
70,417,Pontcey
70,418,La Romaine
70,419,Pont-du-Bois
70,420,Pont-sur-l'Ognon
70,421,Port-sur-Saône
70,422,Poyans
70,423,Preigney
70,425,La Proiselière-et-Langle
70,426,Provenchère
70,427,Purgerot
70,428,Pusey
70,429,Pusy-et-Épenoux
70,430,La Quarte
70,431,Quenoche
70,432,Quers
70,433,Quincey
70,435,Raddon-et-Chapendu
70,436,Raincourt
70,437,Ranzevelle
70,438,Ray-sur-Saône
70,439,Raze
70,440,Recologne
70,441,Recologne-lès-Rioz
70,442,Renaucourt
70,443,La Grande-Résie
70,444,La Résie-Saint-Martin
70,445,Rignovelle
70,446,Rigny
70,447,Rioz
70,448,Roche-et-Raucourt
70,449,Roche-sur-Linotte-et-Sorans-les-Cordiers
70,450,La Rochelle
70,451,Ronchamp
70,452,Rosey
70,453,La Rosière
70,454,Rosières-sur-Mance
70,455,Roye
70,456,Ruhans
70,457,Rupt-sur-Saône
70,459,Saint-Barthélemy
70,460,Saint-Bresson
70,461,Saint-Broing
70,462,Saint-Ferjeux
70,463,Saint-Gand
70,464,Saint-Germain
70,466,Saint-Loup-Nantouard
70,467,Saint-Loup-sur-Semouse
70,468,Saint-Marcel
70,469,Sainte-Marie-en-Chanois
70,470,Sainte-Marie-en-Chaux
70,471,Sainte-Reine
70,472,Saint-Rémy-en-Comté
70,473,Saint-Sauveur
70,474,Saint-Sulpice
70,476,Saponcourt
70,477,Saulnot
70,478,Saulx
70,479,Sauvigney-lès-Gray
70,480,Sauvigney-lès-Pesmes
70,481,Savoyeux
70,482,Scey-sur-Saône-et-Saint-Albin
70,483,Scye
70,484,Secenans
70,485,Selles
70,486,Semmadon
70,487,Senargent-Mignafans
70,488,Senoncourt
70,489,Servance-Miellin
70,490,Servigney
70,491,Seveux-Motey
70,492,Soing-Cubry-Charentenay
70,493,Sorans-lès-Breurey
70,494,Sornay
70,496,Tartécourt
70,498,Ternuay-Melay-et-Saint-Hilaire
70,499,Theuley
70,500,Thieffrans
70,501,Thiénans
70,502,Tincey-et-Pontrebeau
70,503,Traitiéfontaine
70,504,Traves
70,505,Le Tremblois
70,506,Trémoins
70,507,Trésilley
70,509,Tromarey
70,510,Vadans
70,511,Vaite
70,512,La Vaivre
70,513,Vaivre-et-Montoille
70,514,Valay
70,515,Le Val-de-Gouhenans
70,516,Vallerois-le-Bois
70,517,Vallerois-Lorioz
70,518,Le Val-Saint-Éloi
70,519,Vandelans
70,520,Vanne
70,521,Vantoux-et-Longevelle
70,522,Varogne
70,523,Vars
70,524,Vauchoux
70,525,Vauconcourt-Nervezain
70,526,Vauvillers
70,527,Vaux-le-Moncelot
70,528,Velesmes-Échevanne
70,529,Velet
70,531,Velleclaire
70,532,Vellefaux
70,533,Vellefrey-et-Vellefrange
70,534,Vellefrie
70,535,Velleguindry-et-Levrecey
70,536,Velle-le-Châtel
70,537,Velleminfroy
70,538,Vellemoz
70,539,Vellexon-Queutrey-et-Vaudey
70,540,Velloreille-lès-Choye
70,541,Velorcey
70,542,Venère
70,544,La Vergenne
70,545,Venisey
70,546,Vereux
70,547,Verlans
70,548,Vernois-sur-Mance
70,549,La Vernotte
70,550,Vesoul
70,552,Villafans
70,553,Villargent
70,554,Villars-le-Pautel
70,555,La Villedieu-en-Fontenette
70,558,La Villeneuve-Bellenoye-et-la-Maize
70,559,Villeparois
70,560,Villers-Bouton
70,561,Villersexel
70,562,Villers-la-Ville
70,563,Villers-le-Sec
70,564,Villers-lès-Luxeuil
70,565,Villers-Pater
70,566,Villers-sur-Port
70,567,Villers-sur-Saulnot
70,568,Villers-Vaudey
70,569,Vilory
70,571,Visoncourt
70,572,Vitrey-sur-Mance
70,573,La Voivre
70,574,Volon
70,575,Voray-sur-l'Ognon
70,576,Vougécourt
70,577,Vouhenans
70,578,Vregille
70,579,Vyans-le-Val
70,580,Vy-le-Ferroux
70,581,Vy-lès-Lure
70,582,Vy-lès-Rupt
70,583,Vy-lès-Filain
71,001,L'Abergement-de-Cuisery
71,002,L'Abergement-Sainte-Colombe
71,003,Allerey-sur-Saône
71,004,Allériot
71,005,Aluze
71,006,Amanzé
71,007,Ameugny
71,008,Anglure-sous-Dun
71,009,Anost
71,010,Antully
71,011,Anzy-le-Duc
71,012,Artaix
71,013,Authumes
71,014,Autun
71,015,Auxy
71,016,Azé
71,017,Ballore
71,018,Bantanges
71,019,Barizey
71,020,Barnay
71,021,Baron
71,022,Baudemont
71,023,Baudrières
71,024,Baugy
71,025,Beaubery
71,026,Beaumont-sur-Grosne
71,027,Beaurepaire-en-Bresse
71,028,Beauvernois
71,029,Bellevesvre
71,030,Bergesserin
71,031,Berzé-le-Châtel
71,032,Berzé-la-Ville
71,033,Bey
71,034,Bissey-sous-Cruchaud
71,035,Bissy-la-Mâconnaise
71,036,Bissy-sous-Uxelles
71,037,Bissy-sur-Fley
71,038,Les Bizots
71,039,Blanot
71,040,Blanzy
71,041,Bois-Sainte-Marie
71,042,Bonnay-Saint-Ythaire
71,043,Les Bordes
71,044,Bosjean
71,045,Bouhans
71,046,La Boulaye
71,047,Bourbon-Lancy
71,048,Bourg-le-Comte
71,050,Bourgvilain
71,051,Bouzeron
71,052,Boyer
71,054,Bragny-sur-Saône
71,056,Branges
71,057,Bray
71,058,Bresse-sur-Grosne
71,059,Le Breuil
71,060,Briant
71,061,Brienne
71,062,Brion
71,063,Broye
71,064,Bruailles
71,065,Buffières
71,066,Burgy
71,067,Burnand
71,068,Burzy
71,069,Bussières
71,070,Buxy
71,071,Céron
71,072,Cersot
71,073,Chagny
71,074,Chaintré
71,075,Chalmoux
71,076,Chalon-sur-Saône
71,077,Chambilly
71,078,Chamilly
71,079,Champagnat
71,080,Champagny-sous-Uxelles
71,081,Champforgeuil
71,082,Champlecy
71,084,Chânes
71,085,Change
71,086,Changy
71,087,Chapaize
71,088,La Chapelle-au-Mans
71,089,La Chapelle-de-Bragny
71,090,La Chapelle-de-Guinchay
71,091,La Chapelle-du-Mont-de-France
71,092,La Chapelle-Naude
71,093,La Chapelle-Saint-Sauveur
71,094,La Chapelle-sous-Brancion
71,095,La Chapelle-sous-Dun
71,096,La Chapelle-sous-Uchon
71,097,La Chapelle-Thècle
71,098,Charbonnat
71,099,Charbonnières
71,100,Chardonnay
71,101,Charette-Varennes
71,102,La Charmée
71,103,Charmoy
71,104,Charnay-lès-Chalon
71,105,Charnay-lès-Mâcon
71,106,Charolles
71,107,Charrecey
71,108,Chasselas
71,109,Chassey-le-Camp
71,110,Chassigny-sous-Dun
71,111,Chassy
71,112,Château
71,113,Châteauneuf
71,115,Châtel-Moron
71,116,Châtenay
71,117,Châtenoy-en-Bresse
71,118,Châtenoy-le-Royal
71,119,Chaudenay
71,120,Chauffailles
71,121,La Chaux
71,122,Cheilly-lès-Maranges
71,123,Chenay-le-Châtel
71,124,Chenôves
71,125,Chérizet
71,126,Chevagny-les-Chevrières
71,127,Chevagny-sur-Guye
71,128,Chiddes
71,129,Chissey-en-Morvan
71,130,Chissey-lès-Mâcon
71,132,Ciry-le-Noble
71,133,La Clayette
71,134,Navour-sur-Grosne
71,135,Clessé
71,136,Clessy
71,137,Cluny
71,139,Collonge-en-Charollais
71,140,Collonge-la-Madeleine
71,141,Colombier-en-Brionnais
71,142,La Comelle
71,143,Condal
71,144,Cordesse
71,145,Cormatin
71,146,Cortambert
71,147,Cortevaix
71,148,Coublanc
71,149,Couches
71,150,Crêches-sur-Saône
71,151,Créot
71,152,Cressy-sur-Somme
71,153,Le Creusot
71,154,Crissey
71,155,Cronat
71,156,Cruzille
71,157,Cuiseaux
71,158,Cuisery
71,159,Culles-les-Roches
71,160,Curbigny
71,161,Curdin
71,162,Curgy
71,163,Curtil-sous-Buffières
71,164,Curtil-sous-Burnand
71,165,Cussy-en-Morvan
71,166,Cuzy
71,167,Damerey
71,168,Dampierre-en-Bresse
71,169,Davayé
71,170,Demigny
71,171,Dennevy
71,172,Dettey
71,173,Devrouze
71,174,Dezize-lès-Maranges
71,175,Diconne
71,176,Digoin
71,177,Dommartin-lès-Cuiseaux
71,178,Dompierre-les-Ormes
71,179,Dompierre-sous-Sanvignes
71,181,Donzy-le-Pertuis
71,182,Dracy-le-Fort
71,183,Dracy-lès-Couches
71,184,Dracy-Saint-Loup
71,185,Dyo
71,186,Écuelles
71,187,Écuisses
71,188,Épertully
71,189,Épervans
71,190,Épinac
71,191,Essertenne
71,192,Étang-sur-Arroux
71,193,Étrigny
71,194,Farges-lès-Chalon
71,195,Farges-lès-Mâcon
71,196,Le Fay
71,198,Flacey-en-Bresse
71,199,Flagy
71,200,Fleury-la-Montagne
71,201,Fley
71,202,Fontaines
71,203,Fontenay
71,204,Fragnes-La Loyère
71,205,Frangy-en-Bresse
71,206,La Frette
71,207,Fretterans
71,208,Frontenard
71,209,Frontenaud
71,210,Fuissé
71,212,Génelard
71,213,La Genête
71,214,Genouilly
71,215,Gergy
71,216,Germagny
71,217,Germolles-sur-Grosne
71,218,Gibles
71,219,Gigny-sur-Saône
71,220,Gilly-sur-Loire
71,221,Givry
71,222,Gourdon
71,223,La Grande-Verrière
71,224,Grandvaux
71,225,Granges
71,226,Grevilly
71,227,Grury
71,228,Guerfand
71,229,Les Guerreaux
71,230,Gueugnon
71,231,La Guiche
71,232,Hautefond
71,233,L'Hôpital-le-Mercier
71,234,Huilly-sur-Seille
71,235,Hurigny
71,236,Igé
71,237,Igornay
71,238,Iguerande
71,239,Issy-l'Évêque
71,240,Jalogny
71,241,Jambles
71,242,Joncy
71,243,Joudes
71,244,Jouvençon
71,245,Jugy
71,246,Juif
71,247,Jully-lès-Buxy
71,248,Lacrost
71,249,Laives
71,250,Laizé
71,251,Laizy
71,252,Lalheue
71,253,Lans
71,254,Lays-sur-le-Doubs
71,255,Lesme
71,256,Lessard-en-Bresse
71,257,Lessard-le-National
71,258,Leynes
71,259,Ligny-en-Brionnais
71,261,Loisy
71,262,Longepierre
71,263,Louhans-Châteaurenaud
71,264,Lournand
71,266,Lucenay-l'Évêque
71,267,Lugny
71,268,Lugny-lès-Charolles
71,269,Lux
71,270,Mâcon
71,271,Mailly
71,272,Malay
71,273,Maltat
71,274,Mancey
71,275,Marcigny
71,276,Marcilly-la-Gueurce
71,277,Marcilly-lès-Buxy
71,278,Marigny
71,279,Le Rousset-Marizy
71,280,Marly-sous-Issy
71,281,Marly-sur-Arroux
71,282,Marmagne
71,283,Marnay
71,284,Martailly-lès-Brancion
71,285,Martigny-le-Comte
71,286,Mary
71,287,Massilly
71,289,Matour
71,290,Mazille
71,291,Melay
71,292,Mellecey
71,293,Ménetreuil
71,294,Mercurey
71,295,Mervans
71,296,Messey-sur-Grosne
71,297,Mesvres
71,299,Milly-Lamartine
71,300,Le Miroir
71,301,Mont
71,302,Montagny-lès-Buxy
71,303,Montagny-près-Louhans
71,305,Montbellet
71,306,Montceau-les-Mines
71,307,Montceaux-l'Étoile
71,308,Montceaux-Ragny
71,309,Montcenis
71,310,Montchanin
71,311,Montcony
71,312,Montcoy
71,313,Monthelon
71,314,Montjay
71,315,Mont-lès-Seurre
71,316,Montmelard
71,317,Montmort
71,318,Montpont-en-Bresse
71,319,Montret
71,320,Mont-Saint-Vincent
71,321,Morey
71,322,Morlet
71,323,Mornay
71,324,Moroges
71,325,La Motte-Saint-Jean
71,326,Mouthier-en-Bresse
71,327,Mussy-sous-Dun
71,328,Nanton
71,329,Navilly
71,330,Neuvy-Grandchamp
71,331,Nochize
71,332,Ormes
71,333,Oslon
71,334,Oudry
71,335,Ouroux-sous-le-Bois-Sainte-Marie
71,336,Ouroux-sur-Saône
71,337,Oyé
71,338,Ozenay
71,339,Ozolles
71,340,Palinges
71,341,Palleau
71,342,Paray-le-Monial
71,343,Paris-l'Hôpital
71,344,Passy
71,345,Péronne
71,346,Perrecy-les-Forges
71,347,Perreuil
71,348,Perrigny-sur-Loire
71,349,La Petite-Verrière
71,350,Pierreclos
71,351,Pierre-de-Bresse
71,352,Le Planois
71,353,Plottes
71,354,Poisson
71,355,Pontoux
71,356,Pouilloux
71,357,Pourlans
71,358,Pressy-sous-Dondin
71,359,Préty
71,360,Prissé
71,361,Prizy
71,362,Pruzilly
71,363,Le Puley
71,364,La Racineuse
71,365,Rancy
71,366,Ratenelle
71,367,Ratte
71,368,Reclesne
71,369,Remigny
71,370,Rigny-sur-Arroux
71,371,La Roche-Vineuse
71,372,Romanèche-Thorins
71,373,Romenay
71,374,Rosey
71,376,Roussillon-en-Morvan
71,377,Royer
71,378,Rully
71,379,Sagy
71,380,Saillenard
71,381,Sailly
71,382,Saint-Agnan
71,383,Saint-Albain
71,384,Saint-Ambreuil
71,385,Saint-Amour-Bellevue
71,386,Saint-André-en-Bresse
71,387,Saint-André-le-Désert
71,388,Saint-Aubin-en-Charollais
71,389,Saint-Aubin-sur-Loire
71,390,Saint-Berain-sous-Sanvignes
71,391,Saint-Bérain-sur-Dheune
71,392,Saint-Boil
71,393,Saint-Bonnet-de-Cray
71,394,Saint-Bonnet-de-Joux
71,395,Saint-Bonnet-de-Vieille-Vigne
71,396,Saint-Bonnet-en-Bresse
71,397,Sainte-Cécile
71,398,Saint-Christophe-en-Bresse
71,399,Saint-Christophe-en-Brionnais
71,400,Saint-Clément-sur-Guye
71,401,Sainte-Croix-en-Bresse
71,402,Saint-Cyr
71,403,Saint-Denis-de-Vaux
71,404,Saint-Désert
71,405,Saint-Didier-en-Bresse
71,406,Saint-Didier-en-Brionnais
71,407,Saint-Didier-sur-Arroux
71,408,Saint-Edmond
71,409,Saint-Émiland
71,410,Saint-Étienne-en-Bresse
71,411,Saint-Eugène
71,412,Saint-Eusèbe
71,413,Saint-Firmin
71,414,Saint-Forgeot
71,415,Sainte-Foy
71,416,Saint-Gengoux-de-Scissé
71,417,Saint-Gengoux-le-National
71,419,Saint-Germain-du-Bois
71,420,Saint-Germain-du-Plain
71,421,Saint-Germain-en-Brionnais
71,422,Saint-Germain-lès-Buxy
71,423,Saint-Gervais-en-Vallière
71,424,Saint-Gervais-sur-Couches
71,425,Saint-Gilles
71,426,Sainte-Hélène
71,427,Saint-Huruge
71,428,Saint-Igny-de-Roche
71,430,Saint-Jean-de-Vaux
71,431,Saint-Jean-de-Trézy
71,433,Saint-Julien-de-Civry
71,434,Saint-Julien-de-Jonzy
71,435,Saint-Julien-sur-Dheune
71,436,Saint-Laurent-d'Andenay
71,437,Saint-Laurent-en-Brionnais
71,438,Saint-Léger-du-Bois
71,439,Saint-Léger-lès-Paray
71,440,Saint-Léger-sous-Beuvray
71,441,Saint-Léger-sous-la-Bussière
71,442,Saint-Léger-sur-Dheune
71,443,Saint-Loup-Géanges
71,444,Saint-Loup-de-Varennes
71,445,Saint-Marcel
71,446,Saint-Marcelin-de-Cray
71,447,Saint-Mard-de-Vaux
71,448,Saint-Martin-Belle-Roche
71,449,Saint-Martin-d'Auxy
71,450,Saint-Martin-de-Commune
71,451,Saint-Martin-de-Lixy
71,452,Saint-Martin-de-Salencey
71,453,Saint-Martin-du-Lac
71,454,Saint-Martin-du-Mont
71,455,Saint-Martin-du-Tartre
71,456,Saint-Martin-en-Bresse
71,457,Saint-Martin-en-Gâtinois
71,458,Saint-Martin-la-Patrouille
71,459,Saint-Martin-sous-Montaigu
71,460,Saint-Maurice-de-Satonnay
71,461,Saint-Maurice-des-Champs
71,462,Saint-Maurice-en-Rivière
71,463,Saint-Maurice-lès-Châteauneuf
71,464,Saint-Maurice-lès-Couches
71,465,Saint-Micaud
71,466,Saint-Nizier-sur-Arroux
71,468,Saint-Pierre-de-Varennes
71,469,Saint-Pierre-le-Vieux
71,470,Saint-Point
71,471,Saint-Privé
71,472,Saint-Prix
71,473,Saint-Racho
71,474,Sainte-Radegonde
71,475,Saint-Rémy
71,477,Saint-Romain-sous-Gourdon
71,478,Saint-Romain-sous-Versigny
71,479,Saint-Sernin-du-Bois
71,480,Saint-Sernin-du-Plain
71,481,Saint-Symphorien-d'Ancelles
71,482,Saint-Symphorien-de-Marmagne
71,483,Saint-Symphorien-des-Bois
71,484,Saint-Usuge
71,485,Saint-Vallerin
71,486,Saint-Vallier
71,487,Saint-Vérand
71,488,Saint-Vincent-des-Prés
71,489,Saint-Vincent-en-Bresse
71,490,Saint-Vincent-Bragny
71,491,Saint-Yan
71,493,Saisy
71,494,La Salle
71,495,Salornay-sur-Guye
71,496,Sampigny-lès-Maranges
71,497,Sancé
71,498,Santilly
71,499,Sanvignes-les-Mines
71,500,Sarry
71,501,Sassangy
71,502,Sassenay
71,503,Saules
71,504,Saunières
71,505,Savianges
71,506,Savigny-en-Revermont
71,507,Savigny-sur-Grosne
71,508,Savigny-sur-Seille
71,509,La Celle-en-Morvan
71,510,Semur-en-Brionnais
71,512,Sennecey-le-Grand
71,513,Senozan
71,514,Sens-sur-Seille
71,515,Sercy
71,516,Serley
71,517,Sermesse
71,518,Serrières
71,519,Serrigny-en-Bresse
71,520,Sevrey
71,521,Sigy-le-Châtel
71,522,Simandre
71,523,Simard
71,524,Sivignon
71,525,Sologny
71,526,Solutré-Pouilly
71,527,Sommant
71,528,Sornay
71,529,Suin
71,530,Sully
71,531,La Tagnière
71,532,Taizé
71,533,Tancon
71,534,Le Tartre
71,535,Tavernay
71,537,Thil-sur-Arroux
71,538,Thurey
71,539,Tintry
71,540,Torcy
71,541,Torpes
71,542,Toulon-sur-Arroux
71,543,Tournus
71,544,Toutenant
71,545,Tramayes
71,546,Trambly
71,547,Trivy
71,548,Tronchy
71,549,La Truchère
71,550,Uchizy
71,551,Uchon
71,552,Uxeau
71,553,Vareilles
71,554,Varenne-l'Arconce
71,555,Varennes-le-Grand
71,556,Varennes-lès-Mâcon
71,557,Varenne-Saint-Germain
71,558,Varennes-Saint-Sauveur
71,559,Varennes-sous-Dun
71,561,Vauban
71,562,Vaudebarrier
71,563,Vaux-en-Pré
71,564,Vendenesse-lès-Charolles
71,565,Vendenesse-sur-Arroux
71,566,Verdun-Ciel
71,567,Vergisson
71,568,Vérissey
71,570,Verjux
71,571,Verosvres
71,572,Vers
71,573,Versaugues
71,574,Verzé
71,576,Le Villars
71,577,Villegaudin
71,578,Clux-Villeneuve
71,579,Villeneuve-en-Montagne
71,580,Vincelles
71,581,Vindecy
71,582,La Vineuse sur Fregande
71,583,Vinzelles
71,584,Viré
71,585,Virey-le-Grand
71,586,Viry
71,588,Vitry-en-Charollais
71,589,Vitry-sur-Loire
71,590,Volesvres
71,591,Fleurville
72,001,Aigné
72,002,Aillières-Beauvoir
72,003,Allonnes
72,004,Amné
72,005,Ancinnes
72,006,Arçonnay
72,007,Ardenay-sur-Mérize
72,008,Arnage
72,009,Arthezé
72,010,Asnières-sur-Vègre
72,011,Assé-le-Boisne
72,012,Assé-le-Riboul
72,013,Aubigné-Racan
72,015,Les Aulneaux
72,016,Auvers-le-Hamon
72,017,Auvers-sous-Montfaucon
72,018,Avesnes-en-Saosnois
72,019,Avessé
72,020,Avezé
72,021,Avoise
72,022,Le Bailleul
72,023,Ballon-Saint Mars
72,024,La Bazoge
72,025,Bazouges Cré sur Loir
72,026,Beaufay
72,027,Beaumont-sur-Dême
72,028,Beaumont-Pied-de-Bœuf
72,029,Beaumont-sur-Sarthe
72,031,Beillé
72,032,Berfay
72,034,Bérus
72,035,Bessé-sur-Braye
72,036,Béthon
72,037,Blèves
72,038,Boëssé-le-Sec
72,039,Bonnétable
72,040,La Bosse
72,041,Bouër
72,042,Bouloire
72,043,Bourg-le-Roi
72,044,Bousse
72,045,Brains-sur-Gée
72,046,Le Breil-sur-Mérize
72,047,Brette-les-Pins
72,048,Briosne-lès-Sables
72,049,La Bruère-sur-Loir
72,050,Brûlon
72,051,Cérans-Foulletourte
72,052,Chahaignes
72,053,Challes
72,054,Champagné
72,056,Champfleur
72,057,Champrond
72,058,Changé
72,059,Chantenay-Villedieu
72,060,La Chapelle-aux-Choux
72,061,La Chapelle-d'Aligné
72,062,La Chapelle-du-Bois
72,064,La Chapelle-Huon
72,065,La Chapelle-Saint-Aubin
72,066,La Chapelle-Saint-Fray
72,067,La Chapelle-Saint-Rémy
72,068,La Chartre-sur-le-Loir
72,070,Chassillé
72,071,Montval-sur-Loir
72,072,Château-l'Hermitage
72,073,Chaufour-Notre-Dame
72,074,Chemiré-en-Charnie
72,075,Chemiré-le-Gaudin
72,076,Chenay
72,077,Chenu
72,078,Chérancé
72,079,Chérisay
72,080,Cherré-Au
72,083,Chevillé
72,084,Clermont-Créans
72,085,Cogners
72,086,Commerveil
72,087,Conflans-sur-Anille
72,088,Congé-sur-Orne
72,089,Conlie
72,090,Connerré
72,091,Contilly
72,093,Cormes
72,094,Coudrecieux
72,095,Coulaines
72,096,Coulans-sur-Gée
72,098,Coulongé
72,099,Courcebœufs
72,100,Courcelles-la-Forêt
72,101,Courcemont
72,102,Courcival
72,103,Courdemanche
72,104,Courgains
72,105,Courgenard
72,106,Courtillers
72,107,Crannes-en-Champagne
72,109,Crissé
72,110,Crosmières
72,111,Cures
72,112,Dangeul
72,113,Degré
72,114,Dehault
72,115,Dissay-sous-Courcillon
72,118,Dollon
72,119,Domfront-en-Champagne
72,120,Doucelles
72,121,Douillet
72,122,Duneau
72,123,Dureil
72,124,Écommoy
72,125,Écorpain
72,126,Épineu-le-Chevreuil
72,127,Étival-lès-le-Mans
72,128,Val-d'Étangson
72,129,Fatines
72,130,Fay
72,131,Fercé-sur-Sarthe
72,132,La Ferté-Bernard
72,133,Fillé
72,134,Flée
72,135,La Fontaine-Saint-Martin
72,136,Fontenay-sur-Vègre
72,137,Villeneuve-en-Perseigne
72,138,Fresnay-sur-Sarthe
72,139,Fyé
72,141,Gesnes-le-Gandelin
72,142,Grandchamp
72,143,Le Grand-Lucé
72,144,Gréez-sur-Roc
72,145,Le Grez
72,146,Guécélard
72,147,La Guierche
72,148,Jauzé
72,149,Joué-en-Charnie
72,150,Joué-l'Abbé
72,151,Juigné-sur-Sarthe
72,152,Juillé
72,153,Jupilles
72,154,La Flèche
72,155,Laigné-Saint-Gervais
72,156,Lamnay
72,157,Lavardin
72,158,Lavaré
72,160,Lavernat
72,161,Lhomme
72,163,Ligron
72,164,Livet-en-Saosnois
72,165,Lombron
72,166,Longnes
72,167,Louailles
72,168,Loué
72,169,Louplande
72,170,Louvigny
72,171,Louzes
72,172,Le Luart
72,173,Luceau
72,174,Lucé-sous-Ballon
72,175,Luché-Pringé
72,176,Le Lude
72,177,Maigné
72,178,Maisoncelles
72,179,Malicorne-sur-Sarthe
72,180,Mamers
72,181,Le Mans
72,182,Mansigné
72,183,Marçon
72,184,Mareil-en-Champagne
72,185,Mareil-sur-Loir
72,186,Maresché
72,187,Marigné-Laillé
72,188,Marollette
72,189,Marolles-les-Braults
72,190,Marolles-lès-Saint-Calais
72,191,Mayet
72,192,Les Mées
72,193,Melleray
72,194,Meurcé
72,195,Mézeray
72,196,Mézières-sur-Ponthouin
72,197,Mézières-sous-Lavardin
72,198,La Milesse
72,199,Moitron-sur-Sarthe
72,200,Moncé-en-Belin
72,201,Moncé-en-Saosnois
72,202,Monhoudou
72,204,Montaillé
72,205,Montbizot
72,208,Montmirail
72,209,Montreuil-le-Chétif
72,210,Montreuil-le-Henri
72,211,Mont-Saint-Jean
72,212,Moulins-le-Carbonnel
72,213,Mulsanne
72,214,Nauvay
72,215,Neufchâtel-en-Saosnois
72,216,Neuvillalais
72,217,Neuville-sur-Sarthe
72,218,Neuvillette-en-Charnie
72,219,Bernay-Neuvy-en-Champagne
72,220,Nogent-le-Bernard
72,221,Nogent-sur-Loir
72,222,Nouans
72,223,Noyen-sur-Sarthe
72,224,Nuillé-le-Jalais
72,225,Oisseau-le-Petit
72,226,Oizé
72,227,Panon
72,228,Parcé-sur-Sarthe
72,229,Parennes
72,230,Parigné-le-Pôlin
72,231,Parigné-l'Évêque
72,232,Notre-Dame-du-Pé
72,233,Peray
72,234,Pezé-le-Robert
72,235,Piacé
72,236,Pincé
72,237,Pirmil
72,238,Pizieux
72,239,Poillé-sur-Vègre
72,241,Montfort-le-Gesnois
72,243,Pontvallain
72,244,Précigné
72,245,Préval
72,246,Prévelles
72,247,Pruillé-le-Chétif
72,248,Pruillé-l'Éguillé
72,249,La Quinte
72,250,Rahay
72,251,René
72,252,Requeil
72,253,Roëzé-sur-Sarthe
72,254,Rouessé-Fontaine
72,255,Rouessé-Vassé
72,256,Rouez
72,257,Rouillon
72,259,Rouperroux-le-Coquet
72,260,Ruaudin
72,261,Ruillé-en-Champagne
72,262,Loir en Vallée
72,264,Sablé-sur-Sarthe
72,265,Saint-Aignan
72,266,Saint-Aubin-de-Locquenay
72,267,Saint-Aubin-des-Coudrais
72,268,Saint-Biez-en-Belin
72,269,Saint-Calais
72,270,Saint-Calez-en-Saosnois
72,271,Saint-Célerin
72,272,Sainte-Cérotte
72,273,Saint-Christophe-du-Jambet
72,274,Saint-Christophe-en-Champagne
72,275,Saint-Corneille
72,276,Saint-Cosme-en-Vairais
72,277,Saint-Denis-des-Coudrais
72,278,Saint-Denis-d'Orques
72,279,Saint-Georges-de-la-Couée
72,280,Saint-Georges-du-Bois
72,281,Saint-Georges-du-Rosay
72,282,Saint-Georges-le-Gaultier
72,283,Saint-Germain-d'Arcé
72,286,Saint-Gervais-de-Vic
72,289,Sainte-Jamme-sur-Sarthe
72,290,Saint-Jean-d'Assé
72,291,Saint-Jean-de-la-Motte
72,292,Saint-Jean-des-Échelles
72,293,Saint-Jean-du-Bois
72,294,Saint-Léonard-des-Bois
72,295,Saint-Longis
72,296,Saint-Maixent
72,297,Saint-Marceau
72,299,Saint-Mars-d'Outillé
72,300,Saint-Mars-la-Brière
72,302,Saint-Martin-des-Monts
72,303,Saint-Michel-de-Chavaignes
72,305,Saint-Ouen-de-Mimbré
72,306,Saint-Ouen-en-Belin
72,307,Saint-Ouen-en-Champagne
72,308,Saint-Paterne - Le Chevain
72,309,Saint-Paul-le-Gaultier
72,310,Saint-Pavace
72,311,Saint-Pierre-de-Chevillé
72,312,Saint-Pierre-des-Bois
72,313,Saint-Pierre-des-Ormes
72,314,Saint-Pierre-du-Lorouër
72,315,Saint-Rémy-de-Sillé
72,316,Saint-Rémy-des-Monts
72,317,Saint-Rémy-du-Val
72,319,Sainte-Sabine-sur-Longève
72,320,Saint-Saturnin
72,321,Saint-Symphorien
72,322,Saint-Ulphace
72,323,Saint-Victeur
72,324,Saint-Vincent-des-Prés
72,325,Saint-Vincent-du-Lorouër
72,326,Saosnes
72,327,Sarcé
72,328,Sargé-lès-le-Mans
72,329,Savigné-l'Évêque
72,330,Savigné-sous-le-Lude
72,331,Sceaux-sur-Huisne
72,332,Ségrie
72,333,Semur-en-Vallon
72,334,Sillé-le-Guillaume
72,335,Sillé-le-Philippe
72,336,Solesmes
72,337,Sougé-le-Ganelon
72,338,Souillé
72,339,Souligné-Flacé
72,340,Souligné-sous-Ballon
72,341,Soulitré
72,342,Souvigné-sur-Même
72,343,Souvigné-sur-Sarthe
72,344,Spay
72,345,Surfonds
72,346,La Suze-sur-Sarthe
72,347,Tassé
72,348,Tassillé
72,349,Teillé
72,350,Teloché
72,351,Tennie
72,352,Terrehault
72,353,Théligny
72,354,Thoigné
72,355,Thoiré-sous-Contensor
72,356,Thoiré-sur-Dinan
72,357,Thorée-les-Pins
72,358,Thorigné-sur-Dué
72,359,Torcé-en-Vallée
72,360,Trangé
72,361,Tresson
72,362,Le Tronchet
72,363,Tuffé Val de la Chéronne
72,364,Vaas
72,366,Valennes
72,367,Vallon-sur-Gée
72,368,Vancé
72,369,Verneil-le-Chétif
72,370,Vernie
72,372,Vezot
72,373,Vibraye
72,374,Villaines-la-Carelle
72,375,Villaines-la-Gonais
72,376,Villaines-sous-Lucé
72,377,Villaines-sous-Malicorne
72,378,Vion
72,379,Viré-en-Champagne
72,380,Vivoin
72,381,Voivres-lès-le-Mans
72,382,Val-de-la-Hune
72,383,Vouvray-sur-Huisne
72,385,Yvré-le-Pôlin
72,386,Yvré-l'Évêque
73,001,Aiguebelette-le-Lac
73,003,Grand-Aigueblanche
73,004,Aillon-le-Jeune
73,005,Aillon-le-Vieux
73,006,Aime-la-Plagne
73,007,Aiton
73,008,Aix-les-Bains
73,010,Entrelacs
73,011,Albertville
73,012,Albiez-le-Jeune
73,013,Albiez-Montrond
73,014,Allondaz
73,015,Les Allues
73,017,Apremont
73,018,Arbin
73,019,Argentine
73,020,Arith
73,021,Arvillard
73,022,Attignat-Oncin
73,023,Aussois
73,024,Les Avanchers-Valmorel
73,025,Avressieux
73,026,Avrieux
73,027,Ayn
73,028,La Balme
73,029,Barberaz
73,030,Barby
73,031,Bassens
73,032,La Bâthie
73,033,La Bauche
73,034,Beaufort
73,036,Bellecombe-en-Bauges
73,039,Belmont-Tramonet
73,040,Bessans
73,041,Betton-Bettonet
73,042,Billième
73,043,La Biolle
73,047,Bonneval-sur-Arc
73,048,Bonvillard
73,049,Bonvillaret
73,050,Bourdeau
73,051,Le Bourget-du-Lac
73,052,Bourget-en-Huile
73,053,Bourgneuf
73,054,Bourg-Saint-Maurice
73,055,Bozel
73,057,Brides-les-Bains
73,058,La Bridoire
73,059,Brison-Saint-Innocent
73,061,Césarches
73,063,Cevins
73,064,Challes-les-Eaux
73,065,Chambéry
73,067,La Chambre
73,068,Chamousset
73,069,Chamoux-sur-Gelon
73,070,Champagneux
73,071,Champagny-en-Vanoise
73,072,Champ-Laurent
73,073,Chanaz
73,074,La Chapelle
73,075,La Chapelle-Blanche
73,076,La Chapelle-du-Mont-du-Chat
73,077,Les Chapelles
73,078,La Chapelle-Saint-Martin
73,079,Châteauneuf
73,081,Le Châtelard
73,082,La Chavanne
73,083,Les Chavannes-en-Maurienne
73,084,Chignin
73,085,Chindrieux
73,086,Cléry
73,087,Cognin
73,088,Cohennoz
73,089,Coise-Saint-Jean-Pied-Gauthier
73,090,La Compôte
73,091,Conjux
73,092,Corbel
73,094,Crest-Voland
73,095,La Croix-de-la-Rochette
73,096,Cruet
73,097,Curienne
73,098,Les Déserts
73,099,Détrier
73,100,Domessin
73,101,Doucy-en-Bauges
73,103,Drumettaz-Clarafond
73,104,Dullin
73,105,Les Échelles
73,106,École
73,107,Entremont-le-Vieux
73,109,Épierre
73,110,Esserts-Blay
73,113,Feissons-sur-Salins
73,114,Flumet
73,116,Fontcouverte-la-Toussuire
73,117,Fourneaux
73,119,Freney
73,120,Fréterive
73,121,Frontenex
73,122,Gerbaix
73,123,La Giettaz
73,124,Gilly-sur-Isère
73,128,Grésy-sur-Aix
73,129,Grésy-sur-Isère
73,130,Grignon
73,131,Hautecour
73,132,Hauteluce
73,133,Hauteville
73,135,La Tour-en-Maurienne
73,137,Jacob-Bellecombette
73,138,Jarrier
73,139,Jarsy
73,140,Jongieux
73,141,Laissaud
73,142,Landry
73,145,Lépin-le-Lac
73,146,Lescheraines
73,147,Loisieux
73,149,Lucey
73,150,La Plagne Tarentaise
73,151,Porte-de-Savoie
73,152,Marcieux
73,153,Marthod
73,154,Mercury
73,155,Méry
73,156,Meyrieux-Trouet
73,157,Modane
73,159,Les Mollettes
73,160,Montagnole
73,161,Montagny
73,162,Montailleur
73,164,Montcel
73,166,Montendry
73,168,Montgilbert
73,170,Monthion
73,171,Montmélian
73,173,Montricher-Albanne
73,175,Montsapey
73,176,Montvalezan
73,177,Montvernier
73,178,La Motte-en-Bauges
73,179,La Motte-Servolex
73,180,Motz
73,181,Moûtiers
73,182,Mouxy
73,183,Myans
73,184,Nances
73,186,Notre-Dame-de-Bellecombe
73,187,La Léchère
73,188,Notre-Dame-des-Millières
73,189,Notre-Dame-du-Cruet
73,190,Notre-Dame-du-Pré
73,191,Novalaise
73,192,Le Noyer
73,193,Ontex
73,194,Orelle
73,196,Pallud
73,197,Peisey-Nancroix
73,200,Planaise
73,201,Planay
73,202,Plancherine
73,204,Le Pont-de-Beauvoisin
73,205,Le Pontet
73,206,Pralognan-la-Vanoise
73,207,Presle
73,208,Pugny-Chatenod
73,210,Puygros
73,211,Queige
73,212,Val-d'Arc
73,213,La Ravoire
73,214,Rochefort
73,215,Valgelon-La Rochette
73,216,Rognaix
73,217,Rotherens
73,218,Ruffieux
73,219,Saint-Alban-de-Montbel
73,220,Saint-Alban-d'Hurtières
73,221,Saint-Alban-des-Villards
73,222,Saint-Alban-Leysse
73,223,Saint-André
73,224,Saint-Avre
73,225,Saint-Baldoph
73,226,Saint-Béron
73,227,Courchevel
73,228,Saint-Cassin
73,229,Saint-Christophe
73,230,Saint-Colomban-des-Villards
73,231,Saint-Étienne-de-Cuines
73,232,Sainte-Foy-Tarentaise
73,233,Saint-Franc
73,234,Saint-François-de-Sales
73,235,Saint François Longchamp
73,236,Saint-Genix-les-Villages
73,237,Saint-Georges-d'Hurtières
73,240,Sainte-Hélène-du-Lac
73,241,Sainte-Hélène-sur-Isère
73,242,Saint-Jean-d'Arves
73,243,Saint-Jean-d'Arvey
73,245,Saint-Jean-de-Chevelu
73,246,Saint-Jean-de-Couz
73,247,Saint-Jean-de-la-Porte
73,248,Saint-Jean-de-Maurienne
73,249,Saint-Jeoire-Prieuré
73,250,Saint-Julien-Mont-Denis
73,252,Saint-Léger
73,253,Saint-Marcel
73,254,Sainte-Marie-d'Alvey
73,255,Sainte-Marie-de-Cuines
73,256,Saint-Martin-d'Arc
73,257,Les Belleville
73,258,Saint-Martin-de-la-Porte
73,259,Saint-Martin-sur-la-Chambre
73,261,Saint-Michel-de-Maurienne
73,262,Saint-Nicolas-la-Chapelle
73,263,Saint-Offenge
73,265,Saint-Ours
73,267,Saint-Pancrace
73,268,Saint-Paul-sur-Isère
73,269,Saint-Paul-sur-Yenne
73,270,Saint-Pierre-d'Albigny
73,271,Saint-Pierre-d'Alvey
73,272,Saint-Pierre-de-Belleville
73,273,Saint-Pierre-de-Curtille
73,274,Saint-Pierre-d'Entremont
73,275,Saint-Pierre-de-Genebroz
73,276,Saint-Pierre-de-Soucy
73,277,Sainte-Reine
73,278,Saint-Rémy-de-Maurienne
73,280,Saint-Sorlin-d'Arves
73,281,Saint-Sulpice
73,282,Saint-Thibaud-de-Couz
73,283,Saint-Vital
73,284,Salins-Fontaine
73,285,Séez
73,286,Serrières-en-Chautagne
73,288,Sonnaz
73,289,La Table
73,290,Val-Cenis
73,292,Thénésol
73,293,Thoiry
73,294,La Thuile
73,296,Tignes
73,297,Tournon
73,298,Tours-en-Savoie
73,299,Traize
73,300,Tresserve
73,301,Trévignin
73,302,La Trinité
73,303,Ugine
73,304,Val-d'Isère
73,306,Valloire
73,307,Valmeinier
73,308,Venthon
73,309,Verel-de-Montbel
73,310,Verel-Pragondran
73,311,Le Verneil
73,312,Verrens-Arvey
73,313,Verthemex
73,314,Villard-d'Héry
73,315,Villard-Léger
73,316,Villard-Sallet
73,317,Villard-sur-Doron
73,318,Villarembert
73,320,Villargondran
73,322,Villarodin-Bourget
73,323,Villaroger
73,324,Villaroux
73,326,Vimines
73,327,Vions
73,328,Viviers-du-Lac
73,329,Voglans
73,330,Yenne
74,001,Abondance
74,002,Alby-sur-Chéran
74,003,Alex
74,004,Allèves
74,005,Allinges
74,006,Allonzier-la-Caille
74,007,Amancy
74,008,Ambilly
74,009,Andilly
74,010,Annecy
74,012,Annemasse
74,013,Anthy-sur-Léman
74,014,Arâches-la-Frasse
74,015,Arbusigny
74,016,Archamps
74,018,Arenthon
74,019,Argonay
74,020,Armoy
74,021,Arthaz-Pont-Notre-Dame
74,024,Ayse
74,025,Ballaison
74,026,La Balme-de-Sillingy
74,027,La Balme-de-Thuy
74,029,Bassy
74,030,La Baume
74,031,Beaumont
74,032,Bellevaux
74,033,Bernex
74,034,Le Biot
74,035,Bloye
74,036,Bluffy
74,037,Boëge
74,038,Bogève
74,040,Bonne
74,041,Bonnevaux
74,042,Bonneville
74,043,Bons-en-Chablais
74,044,Bossey
74,045,Le Bouchet-Mont-Charvin
74,046,Boussy
74,048,Brenthonne
74,049,Brizon
74,050,Burdignin
74,051,Cercier
74,052,Cernex
74,053,Cervens
74,054,Chainaz-les-Frasses
74,055,Challonges
74,056,Chamonix-Mont-Blanc
74,057,Champanges
74,058,La Chapelle-d'Abondance
74,059,La Chapelle-Rambaud
74,060,La Chapelle-Saint-Maurice
74,061,Chapeiry
74,062,Charvonnex
74,063,Châtel
74,064,Châtillon-sur-Cluses
74,065,Chaumont
74,066,Chavannaz
74,067,Chavanod
74,068,Chêne-en-Semine
74,069,Chênex
74,070,Chens-sur-Léman
74,071,Chessenaz
74,072,Chevaline
74,073,Chevenoz
74,074,Chevrier
74,075,Chilly
74,076,Choisy
74,077,Clarafond-Arcine
74,078,Clermont
74,079,Les Clefs
74,080,La Clusaz
74,081,Cluses
74,082,Collonges-sous-Salève
74,083,Combloux
74,085,Les Contamines-Montjoie
74,086,Contamine-Sarzin
74,087,Contamine-sur-Arve
74,088,Copponex
74,089,Cordon
74,090,Cornier
74,091,La Côte-d'Arbroz
74,094,Cranves-Sales
74,095,Crempigny-Bonneguête
74,096,Cruseilles
74,097,Cusy
74,098,Cuvat
74,099,Demi-Quartier
74,100,Desingy
74,101,Dingy-en-Vuache
74,102,Dingy-Saint-Clair
74,103,Domancy
74,104,Doussard
74,105,Douvaine
74,106,Draillant
74,107,Droisy
74,108,Duingt
74,109,Éloise
74,111,Entrevernes
74,112,Epagny Metz-Tessy
74,114,Essert-Romand
74,116,Eteaux
74,117,Étercy
74,118,Étrembières
74,119,Évian-les-Bains
74,121,Excenevex
74,122,Faucigny
74,123,Faverges-Seythenex
74,124,Feigères
74,126,Fessy
74,127,Féternes
74,128,Fillinges
74,129,La Forclaz
74,130,Franclens
74,131,Frangy
74,133,Gaillard
74,134,Les Gets
74,135,Giez
74,136,Le Grand-Bornand
74,137,Groisy
74,138,Gruffy
74,139,Habère-Lullin
74,140,Habère-Poche
74,141,Hauteville-sur-Fier
74,142,Héry-sur-Alby
74,143,Les Houches
74,144,Jonzier-Épagny
74,145,Juvigny
74,146,Larringes
74,147,Lathuile
74,148,Leschaux
74,150,Loisin
74,151,Lornay
74,152,Lovagny
74,153,Lucinges
74,154,Lugrin
74,155,Lullin
74,156,Lully
74,157,Lyaud
74,158,Machilly
74,159,Magland
74,160,Manigod
74,161,Marcellaz-Albanais
74,162,Marcellaz
74,163,Margencel
74,164,Marignier
74,165,Marigny-Saint-Marcel
74,166,Marin
74,167,Val de Chaise
74,168,Marlioz
74,169,Marnaz
74,170,Massingy
74,171,Massongy
74,172,Maxilly-sur-Léman
74,173,Megève
74,174,Mégevette
74,175,Meillerie
74,176,Menthon-Saint-Bernard
74,177,Menthonnex-en-Bornes
74,178,Menthonnex-sous-Clermont
74,179,Mésigny
74,180,Messery
74,183,Mieussy
74,184,Minzier
74,185,Monnetier-Mornex
74,186,Montagny-les-Lanches
74,188,Montriond
74,189,Mont-Saxonnex
74,190,Morillon
74,191,Morzine
74,192,Moye
74,193,La Muraz
74,194,Mûres
74,195,Musièges
74,196,Nancy-sur-Cluses
74,197,Nangy
74,198,Nâves-Parmelan
74,199,Nernier
74,200,Neuvecelle
74,201,Neydens
74,202,Nonglard
74,203,Novel
74,205,Onnion
74,206,Orcier
74,208,Passy
74,209,Peillonnex
74,210,Perrignier
74,211,Pers-Jussy
74,212,Glières-Val-de-Borne
74,213,Poisy
74,215,Praz-sur-Arly
74,216,Présilly
74,218,Publier
74,219,Quintal
74,220,Reignier-Ésery
74,221,Le Reposoir
74,222,Reyvroz
74,223,La Rivière-Enverse
74,224,La Roche-sur-Foron
74,225,Rumilly
74,226,Saint-André-de-Boëge
74,228,Saint-Blaise
74,229,Saint-Cergues
74,231,Saint-Eusèbe
74,232,Saint-Eustache
74,233,Saint-Félix
74,234,Saint-Ferréol
74,235,Saint-Germain-sur-Rhône
74,236,Saint-Gervais-les-Bains
74,237,Saint-Gingolph
74,238,Saint-Jean-d'Aulps
74,239,Saint-Jean-de-Sixt
74,240,Saint-Jean-de-Tholome
74,241,Saint-Jeoire
74,242,Saint-Jorioz
74,243,Saint-Julien-en-Genevois
74,244,Saint-Laurent
74,249,Saint-Paul-en-Chablais
74,250,Saint-Pierre-en-Faucigny
74,252,Saint-Sigismond
74,253,Saint-Sixt
74,254,Saint-Sylvestre
74,255,Sales
74,256,Sallanches
74,257,Sallenôves
74,258,Samoëns
74,259,Le Sappey
74,260,Savigny
74,261,Saxel
74,262,Scientrier
74,263,Sciez
74,264,Scionzier
74,265,Serraval
74,266,Servoz
74,267,Sevrier
74,269,Seyssel
74,271,Seytroux
74,272,Sillingy
74,273,Sixt-Fer-à-Cheval
74,275,Talloires-Montmin
74,276,Taninges
74,278,Thyez
74,279,Thollon-les-Mémises
74,280,Thônes
74,281,Thonon-les-Bains
74,282,Fillière
74,283,Thusy
74,284,La Tour
74,285,Usinens
74,286,Vacheresse
74,287,Vailly
74,288,Valleiry
74,289,Vallières-sur-Fier
74,290,Vallorcine
74,291,Vanzy
74,292,Vaulx
74,293,Veigy-Foncenex
74,294,Verchaix
74,295,La Vernaz
74,296,Vers
74,297,Versonnex
74,298,Vétraz-Monthoux
74,299,Veyrier-du-Lac
74,301,Villard
74,302,Les Villards-sur-Thônes
74,303,Villaz
74,304,Ville-en-Sallaz
74,305,Ville-la-Grand
74,306,Villy-le-Bouveret
74,307,Villy-le-Pelloux
74,308,Vinzier
74,309,Viry
74,310,Viuz-la-Chiésaz
74,311,Viuz-en-Sallaz
74,312,Vougy
74,313,Vovray-en-Bornes
74,314,Vulbens
74,315,Yvoire
75,056,Paris
76,001,Allouville-Bellefosse
76,002,Alvimare
76,004,Ambrumesnil
76,005,Amfreville-la-Mi-Voie
76,006,Amfreville-les-Champs
76,007,Anceaumeville
76,008,Ancourt
76,009,Ancourteville-sur-Héricourt
76,010,Ancretiéville-Saint-Victor
76,011,Ancretteville-sur-Mer
76,012,Angerville-Bailleul
76,013,Angerville-la-Martel
76,014,Angerville-l'Orcher
76,015,Angiens
76,016,Anglesqueville-la-Bras-Long
76,017,Anglesqueville-l'Esneval
76,018,Val-de-Saâne
76,019,Anneville-sur-Scie
76,020,Anneville-Ambourville
76,021,Annouville-Vilmesnil
76,022,Anquetierville
76,023,Anvéville
76,024,Ardouval
76,025,Argueil
76,026,Arques-la-Bataille
76,028,Aubéguimont
76,029,Aubermesnil-aux-Érables
76,030,Aubermesnil-Beaumais
76,032,Auberville-la-Manuel
76,033,Auberville-la-Renault
76,034,Val-de-Scie
76,035,Aumale
76,036,Auppegard
76,038,Authieux-Ratiéville
76,039,Les Authieux-sur-le-Port-Saint-Ouen
76,040,Autigny
76,041,Les Hauts-de-Caux
76,042,Auvilliers
76,043,Auzebosc
76,045,Auzouville-l'Esneval
76,046,Auzouville-sur-Ry
76,047,Auzouville-sur-Saâne
76,048,Avesnes-en-Bray
76,049,Avesnes-en-Val
76,050,Avremesnil
76,051,Bacqueville-en-Caux
76,052,Bailleul-Neuville
76,053,Baillolet
76,054,Bailly-en-Rivière
76,055,Baons-le-Comte
76,056,Bardouville
76,057,Barentin
76,058,Baromesnil
76,059,Bazinval
76,060,Beaubec-la-Rosière
76,062,Beaumont-le-Hareng
76,063,Beauval-en-Caux
76,064,Beaurepaire
76,065,Beaussault
76,066,Beautot
76,067,Beauvoir-en-Lyons
76,068,Bec-de-Mortagne
76,069,Belbeuf
76,070,Bellencombre
76,071,Bellengreville
76,072,Belleville-en-Caux
76,074,La Bellière
76,075,Belmesnil
76,076,Bénarville
76,077,Bénesville
76,079,Bénouville
76,082,Bernières
76,083,Bertheauville
76,084,Bertreville
76,085,Bertreville-Saint-Ouen
76,086,Bertrimont
76,087,Berville-en-Caux
76,088,Berville-sur-Seine
76,090,Beuzeville-la-Grenier
76,091,Beuzeville-la-Guérard
76,092,Beuzevillette
76,093,Bézancourt
76,094,Bierville
76,095,Bihorel
76,096,Biville-la-Baignarde
76,097,Biville-la-Rivière
76,099,Blacqueville
76,100,Blainville-Crevon
76,101,Blangy-sur-Bresle
76,103,Bonsecours
76,104,Blosseville
76,105,Le Bocasse
76,106,Bois-d'Ennebourg
76,107,Bois-Guilbert
76,108,Bois-Guillaume
76,109,Bois-Héroult
76,110,Bois-Himont
76,111,Bois-l'Évêque
76,112,Le Bois-Robert
76,113,Boissay
76,114,Bolbec
76,115,Bolleville
76,116,Boos
76,117,Bordeaux-Saint-Clair
76,118,Bornambusc
76,119,Bosc-Bérenger
76,120,Bosc-Bordel
76,121,Bosc-Édeline
76,122,Callengeville
76,123,Bosc-Guérard-Saint-Adrien
76,124,Bosc-Hyons
76,125,Bosc-le-Hard
76,126,Bosc-Mesnil
76,128,Bosville
76,129,Boudeville
76,130,Bouelles
76,131,La Bouille
76,132,Bourdainville
76,133,Le Bourg-Dun
76,134,Bourville
76,135,Bouville
76,136,Brachy
76,138,Bracquetuit
76,139,Bradiancourt
76,140,Brametot
76,141,Bréauté
76,142,Brémontier-Merval
76,143,Bretteville-du-Grand-Caux
76,144,Bretteville-Saint-Laurent
76,146,Buchy
76,147,Bully
76,148,Bures-en-Bray
76,149,Butot
76,151,Cailleville
76,152,Cailly
76,153,Calleville-les-Deux-Églises
76,154,Campneuseville
76,155,Canehan
76,156,Canouville
76,157,Canteleu
76,158,Canville-les-Deux-Églises
76,159,Cany-Barville
76,160,Carville-la-Folletière
76,161,Carville-Pot-de-Fer
76,162,Le Catelier
76,163,Catenay
76,164,Rives-en-Seine
76,165,Caudebec-lès-Elbeuf
76,166,Le Caule-Sainte-Beuve
76,167,Cauville-sur-Mer
76,168,Les Cent-Acres
76,169,La Cerlangue
76,170,La Chapelle-du-Bourgay
76,171,La Chapelle-Saint-Ouen
76,172,La Chapelle-sur-Dun
76,173,La Chaussée
76,174,Cideville
76,175,Clais
76,176,Clasville
76,177,Claville-Motteville
76,178,Cléon
76,179,Clères
76,180,Cleuville
76,181,Cléville
76,182,Cliponville
76,183,Colleville
76,184,Colmesnil-Manneville
76,185,Compainville
76,186,Conteville
76,187,Contremoulins
76,188,Cottévrard
76,189,Crasville-la-Mallet
76,190,Crasville-la-Rocquefort
76,192,Criel-sur-Mer
76,193,La Crique
76,194,Criquebeuf-en-Caux
76,195,Criquetot-le-Mauconduit
76,196,Criquetot-l'Esneval
76,197,Criquetot-sur-Longueville
76,198,Criquetot-sur-Ouville
76,199,Criquiers
76,200,Critot
76,201,Croisy-sur-Andelle
76,202,Croixdalle
76,203,Croix-Mare
76,204,Cropus
76,205,Crosville-sur-Scie
76,206,Cuverville
76,207,Cuverville-sur-Yères
76,208,Cuy-Saint-Fiacre
76,209,Dampierre-en-Bray
76,210,Dampierre-Saint-Nicolas
76,211,Dancourt
76,212,Darnétal
76,213,Daubeuf-Serville
76,214,Dénestanville
76,216,Déville-lès-Rouen
76,217,Dieppe
76,218,Doudeauville
76,219,Doudeville
76,220,Douvrend
76,221,Drosay
76,222,Duclair
76,223,Écalles-Alix
76,224,Écrainville
76,225,Écretteville-lès-Baons
76,226,Écretteville-sur-Mer
76,227,Ectot-l'Auber
76,228,Ectot-lès-Baons
76,229,Elbeuf-en-Bray
76,230,Elbeuf-sur-Andelle
76,231,Elbeuf
76,232,Életot
76,233,Ellecourt
76,234,Émanville
76,235,Envermeu
76,236,Envronville
76,237,Épinay-sur-Duclair
76,238,Épouville
76,239,Épretot
76,240,Épreville
76,241,Ermenouville
76,242,Ernemont-la-Villette
76,243,Ernemont-sur-Buchy
76,244,Esclavelles
76,245,Eslettes
76,247,Esteville
76,249,Étaimpuis
76,250,Étainhus
76,251,Étalleville
76,252,Étalondes
76,253,Étoutteville
76,254,Étretat
76,255,Eu
76,257,Fallencourt
76,258,Terres-de-Caux
76,259,Fécamp
76,260,Ferrières-en-Bray
76,261,La Ferté-Saint-Samson
76,262,Fesques
76,263,La Feuillie
76,264,Flamanville
76,265,Flamets-Frétils
76,266,Flocques
76,268,Fongueusemare
76,269,Fontaine-en-Bray
76,270,Fontaine-la-Mallet
76,271,Fontaine-le-Bourg
76,272,Fontaine-le-Dun
76,273,Fontaine-sous-Préaux
76,274,La Fontelaye
76,275,Fontenay
76,276,Forges-les-Eaux
76,278,Foucarmont
76,279,Foucart
76,280,Fréauville
76,281,La Frénaye
76,282,Freneuse
76,283,Fresles
76,284,Fresnay-le-Long
76,285,Fresne-le-Plan
76,286,Fresnoy-Folny
76,287,Fresquiennes
76,288,Freulleville
76,289,Saint Martin de l'If
76,290,Frichemesnil
76,291,Froberville
76,292,Fry
76,293,Fultot
76,294,La Gaillarde
76,295,Gaillefontaine
76,296,Gainneville
76,297,Gancourt-Saint-Étienne
76,298,Ganzeville
76,299,Gerponville
76,300,Gerville
76,302,Goderville
76,303,Gommerville
76,304,Gonfreville-Caillot
76,305,Gonfreville-l'Orcher
76,306,Gonnetot
76,307,Gonneville-la-Mallet
76,308,Gonneville-sur-Scie
76,309,Gonzeville
76,311,Goupillières
76,312,Gournay-en-Bray
76,313,Gouy
76,314,Graimbouville
76,315,Grainville-la-Teinturière
76,316,Grainville-sur-Ry
76,317,Grainville-Ymauville
76,318,Grand-Camp
76,319,Grand-Couronne
76,320,Grandcourt
76,321,Les Grandes-Ventes
76,322,Le Grand-Quevilly
76,323,Graval
76,324,Grèges
76,325,Grémonville
76,327,Greuville
76,328,Grigneuseville
76,329,Gruchet-le-Valasse
76,330,Gruchet-Saint-Siméon
76,331,Grugny
76,332,Grumesnil
76,333,Guerville
76,334,Gueures
76,335,Gueutteville
76,336,Gueutteville-les-Grès
76,338,La Hallotière
76,339,Le Hanouard
76,340,Harcanville
76,341,Harfleur
76,342,Hattenville
76,343,Haucourt
76,344,Haudricourt
76,345,Haussez
76,346,Hautot-l'Auvray
76,347,Hautot-le-Vatois
76,348,Hautot-Saint-Sulpice
76,349,Hautot-sur-Mer
76,350,Hautot-sur-Seine
76,351,Le Havre
76,352,La Haye
76,353,Héberville
76,354,Hénouville
76,355,Héricourt-en-Caux
76,356,Hermanville
76,357,Hermeville
76,359,Héronchelles
76,360,Heugleville-sur-Scie
76,361,Heuqueville
76,362,Heurteauville
76,363,Hodeng-au-Bosc
76,364,Hodeng-Hodenger
76,365,Houdetot
76,366,Le Houlme
76,367,Houppeville
76,368,Houquetot
76,369,La Houssaye-Béranger
76,370,Hugleville-en-Caux
76,371,Les Ifs
76,372,Illois
76,373,Imbleville
76,374,Incheville
76,375,Ingouville
76,377,Isneauville
76,378,Jumièges
76,379,Lamberville
76,380,Lammerville
76,381,Landes-Vieilles-et-Neuves
76,382,Lanquetot
76,383,Lestanville
76,384,Lillebonne
76,385,Limésy
76,386,Limpiville
76,387,Lindebeuf
76,388,Lintot
76,389,Lintot-les-Bois
76,390,Les Loges
76,391,La Londe
76,392,Londinières
76,393,Longmesnil
76,394,Longroy
76,395,Longueil
76,396,Longuerue
76,397,Longueville-sur-Scie
76,398,Louvetot
76,399,Lucy
76,400,Luneray
76,401,Arelaune-en-Seine
76,402,Malaunay
76,403,Malleville-les-Grès
76,404,Manéglise
76,405,Manéhouville
76,406,Maniquerville
76,407,Manneville-ès-Plains
76,408,Manneville-la-Goupil
76,409,Mannevillette
76,410,Maromme
76,411,Marques
76,412,Martainville-Épreville
76,413,Martigny
76,414,Martin-Église
76,415,Massy
76,416,Mathonville
76,417,Maucomble
76,418,Maulévrier-Sainte-Gertrude
76,419,Mauny
76,420,Mauquenchy
76,421,Mélamare
76,422,Melleville
76,423,Ménerval
76,424,Ménonval
76,425,Mentheville
76,426,Mésangueville
76,427,Mesnières-en-Bray
76,428,Le Mesnil-Durdent
76,429,Le Mesnil-Esnard
76,430,Mesnil-Follemprise
76,431,Le Mesnil-Lieubray
76,432,Mesnil-Mauger
76,433,Mesnil-Panneville
76,434,Mesnil-Raoul
76,435,Le Mesnil-Réaume
76,436,Le Mesnil-sous-Jumièges
76,437,Meulers
76,438,Millebosc
76,439,Mirville
76,440,Molagnies
76,441,Monchaux-Soreng
76,442,Monchy-sur-Eu
76,443,Mont-Cauvaire
76,445,Montérolier
76,446,Montigny
76,447,Montivilliers
76,448,Montmain
76,449,Montreuil-en-Caux
76,450,Montroty
76,451,Mont-Saint-Aignan
76,452,Montville
76,453,Morgny-la-Pommeraye
76,454,Mortemer
76,455,Morville-le-Héron
76,456,Motteville
76,457,Moulineaux
76,458,Muchedent
76,459,Nesle-Hodeng
76,460,Nesle-Normandeuse
76,461,Neufbosc
76,462,Neufchâtel-en-Bray
76,463,Neuf-Marché
76,464,La Neuville-Chant-d'Oisel
76,465,Neuville-Ferrières
76,467,Néville
76,468,Nointot
76,469,Nolléval
76,470,Normanville
76,471,Norville
76,472,Notre-Dame-d'Aliermont
76,473,Notre-Dame-de-Bliquetuit
76,474,Notre-Dame-de-Bondeville
76,475,Franqueville-Saint-Pierre
76,476,Port-Jérôme-sur-Seine
76,477,Notre-Dame-du-Bec
76,478,Notre-Dame-du-Parc
76,479,Nullemont
76,480,Ocqueville
76,481,Octeville-sur-Mer
76,482,Offranville
76,483,Oherville
76,484,Oissel-sur-Seine
76,485,Omonville
76,486,Orival
76,487,Osmoy-Saint-Valery
76,488,Ouainville
76,489,Oudalle
76,490,Ourville-en-Caux
76,491,Ouville-l'Abbaye
76,492,Ouville-la-Rivière
76,493,Paluel
76,494,Parc-d'Anxtot
76,495,Pavilly
76,497,Petit-Couronne
76,498,Le Petit-Quevilly
76,499,Petiville
76,500,Pierrecourt
76,501,Pierrefiques
76,502,Pierreval
76,503,Pissy-Pôville
76,504,Pleine-Sève
76,505,Pommereux
76,506,Pommeréval
76,507,Ponts-et-Marais
76,508,La Poterie-Cap-d'Antifer
76,509,Préaux
76,510,Prétot-Vicquemare
76,511,Preuseville
76,512,Puisenval
76,513,Quevillon
76,514,Quévreville-la-Poterie
76,515,Quiberville-sur-Mer
76,516,Quièvrecourt
76,517,Quincampoix
76,518,Raffetot
76,519,Rainfreville
76,520,Réalcamp
76,521,Rebets
76,522,La Remuée
76,523,Rétonval
76,524,Reuville
76,526,Ricarville-du-Val
76,527,Richemont
76,528,Rieux
76,529,Riville
76,530,Robertot
76,531,Rocquefort
76,532,Rocquemont
76,533,Rogerville
76,534,Rolleville
76,535,Roncherolles-en-Bray
76,536,Roncherolles-sur-le-Vivier
76,537,Ronchois
76,538,Rosay
76,540,Rouen
76,541,Roumare
76,542,Routes
76,543,Rouville
76,544,Rouvray-Catillon
76,545,Rouxmesnil-Bouteilles
76,546,Royville
76,547,La Rue-Saint-Pierre
76,548,Ry
76,549,Saâne-Saint-Just
76,550,Sahurs
76,551,Sainneville
76,552,Sainte-Adresse
76,553,Sainte-Agathe-d'Aliermont
76,554,Saint-Aignan-sur-Ry
76,555,Saint-André-sur-Cailly
76,556,Saint-Antoine-la-Forêt
76,557,Saint-Arnoult
76,558,Saint-Aubin-Celloville
76,559,Saint-Aubin-de-Crétot
76,560,Saint-Aubin-Épinay
76,561,Saint-Aubin-lès-Elbeuf
76,562,Saint-Aubin-le-Cauf
76,563,Saint-Aubin-Routot
76,564,Saint-Aubin-sur-Mer
76,565,Saint-Aubin-sur-Scie
76,566,Sainte-Austreberthe
76,567,Sainte-Beuve-en-Rivière
76,568,Saint-Clair-sur-les-Monts
76,569,Sainte-Colombe
76,570,Saint-Crespin
76,571,Sainte-Croix-sur-Buchy
76,572,Saint-Denis-d'Aclon
76,573,Saint-Denis-le-Thiboult
76,574,Saint-Denis-sur-Scie
76,575,Saint-Étienne-du-Rouvray
76,576,Saint-Eustache-la-Forêt
76,577,Sainte-Foy
76,578,Sainte-Geneviève
76,580,Saint-Georges-sur-Fontaine
76,581,Saint-Germain-des-Essourts
76,582,Saint-Germain-d'Étables
76,583,Saint-Germain-sous-Cailly
76,584,Saint-Germain-sur-Eaulne
76,585,Saint-Gilles-de-Crétot
76,586,Saint-Gilles-de-la-Neuville
76,587,Sainte-Hélène-Bondeville
76,588,Saint-Hellier
76,589,Saint-Honoré
76,590,Saint-Jacques-d'Aliermont
76,591,Saint-Jacques-sur-Darnétal
76,592,Saint-Jean-de-Folleville
76,593,Saint-Jean-de-la-Neuville
76,594,Saint-Jean-du-Cardonnay
76,595,Saint-Jouin-Bruneval
76,596,Saint-Laurent-de-Brèvedent
76,597,Saint-Laurent-en-Caux
76,598,Saint-Léger-aux-Bois
76,599,Saint-Léger-du-Bourg-Denis
76,600,Saint-Léonard
76,601,Saint-Lucien
76,602,Saint-Maclou-de-Folleville
76,603,Saint-Maclou-la-Brière
76,604,Saint-Mards
76,605,Sainte-Marguerite-sur-Mer
76,606,Morienne
76,608,Sainte-Marguerite-sur-Duclair
76,609,Sainte-Marie-au-Bosc
76,610,Sainte-Marie-des-Champs
76,611,Saint-Martin-aux-Arbres
76,612,Saint-Martin-au-Bosc
76,613,Saint-Martin-aux-Buneaux
76,614,Saint-Martin-de-Boscherville
76,615,Saint-Martin-du-Bec
76,616,Saint-Martin-du-Manoir
76,617,Saint-Martin-du-Vivier
76,618,Petit-Caux
76,619,Saint-Martin-le-Gaillard
76,620,Saint-Martin-l'Hortier
76,621,Saint-Martin-Osmonville
76,622,Saint-Maurice-d'Ételan
76,623,Saint-Michel-d'Halescourt
76,624,Saint-Nicolas-d'Aliermont
76,626,Saint-Nicolas-de-la-Haie
76,627,Saint-Nicolas-de-la-Taille
76,628,Saint-Ouen-du-Breuil
76,629,Saint-Ouen-le-Mauger
76,630,Saint-Ouen-sous-Bailly
76,631,Saint-Paër
76,632,Saint-Pierre-Bénouville
76,634,Saint-Pierre-de-Manneville
76,635,Saint-Pierre-des-Jonquières
76,636,Saint-Pierre-de-Varengeville
76,637,Saint-Pierre-en-Port
76,638,Saint-Pierre-en-Val
76,640,Saint-Pierre-lès-Elbeuf
76,641,Saint-Pierre-le-Vieux
76,642,Saint-Pierre-le-Viger
76,644,Saint-Rémy-Boscrocourt
76,645,Saint-Riquier-en-Rivière
76,646,Saint-Riquier-ès-Plains
76,647,Saint-Romain-de-Colbosc
76,648,Saint-Saëns
76,649,Saint-Saire
76,650,Saint-Sauveur-d'Émalleville
76,651,Saint-Sylvain
76,652,Saint-Vaast-d'Équiqueville
76,653,Saint-Vaast-Dieppedalle
76,654,Saint-Vaast-du-Val
76,655,Saint-Valery-en-Caux
76,656,Saint-Victor-l'Abbaye
76,657,Saint-Vigor-d'Ymonville
76,658,Saint-Vincent-Cramesnil
76,660,Sandouville
76,662,Sassetot-le-Malgardé
76,663,Sassetot-le-Mauconduit
76,664,Sasseville
76,665,Sauchay
76,666,Saumont-la-Poterie
76,667,Sauqueville
76,668,Saussay
76,669,Sausseuzemare-en-Caux
76,670,Senneville-sur-Fécamp
76,671,Sept-Meules
76,672,Serqueux
76,673,Servaville-Salmonville
76,675,Sierville
76,676,Sigy-en-Bray
76,677,Smermesnil
76,678,Sommery
76,679,Sommesnil
76,680,Sorquainville
76,681,Sotteville-lès-Rouen
76,682,Sotteville-sous-le-Val
76,683,Sotteville-sur-Mer
76,684,Tancarville
76,685,Thérouldeville
76,686,Theuville-aux-Maillots
76,688,Thiergeville
76,689,Thiétreville
76,690,Thil-Manneville
76,691,Le Thil-Riberpré
76,692,Thiouville
76,693,Le Tilleul
76,694,Tocqueville-en-Caux
76,695,Tocqueville-les-Murs
76,697,Torcy-le-Grand
76,698,Torcy-le-Petit
76,699,Le Torp-Mesnil
76,700,Tôtes
76,702,Touffreville-la-Corbeline
76,703,Touffreville-sur-Eu
76,705,Tourville-la-Rivière
76,706,Tourville-les-Ifs
76,707,Tourville-sur-Arques
76,708,Toussaint
76,709,Le Trait
76,710,Trémauville
76,711,Le Tréport
76,712,La Trinité-du-Mont
76,714,Les Trois-Pierres
76,715,Trouville-Alliquerville
76,716,Turretot
76,717,Val-de-la-Haye
76,718,Valliquerville
76,719,Valmont
76,720,Varengeville-sur-Mer
76,721,Varneville-Bretteville
76,723,Vassonville
76,724,Vatierville
76,725,Vattetot-sous-Beaumont
76,726,Vattetot-sur-Mer
76,727,Vatteville-la-Rue
76,728,La Vaupalière
76,730,Veauville-lès-Quelles
76,731,Vénestanville
76,732,Butot-Vénesville
76,733,Ventes-Saint-Rémy
76,734,Vergetot
76,735,Veules-les-Roses
76,736,Veulettes-sur-Mer
76,737,Vibeuf
76,738,Vieux-Manoir
76,739,Vieux-Rouen-sur-Bresle
76,740,La Vieux-Rue
76,741,Villainville
76,743,Villers-Écalles
76,744,Villers-sous-Foucarmont
76,745,Villy-sur-Yères
76,746,Vinnemerville
76,747,Virville
76,748,Vittefleur
76,749,Wanchy-Capval
76,750,Yainville
76,751,Yébleron
76,752,Yerville
76,753,Ymare
76,754,Yport
76,755,Ypreville-Biville
76,756,Yquebeuf
76,757,Yvecrique
76,758,Yvetot
76,759,Yville-sur-Seine
77,001,Achères-la-Forêt
77,002,Amillis
77,003,Amponville
77,004,Andrezel
77,005,Annet-sur-Marne
77,006,Arbonne-la-Forêt
77,007,Argentières
77,008,Armentières-en-Brie
77,009,Arville
77,010,Aubepierre-Ozouer-le-Repos
77,011,Aufferville
77,012,Augers-en-Brie
77,013,Aulnoy
77,014,Avon
77,015,Baby
77,016,Bagneaux-sur-Loing
77,018,Bailly-Romainvilliers
77,019,Balloy
77,020,Bannost-Villegagnon
77,021,Barbey
77,022,Barbizon
77,023,Barcy
77,024,Bassevelle
77,025,Bazoches-lès-Bray
77,026,Beauchery-Saint-Martin
77,027,Beaumont-du-Gâtinais
77,029,Beauvoir
77,030,Bellot
77,031,Bernay-Vilbert
77,032,Beton-Bazoches
77,033,Bezalles
77,034,Blandy
77,035,Blennes
77,036,Boisdon
77,037,Bois-le-Roi
77,038,Boissettes
77,039,Boissise-la-Bertrand
77,040,Boissise-le-Roi
77,041,Boissy-aux-Cailles
77,042,Boissy-le-Châtel
77,043,Boitron
77,044,Bombon
77,045,Bougligny
77,046,Boulancourt
77,047,Bouleurs
77,048,Bourron-Marlotte
77,049,Boutigny
77,050,Bransles
77,051,Bray-sur-Seine
77,052,Bréau
77,053,Brie-Comte-Robert
77,054,La Brosse-Montceaux
77,055,Brou-sur-Chantereine
77,056,Burcy
77,057,Bussières
77,058,Bussy-Saint-Georges
77,059,Bussy-Saint-Martin
77,060,Buthiers
77,061,Cannes-Écluse
77,062,Carnetin
77,063,La Celle-sur-Morin
77,065,Cély
77,066,Cerneux
77,067,Cesson
77,068,Cessoy-en-Montois
77,069,Chailly-en-Bière
77,070,Chailly-en-Brie
77,071,Chaintreaux
77,072,Chalautre-la-Grande
77,073,Chalautre-la-Petite
77,075,Chalifert
77,076,Chalmaison
77,077,Chambry
77,078,Chamigny
77,079,Champagne-sur-Seine
77,080,Champcenest
77,081,Champdeuil
77,082,Champeaux
77,083,Champs-sur-Marne
77,084,Changis-sur-Marne
77,085,Chanteloup-en-Brie
77,086,La Chapelle-Gauthier
77,087,La Chapelle-Iger
77,088,La Chapelle-la-Reine
77,089,La Chapelle-Rablais
77,090,La Chapelle-Saint-Sulpice
77,091,Les Chapelles-Bourbon
77,093,La Chapelle-Moutils
77,094,Charmentray
77,095,Charny
77,096,Chartrettes
77,097,Chartronges
77,098,Châteaubleau
77,099,Château-Landon
77,100,Le Châtelet-en-Brie
77,101,Châtenay-sur-Seine
77,102,Châtenoy
77,103,Châtillon-la-Borde
77,104,Châtres
77,106,Chauffry
77,107,Chaumes-en-Brie
77,108,Chelles
77,109,Chenoise-Cucharmoy
77,110,Chenou
77,111,Chessy
77,112,Chevrainvilliers
77,113,Chevru
77,114,Chevry-Cossigny
77,115,Chevry-en-Sereine
77,116,Choisy-en-Brie
77,117,Citry
77,118,Claye-Souilly
77,119,Clos-Fontaine
77,120,Cocherel
77,121,Collégien
77,122,Combs-la-Ville
77,123,Compans
77,124,Conches-sur-Gondoire
77,125,Condé-Sainte-Libiaire
77,126,Congis-sur-Thérouanne
77,127,Coubert
77,128,Couilly-Pont-aux-Dames
77,129,Coulombs-en-Valois
77,130,Coulommes
77,131,Coulommiers
77,132,Coupvray
77,133,Courcelles-en-Bassée
77,134,Courchamp
77,135,Courpalay
77,136,Courquetaine
77,137,Courtacon
77,138,Courtomer
77,139,Courtry
77,140,Coutençon
77,141,Coutevroult
77,142,Crécy-la-Chapelle
77,143,Crégy-lès-Meaux
77,144,Crèvecœur-en-Brie
77,145,Crisenoy
77,146,Croissy-Beaubourg
77,147,La Croix-en-Brie
77,148,Crouy-sur-Ourcq
77,150,Cuisy
77,151,Dagny
77,152,Dammarie-les-Lys
77,153,Dammartin-en-Goële
77,154,Dammartin-sur-Tigeaux
77,155,Dampmart
77,156,Darvault
77,157,Dhuisy
77,158,Diant
77,159,Donnemarie-Dontilly
77,161,Dormelles
77,162,Doue
77,163,Douy-la-Ramée
77,164,Échouboulains
77,165,Les Écrennes
77,167,Égligny
77,168,Égreville
77,169,Émerainville
77,171,Esbly
77,172,Esmans
77,173,Étrépilly
77,174,Everly
77,175,Évry-Grégy-sur-Yerre
77,176,Faremoutiers
77,177,Favières
77,178,Faÿ-lès-Nemours
77,179,Féricy
77,180,Férolles-Attilly
77,181,Ferrières-en-Brie
77,182,La Ferté-Gaucher
77,183,La Ferté-sous-Jouarre
77,184,Flagy
77,185,Fleury-en-Bière
77,186,Fontainebleau
77,187,Fontaine-Fourches
77,188,Fontaine-le-Port
77,190,Fontains
77,191,Fontenailles
77,192,Fontenay-Trésigny
77,193,Forfry
77,194,Forges
77,195,Fouju
77,196,Fresnes-sur-Marne
77,197,Frétoy
77,198,Fromont
77,199,Fublaines
77,200,Garentreville
77,201,Gastins
77,202,La Genevraye
77,203,Germigny-l'Évêque
77,204,Germigny-sous-Coulombs
77,205,Gesvres-le-Chapitre
77,206,Giremoutiers
77,207,Gironville
77,208,Gouaix
77,209,Gouvernes
77,210,La Grande-Paroisse
77,211,Grandpuits-Bailly-Carrois
77,212,Gravon
77,214,Gressy
77,215,Gretz-Armainvilliers
77,216,Grez-sur-Loing
77,217,Grisy-Suisnes
77,218,Grisy-sur-Seine
77,219,Guérard
77,220,Guercheville
77,221,Guermantes
77,222,Guignes
77,223,Gurcy-le-Châtel
77,224,Hautefeuille
77,225,La Haute-Maison
77,226,Héricy
77,227,Hermé
77,228,Hondevilliers
77,229,La Houssaye-en-Brie
77,230,Ichy
77,231,Isles-les-Meldeuses
77,232,Isles-lès-Villenoy
77,233,Iverny
77,234,Jablines
77,235,Jaignes
77,236,Jaulnes
77,237,Jossigny
77,238,Jouarre
77,239,Jouy-le-Châtel
77,240,Jouy-sur-Morin
77,241,Juilly
77,242,Jutigny
77,243,Lagny-sur-Marne
77,244,Larchant
77,245,Laval-en-Brie
77,246,Léchelle
77,247,Lescherolles
77,248,Lesches
77,249,Lésigny
77,250,Leudon-en-Brie
77,251,Lieusaint
77,252,Limoges-Fourches
77,253,Lissy
77,254,Liverdy-en-Brie
77,255,Livry-sur-Seine
77,256,Lizines
77,257,Lizy-sur-Ourcq
77,258,Lognes
77,259,Longperrier
77,260,Longueville
77,261,Lorrez-le-Bocage-Préaux
77,262,Louan-Villegruis-Fontaine
77,263,Luisetaines
77,264,Lumigny-Nesles-Ormeaux
77,265,Luzancy
77,266,Machault
77,267,La Madeleine-sur-Loing
77,268,Magny-le-Hongre
77,269,Maincy
77,270,Maisoncelles-en-Brie
77,271,Maisoncelles-en-Gâtinais
77,272,Maison-Rouge
77,273,Marchémoret
77,274,Marcilly
77,275,Les Marêts
77,276,Mareuil-lès-Meaux
77,277,Marles-en-Brie
77,278,Marolles-en-Brie
77,279,Marolles-sur-Seine
77,280,Mary-sur-Marne
77,281,Mauperthuis
77,282,Mauregard
77,283,May-en-Multien
77,284,Meaux
77,285,Le Mée-sur-Seine
77,286,Meigneux
77,287,Meilleray
77,288,Melun
77,289,Melz-sur-Seine
77,290,Méry-sur-Marne
77,291,Le Mesnil-Amelot
77,292,Messy
77,293,Misy-sur-Yonne
77,294,Mitry-Mory
77,295,Moisenay
77,296,Moissy-Cramayel
77,297,Mondreville
77,298,Mons-en-Montois
77,300,Montceaux-lès-Meaux
77,301,Montceaux-lès-Provins
77,302,Moncourt-Fromonville
77,303,Montdauphin
77,304,Montenils
77,305,Montereau-Fault-Yonne
77,306,Montereau-sur-le-Jard
77,307,Montévrain
77,308,Montgé-en-Goële
77,309,Monthyon
77,310,Montigny-le-Guesdier
77,311,Montigny-Lencoup
77,312,Montigny-sur-Loing
77,313,Montmachoux
77,314,Montolivet
77,315,Montry
77,316,Moret-Loing-et-Orvanne
77,317,Mormant
77,318,Mortcerf
77,319,Mortery
77,320,Mouroux
77,321,Mousseaux-lès-Bray
77,322,Moussy-le-Neuf
77,323,Moussy-le-Vieux
77,325,Mouy-sur-Seine
77,326,Nandy
77,327,Nangis
77,328,Nanteau-sur-Essonne
77,329,Nanteau-sur-Lunain
77,330,Nanteuil-lès-Meaux
77,331,Nanteuil-sur-Marne
77,332,Nantouillet
77,333,Nemours
77,335,Chauconin-Neufmontiers
77,336,Neufmoutiers-en-Brie
77,337,Noisiel
77,338,Noisy-Rudignon
77,339,Noisy-sur-École
77,340,Nonville
77,341,Noyen-sur-Seine
77,342,Obsonville
77,343,Ocquerre
77,344,Oissery
77,345,Orly-sur-Morin
77,347,Les Ormes-sur-Voulzie
77,348,Ormesson
77,349,Othis
77,350,Ozoir-la-Ferrière
77,352,Ozouer-le-Voulgis
77,353,Paley
77,354,Pamfou
77,355,Paroy
77,356,Passy-sur-Seine
77,357,Pécy
77,358,Penchard
77,359,Perthes
77,360,Pézarches
77,361,Pierre-Levée
77,363,Le Pin
77,364,Le Plessis-aux-Bois
77,365,Le Plessis-Feu-Aussoux
77,366,Le Plessis-l'Évêque
77,367,Le Plessis-Placy
77,368,Poigny
77,369,Poincy
77,370,Poligny
77,371,Pommeuse
77,372,Pomponne
77,373,Pontault-Combault
77,374,Pontcarré
77,376,Précy-sur-Marne
77,377,Presles-en-Brie
77,378,Pringy
77,379,Provins
77,380,Puisieux
77,381,Quiers
77,382,Quincy-Voisins
77,383,Rampillon
77,384,Réau
77,385,Rebais
77,386,Recloses
77,387,Remauville
77,388,Reuil-en-Brie
77,389,La Rochette
77,390,Roissy-en-Brie
77,391,Rouilly
77,392,Rouvres
77,393,Rozay-en-Brie
77,394,Rubelles
77,395,Rumont
77,396,Rupéreux
77,397,Saâcy-sur-Marne
77,398,Sablonnières
77,400,Saint-Augustin
77,401,Sainte-Aulde
77,402,Saint-Barthélemy
77,403,Saint-Brice
77,404,Sainte-Colombe
77,405,Saint-Cyr-sur-Morin
77,406,Saint-Denis-lès-Rebais
77,407,Saint-Fargeau-Ponthierry
77,408,Saint-Fiacre
77,409,Saint-Germain-Laval
77,410,Saint-Germain-Laxis
77,411,Saint-Germain-sous-Doue
77,412,Saint-Germain-sur-École
77,413,Saint-Germain-sur-Morin
77,414,Saint-Hilliers
77,415,Saint-Jean-les-Deux-Jumeaux
77,416,Saint-Just-en-Brie
77,417,Saint-Léger
77,418,Saint-Loup-de-Naud
77,419,Saint-Mammès
77,420,Saint-Mard
77,421,Saint-Mars-Vieux-Maisons
77,423,Saint-Martin-des-Champs
77,424,Saint-Martin-du-Boschet
77,425,Saint-Martin-en-Bière
77,426,Saint-Méry
77,427,Saint-Mesmes
77,428,Saint-Ouen-en-Brie
77,429,Saint-Ouen-sur-Morin
77,430,Saint-Pathus
77,431,Saint-Pierre-lès-Nemours
77,432,Saint-Rémy-de-la-Vanne
77,433,Beautheil-Saints
77,434,Saint-Sauveur-lès-Bray
77,435,Saint-Sauveur-sur-École
77,436,Saint-Siméon
77,437,Saint-Soupplets
77,438,Saint-Thibault-des-Vignes
77,439,Salins
77,440,Sammeron
77,441,Samois-sur-Seine
77,442,Samoreau
77,443,Sancy
77,444,Sancy-lès-Provins
77,445,Savigny-le-Temple
77,446,Savins
77,447,Seine-Port
77,448,Sept-Sorts
77,449,Serris
77,450,Servon
77,451,Signy-Signets
77,452,Sigy
77,453,Sivry-Courtry
77,454,Sognolles-en-Montois
77,455,Soignolles-en-Brie
77,456,Soisy-Bouy
77,457,Solers
77,458,Souppes-sur-Loing
77,459,Sourdun
77,460,Tancrou
77,461,Thénisy
77,462,Thieux
77,463,Thomery
77,464,Thorigny-sur-Marne
77,465,Thoury-Férottes
77,466,Tigeaux
77,467,La Tombe
77,468,Torcy
77,469,Touquin
77,470,Tournan-en-Brie
77,471,Tousson
77,472,La Trétoire
77,473,Treuzy-Levelay
77,474,Trilbardou
77,475,Trilport
77,476,Trocy-en-Multien
77,477,Ury
77,478,Ussy-sur-Marne
77,479,Vaires-sur-Marne
77,480,Valence-en-Brie
77,481,Vanvillé
77,482,Varennes-sur-Seine
77,483,Varreddes
77,484,Vaucourtois
77,485,Le Vaudoué
77,486,Vaudoy-en-Brie
77,487,Vaux-le-Pénil
77,489,Vaux-sur-Lunain
77,490,Vendrest
77,492,Verdelot
77,493,Verneuil-l'Étang
77,494,Vernou-la-Celle-sur-Seine
77,495,Vert-Saint-Denis
77,496,Vieux-Champagne
77,498,Vignely
77,500,Villebéon
77,501,Villecerf
77,504,Villemaréchal
77,505,Villemareuil
77,506,Villemer
77,507,Villenauxe-la-Petite
77,508,Villeneuve-le-Comte
77,509,Villeneuve-les-Bordes
77,510,Villeneuve-Saint-Denis
77,511,Villeneuve-sous-Dammartin
77,512,Villeneuve-sur-Bellot
77,513,Villenoy
77,514,Villeparisis
77,515,Villeroy
77,516,Ville-Saint-Jacques
77,517,Villevaudé
77,518,Villiers-en-Bière
77,519,Villiers-Saint-Georges
77,520,Villiers-sous-Grez
77,521,Villiers-sur-Morin
77,522,Villiers-sur-Seine
77,523,Villuis
77,524,Vimpelles
77,525,Vinantes
77,526,Vincy-Manœuvre
77,527,Voinsles
77,528,Voisenon
77,529,Voulangis
77,530,Voulton
77,531,Voulx
77,532,Vulaines-lès-Provins
77,533,Vulaines-sur-Seine
77,534,Yèbles
78,003,Ablis
78,005,Achères
78,006,Adainville
78,007,Aigremont
78,009,Allainville
78,010,Les Alluets-le-Roi
78,013,Andelu
78,015,Andrésy
78,020,Arnouville-lès-Mantes
78,029,Aubergenville
78,030,Auffargis
78,031,Auffreville-Brasseuil
78,033,Aulnay-sur-Mauldre
78,034,Auteuil
78,036,Autouillet
78,043,Bailly
78,048,Bazainville
78,049,Bazemont
78,050,Bazoches-sur-Guyonne
78,053,Béhoust
78,057,Bennecourt
78,062,Beynes
78,068,Blaru
78,070,Boinville-en-Mantois
78,071,Boinville-le-Gaillard
78,072,Boinvilliers
78,073,Bois-d'Arcy
78,076,Boissets
78,077,La Boissière-École
78,082,Boissy-Mauvoisin
78,084,Boissy-sans-Avoir
78,087,Bonnelles
78,089,Bonnières-sur-Seine
78,090,Bouafle
78,092,Bougival
78,096,Bourdonné
78,104,Breuil-Bois-Robert
78,107,Bréval
78,108,Les Bréviaires
78,113,Brueil-en-Vexin
78,117,Buc
78,118,Buchelay
78,120,Bullion
78,123,Carrières-sous-Poissy
78,124,Carrières-sur-Seine
78,125,La Celle-les-Bordes
78,126,La Celle-Saint-Cloud
78,128,Cernay-la-Ville
78,133,Chambourcy
78,138,Chanteloup-les-Vignes
78,140,Chapet
78,143,Châteaufort
78,146,Chatou
78,147,Chaufour-lès-Bonnières
78,152,Chavenay
78,158,Le Chesnay-Rocquencourt
78,160,Chevreuse
78,162,Choisel
78,163,Civry-la-Forêt
78,164,Clairefontaine-en-Yvelines
78,165,Les Clayes-sous-Bois
78,168,Coignières
78,171,Condé-sur-Vesgre
78,172,Conflans-Sainte-Honorine
78,185,Courgent
78,188,Cravent
78,189,Crespières
78,190,Croissy-sur-Seine
78,192,Dammartin-en-Serve
78,193,Dampierre-en-Yvelines
78,194,Dannemarie
78,196,Davron
78,202,Drocourt
78,206,Ecquevilly
78,208,Élancourt
78,209,Émancé
78,217,Épône
78,220,Les Essarts-le-Roi
78,224,L'Étang-la-Ville
78,227,Évecquemont
78,230,La Falaise
78,231,Favrieux
78,233,Feucherolles
78,234,Flacourt
78,236,Flexanville
78,237,Flins-Neuve-Église
78,238,Flins-sur-Seine
78,239,Follainville-Dennemont
78,242,Fontenay-le-Fleury
78,245,Fontenay-Mauvoisin
78,246,Fontenay-Saint-Père
78,255,Freneuse
78,261,Gaillon-sur-Montcient
78,262,Galluis
78,263,Gambais
78,264,Gambaiseuil
78,265,Garancières
78,267,Gargenville
78,269,Gazeran
78,276,Gommecourt
78,278,Goupillières
78,281,Goussonville
78,283,Grandchamp
78,285,Gressey
78,289,Grosrouvre
78,290,Guernes
78,291,Guerville
78,296,Guitrancourt
78,297,Guyancourt
78,299,Hardricourt
78,300,Hargeville
78,302,La Hauteville
78,305,Herbeville
78,307,Hermeray
78,310,Houdan
78,311,Houilles
78,314,Issou
78,317,Jambville
78,320,Notre-Dame-de-la-Mer
78,321,Jouars-Pontchartrain
78,322,Jouy-en-Josas
78,324,Jouy-Mauvoisin
78,325,Jumeauville
78,327,Juziers
78,329,Lainville-en-Vexin
78,334,Lévis-Saint-Nom
78,335,Limay
78,337,Limetz-Villez
78,343,Les Loges-en-Josas
78,344,Lommoye
78,346,Longnes
78,349,Longvilliers
78,350,Louveciennes
78,354,Magnanville
78,356,Magny-les-Hameaux
78,358,Maisons-Laffitte
78,361,Mantes-la-Jolie
78,362,Mantes-la-Ville
78,364,Marcq
78,366,Mareil-le-Guyon
78,367,Mareil-Marly
78,368,Mareil-sur-Mauldre
78,372,Marly-le-Roi
78,380,Maule
78,381,Maulette
78,382,Maurecourt
78,383,Maurepas
78,384,Médan
78,385,Ménerville
78,389,Méré
78,391,Méricourt
78,396,Le Mesnil-le-Roi
78,397,Le Mesnil-Saint-Denis
78,398,Les Mesnuls
78,401,Meulan-en-Yvelines
78,402,Mézières-sur-Seine
78,403,Mézy-sur-Seine
78,404,Millemont
78,406,Milon-la-Chapelle
78,407,Mittainville
78,410,Moisson
78,413,Mondreville
78,415,Montainville
78,416,Montalet-le-Bois
78,417,Montchauvet
78,418,Montesson
78,420,Montfort-l'Amaury
78,423,Montigny-le-Bretonneux
78,431,Morainvilliers
78,437,Mousseaux-sur-Seine
78,439,Mulcent
78,440,Les Mureaux
78,442,Neauphle-le-Château
78,443,Neauphle-le-Vieux
78,444,Neauphlette
78,451,Nézel
78,455,Noisy-le-Roi
78,460,Oinville-sur-Montcient
78,464,Orcemont
78,465,Orgerus
78,466,Orgeval
78,470,Orphin
78,472,Orsonville
78,474,Orvilliers
78,475,Osmoy
78,478,Paray-Douaville
78,481,Le Pecq
78,484,Perdreauville
78,486,Le Perray-en-Yvelines
78,490,Plaisir
78,497,Poigny-la-Forêt
78,498,Poissy
78,499,Ponthévrard
78,501,Porcheville
78,502,Le Port-Marly
78,505,Prunay-le-Temple
78,506,Prunay-en-Yvelines
78,513,La Queue-les-Yvelines
78,516,Raizeux
78,517,Rambouillet
78,518,Rennemoulin
78,520,Richebourg
78,522,Rochefort-en-Yvelines
78,528,Rolleboise
78,530,Rosay
78,531,Rosny-sur-Seine
78,536,Sailly
78,537,Saint-Arnoult-en-Yvelines
78,545,Saint-Cyr-l'École
78,548,Saint-Forget
78,550,Saint-Germain-de-la-Grange
78,551,Saint-Germain-en-Laye
78,557,Saint-Hilarion
78,558,Saint-Illiers-la-Ville
78,559,Saint-Illiers-le-Bois
78,561,Saint-Lambert
78,562,Saint-Léger-en-Yvelines
78,564,Saint-Martin-de-Bréthencourt
78,565,Saint-Martin-des-Champs
78,567,Saint-Martin-la-Garenne
78,569,Sainte-Mesme
78,571,Saint-Nom-la-Bretèche
78,575,Saint-Rémy-lès-Chevreuse
78,576,Saint-Rémy-l'Honoré
78,586,Sartrouville
78,588,Saulx-Marchais
78,590,Senlisse
78,591,Septeuil
78,597,Soindres
78,601,Sonchamp
78,605,Tacoignières
78,606,Le Tartre-Gaudran
78,608,Le Tertre-Saint-Denis
78,609,Tessancourt-sur-Aubette
78,615,Thiverval-Grignon
78,616,Thoiry
78,618,Tilly
78,620,Toussus-le-Noble
78,621,Trappes
78,623,Le Tremblay-sur-Mauldre
78,624,Triel-sur-Seine
78,638,Vaux-sur-Seine
78,640,Vélizy-Villacoublay
78,642,Verneuil-sur-Seine
78,643,Vernouillet
78,644,La Verrière
78,646,Versailles
78,647,Vert
78,650,Le Vésinet
78,653,Vicq
78,655,Vieille-Église-en-Yvelines
78,668,La Villeneuve-en-Chevrie
78,672,Villennes-sur-Seine
78,674,Villepreux
78,677,Villette
78,681,Villiers-le-Mahieu
78,683,Villiers-Saint-Frédéric
78,686,Viroflay
78,688,Voisins-le-Bretonneux
79,001,L'Absie
79,002,Adilly
79,003,Aiffres
79,005,Airvault
79,007,Allonne
79,008,Amailloux
79,009,Amuré
79,010,Arçais
79,012,Ardin
79,013,Argentonnay
79,014,Loretz-d'Argenton
79,015,Asnières-en-Poitou
79,016,Assais-les-Jumeaux
79,018,Aubigné
79,019,Aubigny
79,020,Augé
79,022,Availles-Thouarsais
79,023,Avon
79,024,Azay-le-Brûlé
79,025,Azay-sur-Thouet
79,029,Beaulieu-sous-Parthenay
79,030,Beaussais-Vitré
79,031,Beauvoir-sur-Niort
79,032,Béceleuf
79,034,Bessines
79,038,Boismé
79,040,La Boissière-en-Gâtine
79,042,Bougon
79,046,Le Bourdet
79,047,Boussais
79,048,La Crèche
79,049,Bressuire
79,050,Bretignolles
79,055,Brieuil-sur-Chizé
79,056,Brion-près-Thouet
79,057,Brioux-sur-Boutonne
79,058,Brûlain
79,059,Le Busseau
79,061,Celles-sur-Belle
79,062,Cerizay
79,063,Val en Vignes
79,064,Fontivillié
79,066,Champdeniers
79,069,Chanteloup
79,070,La Chapelle-Bâton
79,071,La Chapelle-Bertrand
79,074,La Chapelle-Pouilloux
79,076,La Chapelle-Saint-Laurent
79,077,Beugnon-Thireuil
79,078,Plaine-d'Argenson
79,079,Mauléon
79,080,Châtillon-sur-Thouet
79,081,Chauray
79,083,Chef-Boutonne
79,084,Chenay
79,085,Chérigné
79,086,Cherveux
79,087,Chey
79,088,Chiché
79,089,Le Chillou
79,090,Chizé
79,091,Cirières
79,092,Clavé
79,094,Clessé
79,095,Clussais-la-Pommeraie
79,096,Combrand
79,100,Coulon
79,101,Coulonges-sur-l'Autize
79,102,Coulonges-Thouarsais
79,103,Courlay
79,104,Cours
79,105,Les Châteliers
79,106,Couture-d'Argenson
79,108,Doux
79,109,Échiré
79,111,Ensigné
79,112,Épannes
79,114,Exireuil
79,115,Exoudun
79,116,Faye-l'Abbesse
79,117,Faye-sur-Ardin
79,118,Fénery
79,119,Fenioux
79,120,La Ferrière-en-Parthenay
79,121,Fomperron
79,122,Fontenille-Saint-Martin-d'Entraigues
79,123,La Forêt-sur-Sèvre
79,124,Les Forges
79,125,Fors
79,126,Les Fosses
79,127,La Foye-Monjault
79,128,François
79,129,Fressines
79,130,Frontenay-Rohan-Rohan
79,131,Geay
79,132,Genneton
79,133,Germond-Rouvre
79,134,Glénay
79,135,Gourgé
79,136,Alloinay
79,137,Granzay-Gript
79,139,Les Groseillers
79,140,Valdelaume
79,141,Irais
79,142,Juillé
79,144,Juscorps
79,145,Lageon
79,147,Largeasse
79,148,Lezay
79,149,Lhoumois
79,150,Limalonges
79,152,Lorigné
79,153,Loubigné
79,154,Loubillé
79,156,Louin
79,157,Louzy
79,158,Luché-sur-Brioux
79,159,Luché-Thouarsais
79,160,Lusseray
79,161,Luzay
79,162,Magné
79,163,Mairé-Levescault
79,164,Maisonnay
79,165,Maisontiers
79,166,Marigny
79,167,Marnes
79,170,Mauzé-sur-le-Mignon
79,172,Mazières-en-Gâtine
79,174,Melle
79,175,Melleran
79,176,Ménigoute
79,177,Messé
79,179,Moncoutant-sur-Sèvre
79,183,Montravers
79,184,La Mothe-Saint-Héray
79,185,Aigondigné
79,189,Nanteuil
79,190,Neuvy-Bouin
79,191,Niort
79,195,Nueil-les-Aubiers
79,196,Plaine-et-Vallées
79,197,Oroux
79,198,Paizay-le-Chapt
79,200,Pamplie
79,201,Pamproux
79,202,Parthenay
79,203,Pas-de-Jeu
79,204,Périgné
79,207,La Petite-Boissière
79,208,La Peyratte
79,209,Pierrefitte
79,210,Le Pin
79,213,Pompaire
79,215,Pougne-Hérisson
79,216,Prahecq
79,217,Prailles-La Couarde
79,218,Pressigny
79,220,Prin-Deyrançon
79,223,Puihardy
79,225,Reffannes
79,226,Le Retail
79,229,La Rochénard
79,230,Rom
79,231,Romans
79,235,Saint-Amand-sur-Sèvre
79,236,Saint-André-sur-Sèvre
79,238,Saint-Aubin-du-Plain
79,239,Saint-Aubin-le-Cloud
79,241,Saint-Christophe-sur-Roc
79,242,Voulmentin
79,243,Saint-Coutant
79,244,Saint-Cyr-la-Lande
79,246,Sainte-Eanne
79,249,Saint-Gelais
79,250,Sainte-Gemme
79,251,Marcillé
79,252,Saint-Généroux
79,253,Saint-Georges-de-Noisné
79,254,Saint-Georges-de-Rex
79,255,Saint-Germain-de-Longue-Chaume
79,256,Saint-Germier
79,257,Saint-Hilaire-la-Palud
79,258,Saint-Jacques-de-Thouars
79,259,Saint-Jean-de-Thouars
79,263,Saint-Laurs
79,265,Saint-Léger-de-Montbrun
79,267,Saint-Lin
79,268,Saint-Loup-Lamairé
79,269,Saint-Maixent-de-Beugné
79,270,Saint-Maixent-l'École
79,271,Saint-Marc-la-Lande
79,273,Saint-Martin-de-Bernegoue
79,274,Saint-Martin-de-Mâcon
79,276,Saint-Martin-de-Saint-Maixent
79,277,Saint-Martin-de-Sanzay
79,278,Saint-Martin-du-Fouilloux
79,280,Saint Maurice Étusson
79,281,Saint-Maxire
79,283,Sainte-Néomaye
79,284,Sainte-Ouenne
79,285,Saint-Pardoux-Soutiers
79,286,Saint-Paul-en-Gâtine
79,289,Saint-Pierre-des-Échaubrognes
79,290,Saint-Pompain
79,293,Saint-Rémy
79,294,Saint-Romans-des-Champs
79,295,Saint-Romans-lès-Melle
79,297,Sainte-Soline
79,298,Saint-Symphorien
79,299,Saint-Varent
79,300,Sainte-Verge
79,301,Saint-Vincent-la-Châtre
79,302,Saivres
79,303,Salles
79,304,Sansais
79,306,Saurais
79,307,Sauzé-entre-Bois
79,308,Sciecq
79,309,Scillé
79,310,Secondigné-sur-Belle
79,311,Secondigny
79,312,Séligné
79,313,Sepvret
79,316,Soudan
79,319,Souvigné
79,320,Surin
79,322,Le Tallud
79,326,Thénezay
79,329,Thouars
79,331,Tourtenay
79,332,Trayes
79,334,Val-du-Mignon
79,335,Vallans
79,336,Vançais
79,337,Le Vanneau-Irleau
79,338,Vanzay
79,339,Vasles
79,340,Vausseroux
79,341,Vautebis
79,342,Vernoux-en-Gâtine
79,343,Vernoux-sur-Boutonne
79,345,Verruyes
79,346,Le Vert
79,347,Viennay
79,348,Villefollet
79,349,Villemain
79,350,Villiers-en-Bois
79,351,Villiers-en-Plaine
79,352,Villiers-sur-Chizé
79,354,Vouhé
79,355,Vouillé
79,357,Xaintray
80,001,Abbeville
80,002,Ablaincourt-Pressoir
80,003,Acheux-en-Amiénois
80,004,Acheux-en-Vimeu
80,005,Agenville
80,006,Agenvillers
80,008,Aigneville
80,009,Ailly-le-Haut-Clocher
80,010,Ailly-sur-Noye
80,011,Ailly-sur-Somme
80,013,Airaines
80,014,Aizecourt-le-Bas
80,015,Aizecourt-le-Haut
80,016,Albert
80,017,Allaines
80,018,Allenay
80,019,Allery
80,020,Allonville
80,021,Amiens
80,022,Andainville
80,023,Andechy
80,024,Argœuves
80,025,Argoules
80,026,Arguel
80,027,Armancourt
80,028,Arquèves
80,029,Arrest
80,030,Arry
80,031,Arvillers
80,032,Assainvillers
80,033,Assevillers
80,034,Athies
80,035,Aubercourt
80,036,Aubigny
80,037,Aubvillers
80,038,Auchonvillers
80,039,Ault
80,040,Aumâtre
80,041,Aumont
80,042,Autheux
80,043,Authie
80,044,Authieule
80,045,Authuille
80,046,Avelesges
80,047,Aveluy
80,048,Avesnes-Chaussoy
80,049,Ayencourt
80,050,Bacouel-sur-Selle
80,051,Bailleul
80,052,Baizieux
80,053,Balâtre
80,054,Barleux
80,055,Barly
80,056,Bavelincourt
80,057,Bayencourt
80,058,Bayonvillers
80,059,Bazentin
80,060,Béalcourt
80,061,Beaucamps-le-Jeune
80,062,Beaucamps-le-Vieux
80,063,Beauchamps
80,064,Beaucourt-en-Santerre
80,065,Beaucourt-sur-l'Ancre
80,066,Beaucourt-sur-l'Hallue
80,067,Beaufort-en-Santerre
80,068,Beaumetz
80,069,Beaumont-Hamel
80,070,Beauquesne
80,071,Beauval
80,073,Bécordel-Bécourt
80,074,Becquigny
80,076,Béhen
80,077,Béhencourt
80,078,Bellancourt
80,079,Belleuse
80,080,Belloy-en-Santerre
80,081,Belloy-Saint-Léonard
80,082,Belloy-sur-Somme
80,083,Bergicourt
80,084,Bermesnil
80,085,Bernâtre
80,086,Bernaville
80,087,Bernay-en-Ponthieu
80,088,Bernes
80,089,Berneuil
80,090,Berny-en-Santerre
80,092,Bertangles
80,093,Berteaucourt-les-Dames
80,094,Berteaucourt-lès-Thennes
80,095,Bertrancourt
80,096,Béthencourt-sur-Mer
80,097,Béthencourt-sur-Somme
80,098,Bettembos
80,099,Bettencourt-Rivière
80,100,Bettencourt-Saint-Ouen
80,101,Beuvraignes
80,102,Biaches
80,103,Biarre
80,104,Biencourt
80,105,Billancourt
80,106,Blangy-sous-Poix
80,107,Blangy-Tronville
80,108,Boisbergues
80,109,Le Boisle
80,110,Boismont
80,112,Bonnay
80,113,Bonneville
80,114,Bosquel
80,115,Bouchavesnes-Bergen
80,116,Bouchoir
80,117,Bouchon
80,118,Boufflers
80,119,Bougainville
80,120,Bouillancourt-en-Séry
80,121,Bouillancourt-la-Bataille
80,122,Bouquemaison
80,123,Bourdon
80,124,Bourseville
80,125,Boussicourt
80,126,Bouttencourt
80,127,Bouvaincourt-sur-Bresle
80,128,Bouvincourt-en-Vermandois
80,129,Bouzincourt
80,130,Bovelles
80,131,Boves
80,132,Braches
80,133,Brailly-Cornehotte
80,134,Brassy
80,135,Bray-lès-Mareuil
80,136,Bray-sur-Somme
80,137,Breilly
80,138,Bresle
80,139,Breuil
80,140,Brévillers
80,141,Brie
80,142,Briquemesnil-Floxicourt
80,143,Brocourt
80,144,Brouchy
80,145,Brucamps
80,146,Brutelles
80,147,Buigny-l'Abbé
80,148,Buigny-lès-Gamaches
80,149,Buigny-Saint-Maclou
80,150,Buire-Courcelles
80,151,Buire-sur-l'Ancre
80,152,Bus-la-Mésière
80,153,Bus-lès-Artois
80,154,Bussu
80,155,Bussus-lès-Yaucourt
80,156,Bussy-lès-Daours
80,157,Bussy-lès-Poix
80,158,Buverchy
80,159,Cachy
80,160,Cagny
80,161,Cahon
80,162,Caix
80,163,Cambron
80,164,Camon
80,165,Camps-en-Amiénois
80,166,Canaples
80,167,Canchy
80,168,Candas
80,169,Cannessières
80,170,Cantigny
80,171,Caours
80,172,Cappy
80,173,Cardonnette
80,174,Le Cardonnois
80,176,Carrépuis
80,177,Cartigny
80,179,Caulières
80,180,Cavillon
80,181,Cayeux-en-Santerre
80,182,Cayeux-sur-Mer
80,183,Cerisy-Buleux
80,184,Cerisy
80,185,Champien
80,186,Chaulnes
80,187,La Chaussée-Tirancourt
80,188,Chaussoy-Epagny
80,189,La Chavatte
80,190,Chépy
80,191,Chilly
80,192,Chipilly
80,193,Chirmont
80,194,Chuignes
80,195,Chuignolles
80,196,Citerne
80,197,Cizancourt
80,198,Clairy-Saulchoix
80,199,Cléry-sur-Somme
80,200,Cocquerel
80,201,Coigneux
80,202,Coisy
80,203,Colincamps
80,204,Combles
80,205,Condé-Folie
80,206,Contalmaison
80,207,Contay
80,208,Conteville
80,210,Contre
80,211,Conty
80,212,Corbie
80,213,Cottenchy
80,214,Coullemelle
80,215,Coulonvillers
80,216,Courcelette
80,217,Courcelles-au-Bois
80,218,Courcelles-sous-Moyencourt
80,219,Courcelles-sous-Thoix
80,220,Courtemanche
80,221,Cramont
80,222,Crécy-en-Ponthieu
80,223,Crémery
80,224,Cressy-Omencourt
80,225,Creuse
80,226,Croix-Moligneaux
80,227,Croixrault
80,228,Le Crotoy
80,229,Crouy-Saint-Pierre
80,230,Curchy
80,231,Curlu
80,232,Damery
80,233,Dancourt-Popincourt
80,234,Daours
80,235,Dargnies
80,236,Davenescourt
80,237,Démuin
80,238,Dernancourt
80,239,Devise
80,240,Doingt
80,241,Domart-en-Ponthieu
80,242,Domart-sur-la-Luce
80,243,Domesmont
80,244,Dominois
80,245,Domléger-Longvillers
80,246,Dommartin
80,247,Dompierre-Becquincourt
80,248,Dompierre-sur-Authie
80,249,Domqueur
80,250,Domvast
80,251,Doudelainville
80,252,Douilly
80,253,Doullens
80,256,Dreuil-lès-Amiens
80,258,Driencourt
80,259,Dromesnil
80,260,Drucat
80,261,Dury
80,262,Eaucourt-sur-Somme
80,263,L'Échelle-Saint-Aurin
80,264,Éclusier-Vaux
80,265,Embreville
80,266,Englebelmer
80,267,Ennemain
80,268,Épagne-Épagnette
80,269,Épaumesnil
80,270,Épécamps
80,271,Épehy
80,272,Épénancourt
80,273,Éplessier
80,274,Eppeville
80,275,Équancourt
80,276,Équennes-Éramecourt
80,278,Erches
80,279,Ercheu
80,280,Ercourt
80,281,Ergnies
80,282,Érondelle
80,283,Esclainvillers
80,284,Esmery-Hallon
80,285,Essertaux
80,287,Estrébœuf
80,288,Estrées-Deniécourt
80,290,Estrées-lès-Crécy
80,291,Estrées-sur-Noye
80,292,Étalon
80,293,Ételfay
80,294,Éterpigny
80,295,Étinehem-Méricourt
80,296,L'Étoile
80,297,Étréjust
80,298,Étricourt-Manancourt
80,299,La Faloise
80,300,Falvy
80,301,Famechon
80,302,Faverolles
80,303,Favières
80,304,Fay
80,305,Ferrières
80,306,Fescamps
80,307,Feuillères
80,308,Feuquières-en-Vimeu
80,310,Fienvillers
80,311,Fignières
80,312,Fins
80,313,Flaucourt
80,314,Flers
80,315,Flers-sur-Noye
80,316,Flesselles
80,317,Fleury
80,318,Flixecourt
80,319,Fluy
80,320,Folies
80,321,Folleville
80,322,Fonches-Fonchette
80,324,Fontaine-le-Sec
80,325,Fontaine-lès-Cappy
80,326,Fontaine-sous-Montdidier
80,327,Fontaine-sur-Maye
80,328,Fontaine-sur-Somme
80,329,Forceville
80,330,Forceville-en-Vimeu
80,331,Forest-l'Abbaye
80,332,Forest-Montiers
80,333,Fort-Mahon-Plage
80,334,Fossemanant
80,335,Foucaucourt-en-Santerre
80,336,Foucaucourt-Hors-Nesle
80,337,Fouencamps
80,338,Fouilloy
80,339,Fouquescourt
80,340,Fourcigny
80,341,Fourdrinoy
80,342,Framerville-Rainecourt
80,343,Framicourt
80,344,Francières
80,345,Franleu
80,346,Franqueville
80,347,Fransart
80,348,Fransu
80,349,Fransures
80,350,Franvillers
80,351,Fréchencourt
80,352,Frémontiers
80,353,Fresnes-Mazancourt
80,354,Fresnes-Tilloloy
80,355,Fresneville
80,356,Fresnoy-Andainville
80,357,Fresnoy-au-Val
80,358,Fresnoy-en-Chaussée
80,359,Fresnoy-lès-Roye
80,360,Fressenneville
80,361,Frettecuisse
80,362,Frettemeule
80,364,Friaucourt
80,365,Fricamps
80,366,Fricourt
80,367,Frise
80,368,Friville-Escarbotin
80,369,Frohen-sur-Authie
80,371,Froyelles
80,372,Frucourt
80,373,Gamaches
80,374,Gapennes
80,375,Gauville
80,376,Gentelles
80,377,Gézaincourt
80,378,Ginchy
80,379,Glisy
80,380,Gorenflos
80,381,Gorges
80,383,Goyencourt
80,384,Grandcourt
80,385,Grand-Laviers
80,386,Gratibus
80,387,Grattepanche
80,388,Grébault-Mesnil
80,390,Grivesnes
80,391,Grivillers
80,392,Grouches-Luchuel
80,393,Gruny
80,395,Guerbigny
80,396,Gueschart
80,397,Gueudecourt
80,399,Guignemicourt
80,400,Guillaucourt
80,401,Guillemont
80,402,Guizancourt
80,403,Guyencourt-sur-Noye
80,404,Guyencourt-Saulcourt
80,405,Hailles
80,406,Hallencourt
80,407,Hallivillers
80,408,Halloy-lès-Pernois
80,409,Hallu
80,410,Ham
80,411,Le Hamel
80,412,Hamelet
80,413,Hancourt
80,414,Hangard
80,415,Hangest-en-Santerre
80,416,Hangest-sur-Somme
80,417,Harbonnières
80,418,Hardecourt-aux-Bois
80,420,Harponville
80,421,Hattencourt
80,422,Hautvillers-Ouville
80,423,Havernas
80,424,Hébécourt
80,425,Hédauville
80,426,Heilly
80,427,Hem-Hardinval
80,428,Hem-Monacu
80,429,Hénencourt
80,430,Herbécourt
80,431,Hérissart
80,432,Herleville
80,433,Herly
80,434,Hervilly
80,435,Hesbécourt
80,436,Hescamps
80,437,Heucourt-Croquoison
80,438,Heudicourt
80,439,Heuzecourt
80,440,Hiermont
80,442,Hombleux
80,443,Hornoy-le-Bourg
80,444,Huchenneville
80,445,Humbercourt
80,446,Huppy
80,449,Ignaucourt
80,450,Inval-Boiron
80,451,Irles
80,452,Jumel
80,453,Laboissière-en-Santerre
80,455,Lachapelle
80,456,Lafresguimont-Saint-Martin
80,458,Lahoussoye
80,459,Laleu
80,460,Lamaronde
80,461,Lamotte-Brebière
80,462,Lamotte-Buleux
80,463,Lamotte-Warfusée
80,464,Lanchères
80,465,Languevoisin-Quiquery
80,466,Lanches-Saint-Hilaire
80,467,Laucourt
80,468,Laviéville
80,469,Lawarde-Mauger-l'Hortoy
80,470,Léalvillers
80,472,Lesbœufs
80,473,Liancourt-Fosse
80,474,Licourt
80,475,Liéramont
80,476,Liercourt
80,477,Ligescourt
80,478,Lignières
80,479,Lignières-Châtelain
80,480,Lignières-en-Vimeu
80,481,Lihons
80,482,Limeux
80,484,Liomer
80,485,Ô-de-Selle
80,486,Long
80,487,Longavesnes
80,488,Longpré-les-Corps-Saints
80,489,Longueau
80,490,Longueval
80,491,Longuevillette
80,493,Louvencourt
80,494,Louvrechy
80,495,Lucheux
80,496,Machiel
80,497,Machy
80,498,Mailly-Maillet
80,499,Mailly-Raineval
80,500,Maisnières
80,501,Maison-Ponthieu
80,502,Maison-Roland
80,503,Maizicourt
80,504,Malpart
80,505,Carnoy-Mametz
80,507,Marcelcave
80,508,Marché-Allouarde
80,509,Marchélepot-Misery
80,511,Marestmontiers
80,512,Mareuil-Caubert
80,513,Maricourt
80,514,Marieux
80,515,Marlers
80,516,Marquaix
80,517,Marquivillers
80,518,Martainneville
80,519,Matigny
80,520,Maucourt
80,521,Maurepas
80,522,Le Mazis
80,523,Méaulte
80,524,Méharicourt
80,525,Meigneux
80,526,Le Meillard
80,527,Méneslies
80,528,Méréaucourt
80,529,Mérélessart
80,530,Méricourt-l'Abbé
80,531,Méricourt-en-Vimeu
80,533,Mers-les-Bains
80,535,Le Mesge
80,536,Mesnil-Bruntel
80,537,Mesnil-Domqueur
80,538,Mesnil-en-Arrouaise
80,540,Mesnil-Martinsart
80,541,Mesnil-Saint-Georges
80,542,Mesnil-Saint-Nicaise
80,543,Métigny
80,544,Mézerolles
80,545,Mézières-en-Santerre
80,546,Miannay
80,547,Millencourt
80,548,Millencourt-en-Ponthieu
80,549,Miraumont
80,550,Mirvaux
80,552,Moislains
80,553,Molliens-au-Bois
80,554,Molliens-Dreuil
80,555,Monchy-Lagache
80,556,Mons-Boubert
80,557,Estrées-Mons
80,558,Monsures
80,559,Montagne-Fayel
80,560,Montauban-de-Picardie
80,561,Montdidier
80,562,Montigny-sur-l'Hallue
80,563,Montigny-les-Jongleurs
80,565,Montonvillers
80,566,Fieffes-Montrelet
80,568,Morchain
80,569,Morcourt
80,570,Moreuil
80,571,Morisel
80,572,Morlancourt
80,573,Morvillers-Saint-Saturnin
80,574,Mouflers
80,575,Mouflières
80,576,Moyencourt
80,577,Moyencourt-lès-Poix
80,578,Moyenneville
80,579,Muille-Villette
80,580,Nampont
80,582,Namps-Maisnil
80,583,Nampty
80,584,Naours
80,585,Nesle
80,586,Nesle-l'Hôpital
80,587,Neslette
80,588,Neufmoulin
80,589,Neuilly-le-Dien
80,590,Neuilly-l'Hôpital
80,591,Neuville-au-Bois
80,592,Neuville-Coppegueule
80,593,La Neuville-lès-Bray
80,595,La Neuville-Sire-Bernard
80,596,Neuvillette
80,597,Nibas
80,598,Nouvion
80,599,Noyelles-en-Chaussée
80,600,Noyelles-sur-Mer
80,601,Nurlu
80,602,Occoches
80,603,Ochancourt
80,604,Offignies
80,605,Offoy
80,606,Oisemont
80,607,Oissy
80,609,Oneux
80,611,Oresmaux
80,613,Oust-Marest
80,614,Outrebois
80,615,Ovillers-la-Boisselle
80,616,Pargny
80,617,Parvillers-le-Quesnoy
80,618,Pendé
80,619,Pernois
80,620,Péronne
80,621,Hypercourt
80,622,Picquigny
80,623,Piennes-Onvillers
80,624,Pierregot
80,625,Trois-Rivières
80,626,Pissy
80,627,Plachy-Buyon
80,628,Le Plessier-Rozainvillers
80,629,Pœuilly
80,630,Poix-de-Picardie
80,631,Ponches-Estruval
80,632,Pont-de-Metz
80,633,Ponthoile
80,634,Pont-Noyelles
80,635,Pont-Remy
80,637,Port-le-Grand
80,638,Potte
80,639,Poulainville
80,640,Pozières
80,642,Prouville
80,643,Prouzel
80,644,Proyart
80,645,Puchevillers
80,646,Punchy
80,647,Puzeaux
80,648,Pys
80,649,Quend
80,650,Querrieu
80,651,Le Quesne
80,652,Le Quesnel
80,654,Quesnoy-le-Montant
80,655,Quesnoy-sur-Airaines
80,656,Quevauvillers
80,657,Quiry-le-Sec
80,658,Quivières
80,659,Raincheval
80,661,Rainneville
80,662,Ramburelles
80,663,Rambures
80,664,Rancourt
80,665,Regnière-Écluse
80,666,Remaisnil
80,667,Remaugies
80,668,Remiencourt
80,669,Rethonvillers
80,670,Revelles
80,671,Ribeaucourt
80,672,Ribemont-sur-Ancre
80,673,Riencourt
80,674,Rivery
80,675,Rogy
80,676,Roiglise
80,677,Roisel
80,678,Rollot
80,679,Ronssoy
80,680,Rosières-en-Santerre
80,681,Rouvrel
80,682,Rouvroy-en-Santerre
80,683,Rouy-le-Grand
80,684,Rouy-le-Petit
80,685,Roye
80,686,Rubempré
80,687,Rubescourt
80,688,Rue
80,690,Rumigny
80,691,Saigneville
80,692,Sailly-Flibeaucourt
80,693,Sailly-Laurette
80,694,Sailly-le-Sec
80,695,Sailly-Saillisel
80,696,Sains-en-Amiénois
80,697,Saint-Acheul
80,698,Saint-Aubin-Montenoy
80,699,Saint-Aubin-Rivière
80,700,Saint-Blimont
80,701,Saint-Christ-Briost
80,702,Saint-Fuscien
80,703,Saint-Germain-sur-Bresle
80,704,Saint-Gratien
80,705,Saint-Léger-lès-Authie
80,706,Saint-Léger-lès-Domart
80,707,Saint-Léger-sur-Bresle
80,708,Saint-Mard
80,709,Saint-Maulvis
80,710,Saint-Maxent
80,711,Saint-Ouen
80,713,Saint-Quentin-en-Tourmont
80,714,Saint-Quentin-la-Motte-Croix-au-Bailly
80,716,Saint-Riquier
80,717,Saint-Sauflieu
80,718,Saint-Sauveur
80,719,Sainte-Segrée
80,721,Saint-Valery-sur-Somme
80,722,Saint-Vaast-en-Chaussée
80,723,Saisseval
80,724,Saleux
80,725,Salouël
80,726,Sancourt
80,728,Saulchoy-sous-Poix
80,729,Sauvillers-Mongival
80,730,Saveuse
80,732,Senarpont
80,733,Senlis-le-Sec
80,734,Sentelie
80,735,Seux
80,736,Sorel-en-Vimeu
80,737,Sorel
80,738,Soues
80,740,Sourdon
80,741,Soyécourt
80,742,Surcamps
80,743,Suzanne
80,744,Tailly
80,746,Talmas
80,747,Templeux-la-Fosse
80,748,Templeux-le-Guérard
80,749,Terramesnil
80,750,Tertry
80,751,Thennes
80,752,Thézy-Glimont
80,753,Thiepval
80,754,Thieulloy-l'Abbaye
80,755,Thieulloy-la-Ville
80,756,Thièvres
80,757,Thoix
80,758,Thory
80,759,Tilloloy
80,760,Tilloy-Floriville
80,762,Tincourt-Boucly
80,763,Le Titre
80,764,Tœufles
80,765,Tours-en-Vimeu
80,766,Toutencourt
80,767,Le Translay
80,769,Treux
80,770,Tully
80,771,Ugny-l'Équipée
80,773,Vadencourt
80,774,Vaire-sous-Corbie
80,775,Valines
80,776,Varennes
80,777,Vauchelles-lès-Authie
80,778,Vauchelles-lès-Domart
80,779,Vauchelles-les-Quesnoy
80,780,Vaudricourt
80,781,Vauvillers
80,782,Vaux-en-Amiénois
80,783,Vaux-Marquenneville
80,784,Vaux-sur-Somme
80,785,Vecquemont
80,786,Velennes
80,787,Vercourt
80,788,Vergies
80,789,Vermandovillers
80,790,Verpillières
80,791,Vers-sur-Selle
80,792,La Vicogne
80,793,Vignacourt
80,794,Villecourt
80,795,Ville-le-Marclet
80,796,Villeroy
80,797,Villers-aux-Érables
80,798,Villers-Bocage
80,799,Villers-Bretonneux
80,800,Villers-Campsart
80,801,Villers-Carbonnel
80,802,Villers-Faucon
80,803,Villers-lès-Roye
80,804,Villers-sous-Ailly
80,805,Villers-Tournelle
80,806,Villers-sur-Authie
80,807,Ville-sur-Ancre
80,808,Vironchaux
80,809,Vismes
80,810,Vitz-sur-Authie
80,811,Voyennes
80,812,Vraignes-en-Vermandois
80,813,Vraignes-lès-Hornoy
80,814,Vrély
80,815,Vron
80,819,Wargnies
80,820,Warloy-Baillon
80,821,Warlus
80,822,Warsy
80,823,Warvillers
80,824,Wiencourt-l'Équipée
80,825,Wiry-au-Mont
80,826,Woignarue
80,827,Woincourt
80,828,Woirel
80,829,Y
80,832,Yvrench
80,833,Yvrencheux
80,834,Yzengremer
80,835,Yzeux
80,836,Yonval
81,001,Aguts
81,002,Aiguefonde
81,003,Alban
81,004,Albi
81,005,Albine
81,006,Algans
81,007,Alos
81,008,Almayrac
81,009,Amarens
81,010,Ambialet
81,011,Ambres
81,012,Andillac
81,013,Andouque
81,014,Anglès
81,015,Appelle
81,016,Arfons
81,017,Arifat
81,018,Arthès
81,019,Assac
81,020,Aussac
81,021,Aussillon
81,022,Bannières
81,023,Barre
81,024,Beauvais-sur-Tescou
81,025,Belcastel
81,026,Bellegarde-Marsal
81,027,Belleserre
81,028,Berlats
81,029,Bernac
81,030,Bertre
81,031,Le Bez
81,032,Blan
81,033,Blaye-les-Mines
81,034,Boissezon
81,035,Bournazel
81,036,Bout-du-Pont-de-Larn
81,037,Brassac
81,038,Brens
81,039,Briatexte
81,040,Brousse
81,041,Broze
81,042,Burlats
81,043,Busque
81,044,Cabanès
81,045,Les Cabannes
81,046,Cadalen
81,047,Cadix
81,048,Cagnac-les-Mines
81,049,Cahuzac
81,050,Cambon-lès-Lavaur
81,051,Cahuzac-sur-Vère
81,052,Cambon
81,053,Cambounès
81,054,Cambounet-sur-le-Sor
81,055,Les Cammazes
81,056,Campagnac
81,058,Carbes
81,059,Carlus
81,060,Carmaux
81,061,Castanet
81,062,Fontrieu
81,063,Castelnau-de-Lévis
81,064,Castelnau-de-Montmiral
81,065,Castres
81,066,Caucalières
81,067,Cestayrols
81,068,Combefa
81,069,Cordes-sur-Ciel
81,070,Coufouleux
81,071,Courris
81,072,Crespin
81,073,Crespinet
81,074,Cunac
81,075,Cuq
81,076,Cuq-Toulza
81,077,Curvalle
81,078,Damiatte
81,079,Dénat
81,080,Donnazac
81,081,Dourgne
81,082,Le Dourn
81,083,Durfort
81,084,Escoussens
81,085,Lacapelle-Escroux
81,086,Espérausses
81,087,Fayssac
81,088,Fauch
81,089,Faussergues
81,090,Fénols
81,092,Fiac
81,093,Florentin
81,094,Fraissines
81,095,Frausseilles
81,096,Le Fraysse
81,097,Fréjairolles
81,098,Fréjeville
81,099,Gaillac
81,100,Garrevaques
81,101,Le Garric
81,102,Garrigues
81,103,Gijounet
81,104,Giroussens
81,105,Graulhet
81,106,Grazac
81,108,Itzac
81,109,Jonquières
81,110,Jouqueviel
81,111,Labarthe-Bleys
81,112,Labastide-de-Lévis
81,114,Labastide-Gabausse
81,115,Labastide-Rouairoux
81,116,Labastide-Saint-Georges
81,117,Labessière-Candeil
81,118,Laboulbène
81,119,Laboutarie
81,120,Labruguière
81,121,Lacabarède
81,122,Lacapelle-Pinet
81,123,Lacapelle-Ségalar
81,124,Lacaune
81,125,Lacaze
81,126,Lacougotte-Cadoul
81,127,Lacroisille
81,128,Lacrouzette
81,129,Lagardiolle
81,130,Lagarrigue
81,131,Lagrave
81,132,Guitalens-L'Albarède
81,133,Lamillarié
81,134,Lamontélarié
81,135,Laparrouquial
81,136,Larroque
81,137,Lasfaillades
81,138,Lasgraisses
81,139,Lautrec
81,140,Lavaur
81,141,Lédas-et-Penthiès
81,142,Lempaut
81,143,Lescout
81,144,Lescure-d'Albigeois
81,145,Lisle-sur-Tarn
81,146,Livers-Cazelles
81,147,Lombers
81,148,Loubers
81,149,Loupiac
81,150,Lugan
81,151,Magrin
81,152,Mailhoc
81,154,Marnaves
81,156,Marssac-sur-Tarn
81,157,Marzens
81,158,Le Masnau-Massuguiès
81,159,Massac-Séran
81,160,Massaguel
81,161,Massals
81,162,Maurens-Scopont
81,163,Mazamet
81,164,Mézens
81,165,Milhars
81,166,Milhavet
81,167,Miolles
81,168,Mirandol-Bourgnounac
81,169,Missècle
81,170,Monestiés
81,171,Montans
81,172,Montauriol
81,173,Montcabrier
81,174,Montdragon
81,175,Montdurausse
81,176,Montels
81,177,Montfa
81,178,Montgaillard
81,179,Montgey
81,180,Montirat
81,181,Montpinier
81,182,Montredon-Labessonnié
81,183,Mont-Roc
81,184,Montrosier
81,185,Montvalen
81,186,Moularès
81,187,Moulayrès
81,188,Moulin-Mage
81,189,Mouzens
81,190,Mouzieys-Teulet
81,191,Mouzieys-Panens
81,192,Murat-sur-Vèbre
81,193,Nages
81,195,Navès
81,196,Noailhac
81,197,Noailles
81,198,Orban
81,199,Padiès
81,200,Palleville
81,201,Pampelonne
81,202,Parisot
81,203,Paulinet
81,204,Payrin-Augmontel
81,205,Péchaudier
81,206,Penne
81,207,Peyregoux
81,208,Peyrole
81,209,Pont-de-Larn
81,210,Poudis
81,211,Poulan-Pouzols
81,212,Prades
81,213,Pratviel
81,214,Puéchoursi
81,215,Puybegon
81,216,Puycalvel
81,217,Puycelsi
81,218,Puygouzon
81,219,Puylaurens
81,220,Rabastens
81,221,Rayssac
81,222,Réalmont
81,223,Le Rialet
81,224,Le Riols
81,225,Rivières
81,227,Roquecourbe
81,228,Roquemaure
81,229,Roquevidal
81,230,Rosières
81,231,Rouairoux
81,232,Rouffiac
81,233,Terre-de-Bancalié
81,234,Roussayrolles
81,235,Saint-Affrique-les-Montagnes
81,236,Saint-Agnan
81,237,Saint-Amancet
81,238,Saint-Amans-Soult
81,239,Saint-Amans-Valtoret
81,240,Saint-André
81,242,Saint-Avit
81,243,Saint-Beauzile
81,244,Saint-Benoît-de-Carmaux
81,245,Saint-Christophe
81,246,Sainte-Cécile-du-Cayrou
81,247,Saint-Cirgue
81,248,Saint-Gauzens
81,249,Sainte-Gemme
81,250,Saint-Genest-de-Contest
81,251,Saint-Germain-des-Prés
81,252,Saint-Germier
81,253,Saint-Grégoire
81,254,Saint-Jean-de-Marcel
81,255,Saint-Jean-de-Rives
81,256,Saint-Jean-de-Vals
81,257,Saint-Juéry
81,258,Saint-Julien-du-Puy
81,259,Saint-Julien-Gaulène
81,261,Saint-Lieux-lès-Lavaur
81,262,Saint-Marcel-Campes
81,263,Saint-Martin-Laguépie
81,264,Saint-Michel-Labadié
81,265,Saint-Michel-de-Vax
81,266,Saint-Paul-Cap-de-Joux
81,267,Saint-Pierre-de-Trivisy
81,268,Saint-Salvi-de-Carcavès
81,269,Saint-Salvy-de-la-Balme
81,270,Saint-Sernin-lès-Lavaur
81,271,Saint-Sulpice-la-Pointe
81,272,Saint-Urcisse
81,273,Saïx
81,274,Saliès
81,275,Salles
81,276,Salvagnac
81,277,Saussenac
81,278,Sauveterre
81,279,La Sauzière-Saint-Jean
81,280,Le Ségur
81,281,Sémalens
81,282,Senaux
81,283,Senouillac
81,284,Le Sequestre
81,285,Sérénac
81,286,Serviès
81,287,Sieurac
81,288,Sorèze
81,289,Soual
81,290,Souel
81,291,Taïx
81,292,Tanus
81,293,Tauriac
81,294,Técou
81,295,Teillet
81,297,Terssac
81,298,Teulat
81,299,Teyssode
81,300,Tonnac
81,302,Tréban
81,303,Trébas
81,304,Trévien
81,305,Vabre
81,306,Valderiès
81,307,Valdurenque
81,308,Valence-d'Albigeois
81,309,Vaour
81,310,Veilhes
81,311,Vénès
81,312,Verdalle
81,313,Le Verdier
81,314,Viane
81,315,Vielmur-sur-Agout
81,316,Vieux
81,317,Villefranche-d'Albigeois
81,318,Villeneuve-lès-Lavaur
81,319,Villeneuve-sur-Vère
81,320,Vindrac-Alayrac
81,321,Le Vintrou
81,322,Virac
81,323,Viterbe
81,324,Viviers-lès-Lavaur
81,325,Viviers-lès-Montagnes
81,326,Sainte-Croix
82,001,Albefeuille-Lagarde
82,002,Albias
82,003,Angeville
82,004,Asques
82,005,Aucamville
82,006,Auterive
82,007,Auty
82,008,Auvillar
82,009,Balignac
82,010,Bardigues
82,011,Barry-d'Islemade
82,012,Les Barthes
82,013,Beaumont-de-Lomagne
82,014,Beaupuy
82,015,Belbèze-en-Lomagne
82,016,Belvèze
82,017,Bessens
82,018,Bioule
82,019,Boudou
82,020,Bouillac
82,021,Bouloc-en-Quercy
82,022,Bourg-de-Visa
82,023,Bourret
82,024,Brassac
82,025,Bressols
82,026,Bruniquel
82,027,Campsas
82,028,Canals
82,029,Castanet
82,030,Castelferrus
82,031,Castelmayran
82,032,Castelsagrat
82,033,Castelsarrasin
82,034,Castéra-Bouzet
82,035,Caumont
82,036,Le Causé
82,037,Caussade
82,038,Caylus
82,039,Cayrac
82,040,Cayriech
82,041,Cazals
82,042,Cazes-Mondenard
82,043,Comberouger
82,044,Corbarieu
82,045,Cordes-Tolosannes
82,046,Coutures
82,047,Cumont
82,048,Dieupentale
82,049,Donzac
82,050,Dunes
82,051,Durfort-Lacapelette
82,052,Escatalens
82,053,Escazeaux
82,054,Espalais
82,055,Esparsac
82,056,Espinas
82,057,Fabas
82,058,Fajolles
82,059,Faudoas
82,060,Fauroux
82,061,Féneyrols
82,062,Finhan
82,063,Garganvillar
82,064,Gariès
82,065,Gasques
82,066,Génébrières
82,067,Gensac
82,068,Gimat
82,069,Ginals
82,070,Glatens
82,071,Goas
82,072,Golfech
82,073,Goudourville
82,074,Gramont
82,075,Grisolles
82,076,L'Honor-de-Cos
82,077,Labarthe
82,078,Labastide-de-Penne
82,079,Labastide-Saint-Pierre
82,080,Labastide-du-Temple
82,081,Labourgade
82,082,Lacapelle-Livron
82,083,Lachapelle
82,084,Lacour
82,085,Lacourt-Saint-Pierre
82,086,Lafitte
82,087,Lafrançaise
82,088,Laguépie
82,089,Lamagistère
82,090,Lamothe-Capdeville
82,091,Lamothe-Cumont
82,092,Lapenche
82,093,Larrazet
82,094,Lauzerte
82,095,Lavaurette
82,096,La Ville-Dieu-du-Temple
82,097,Lavit
82,098,Léojac
82,099,Lizac
82,100,Loze
82,101,Malause
82,102,Mansonville
82,103,Marignac
82,104,Marsac
82,105,Mas-Grenier
82,106,Maubec
82,107,Maumusson
82,108,Meauzac
82,109,Merles
82,110,Mirabel
82,111,Miramont-de-Quercy
82,112,Moissac
82,113,Molières
82,114,Monbéqui
82,115,Monclar-de-Quercy
82,116,Montagudet
82,117,Montaigu-de-Quercy
82,118,Montaïn
82,119,Montalzat
82,120,Montastruc
82,121,Montauban
82,122,Montbarla
82,123,Montbartier
82,124,Montbeton
82,125,Montech
82,126,Monteils
82,127,Montesquieu
82,128,Montfermier
82,129,Montgaillard
82,130,Montjoi
82,131,Montpezat-de-Quercy
82,132,Montricoux
82,133,Mouillac
82,134,Nègrepelisse
82,135,Nohic
82,136,Orgueil
82,137,Parisot
82,138,Perville
82,139,Le Pin
82,140,Piquecos
82,141,Pommevic
82,142,Pompignan
82,143,Poupas
82,144,Puycornet
82,145,Puygaillard-de-Quercy
82,146,Puygaillard-de-Lomagne
82,147,Puylagarde
82,148,Puylaroque
82,149,Réalville
82,150,Reyniès
82,151,Roquecor
82,152,Saint-Aignan
82,153,Saint-Amans-du-Pech
82,154,Saint-Amans-de-Pellagal
82,155,Saint-Antonin-Noble-Val
82,156,Saint-Arroumex
82,157,Saint-Beauzeil
82,158,Saint-Cirice
82,159,Saint-Cirq
82,160,Saint-Clair
82,161,Saint-Étienne-de-Tulmont
82,162,Saint-Georges
82,163,Saint-Jean-du-Bouzet
82,164,Sainte-Juliette
82,165,Saint-Loup
82,166,Saint-Michel
82,167,Saint-Nauphary
82,168,Saint-Nazaire-de-Valentane
82,169,Saint-Nicolas-de-la-Grave
82,170,Saint-Paul-d'Espis
82,171,Saint-Porquier
82,172,Saint-Projet
82,173,Saint-Sardos
82,174,Saint-Vincent-d'Autéjac
82,175,Saint-Vincent-Lespinasse
82,176,La Salvetat-Belmontet
82,177,Sauveterre
82,178,Savenès
82,179,Septfonds
82,180,Sérignac
82,181,Sistels
82,182,Touffailles
82,183,Tréjouls
82,184,Vaïssac
82,185,Valeilles
82,186,Valence
82,187,Varen
82,188,Varennes
82,189,Vazerac
82,190,Verdun-sur-Garonne
82,191,Verfeil
82,192,Verlhac-Tescou
82,193,Vigueron
82,194,Villebrumier
82,195,Villemade
83,001,Les Adrets-de-l'Estérel
83,002,Aiguines
83,003,Ampus
83,004,Les Arcs
83,005,Artignosc-sur-Verdon
83,006,Artigues
83,007,Aups
83,008,Bagnols-en-Forêt
83,009,Bandol
83,010,Bargème
83,011,Bargemon
83,012,Barjols
83,013,La Bastide
83,014,Baudinard-sur-Verdon
83,015,Bauduen
83,016,Le Beausset
83,017,Belgentier
83,018,Besse-sur-Issole
83,019,Bormes-les-Mimosas
83,020,Le Bourguet
83,021,Bras
83,022,Brenon
83,023,Brignoles
83,025,Brue-Auriac
83,026,Cabasse
83,027,La Cadière-d'Azur
83,028,Callas
83,029,Callian
83,030,Camps-la-Source
83,031,Le Cannet-des-Maures
83,032,Carcès
83,033,Carnoules
83,034,Carqueiranne
83,035,Le Castellet
83,036,Cavalaire-sur-Mer
83,037,La Celle
83,038,Châteaudouble
83,039,Châteauvert
83,040,Châteauvieux
83,041,Claviers
83,042,Cogolin
83,043,Collobrières
83,044,Comps-sur-Artuby
83,045,Correns
83,046,Cotignac
83,047,La Crau
83,048,La Croix-Valmer
83,049,Cuers
83,050,Draguignan
83,051,Entrecasteaux
83,052,Esparron-de-Pallières
83,053,Évenos
83,054,La Farlède
83,055,Fayence
83,056,Figanières
83,057,Flassans-sur-Issole
83,058,Flayosc
83,059,Forcalqueiret
83,060,Fox-Amphoux
83,061,Fréjus
83,062,La Garde
83,063,La Garde-Freinet
83,064,Garéoult
83,065,Gassin
83,066,Ginasservis
83,067,Gonfaron
83,068,Grimaud
83,069,Hyères
83,070,Le Lavandou
83,071,La Londe-les-Maures
83,072,Lorgues
83,073,Le Luc
83,074,La Martre
83,075,Les Mayons
83,076,Mazaugues
83,077,Méounes-lès-Montrieux
83,078,Moissac-Bellevue
83,079,La Môle
83,080,Mons
83,081,Montauroux
83,082,Montferrat
83,083,Montfort-sur-Argens
83,084,Montmeyan
83,085,La Motte
83,086,Le Muy
83,087,Nans-les-Pins
83,088,Néoules
83,089,Ollières
83,090,Ollioules
83,091,Pierrefeu-du-Var
83,092,Pignans
83,093,Plan-d'Aups-Sainte-Baume
83,094,Le Plan-de-la-Tour
83,095,Pontevès
83,096,Pourcieux
83,097,Pourrières
83,098,Le Pradet
83,099,Puget-sur-Argens
83,100,Puget-Ville
83,101,Ramatuelle
83,102,Régusse
83,103,Le Revest-les-Eaux
83,104,Rians
83,105,Riboux
83,106,Rocbaron
83,107,Roquebrune-sur-Argens
83,108,La Roquebrussanne
83,109,La Roque-Esclapon
83,110,Rougiers
83,111,Sainte-Anastasie-sur-Issole
83,112,Saint-Cyr-sur-Mer
83,113,Saint-Julien
83,114,Saint-Martin-de-Pallières
83,115,Sainte-Maxime
83,116,Saint-Maximin-la-Sainte-Baume
83,117,Saint-Paul-en-Forêt
83,118,Saint-Raphaël
83,119,Saint-Tropez
83,120,Saint-Zacharie
83,121,Salernes
83,122,Les Salles-sur-Verdon
83,123,Sanary-sur-Mer
83,124,Seillans
83,125,Seillons-Source-d'Argens
83,126,La Seyne-sur-Mer
83,127,Signes
83,128,Sillans-la-Cascade
83,129,Six-Fours-les-Plages
83,130,Solliès-Pont
83,131,Solliès-Toucas
83,132,Solliès-Ville
83,133,Tanneron
83,134,Taradeau
83,135,Tavernes
83,136,Le Thoronet
83,137,Toulon
83,138,Tourrettes
83,139,Tourtour
83,140,Tourves
83,141,Trans-en-Provence
83,142,Trigance
83,143,Le Val
83,144,La Valette-du-Var
83,145,Varages
83,146,La Verdière
83,147,Vérignon
83,148,Vidauban
83,149,Villecroze
83,150,Vinon-sur-Verdon
83,151,Vins-sur-Caramy
83,152,Rayol-Canadel-sur-Mer
83,153,Saint-Mandrier-sur-Mer
83,154,Saint-Antonin-du-Var
84,001,Althen-des-Paluds
84,002,Ansouis
84,003,Apt
84,004,Aubignan
84,005,Aurel
84,006,Auribeau
84,007,Avignon
84,008,Le Barroux
84,009,La Bastide-des-Jourdans
84,010,La Bastidonne
84,011,Le Beaucet
84,012,Beaumes-de-Venise
84,013,Beaumettes
84,014,Beaumont-de-Pertuis
84,015,Beaumont-du-Ventoux
84,016,Bédarrides
84,017,Bédoin
84,018,Blauvac
84,019,Bollène
84,020,Bonnieux
84,021,Brantes
84,022,Buisson
84,023,Buoux
84,024,Cabrières-d'Aigues
84,025,Cabrières-d'Avignon
84,026,Cadenet
84,027,Caderousse
84,028,Cairanne
84,029,Camaret-sur-Aigues
84,030,Caromb
84,031,Carpentras
84,032,Caseneuve
84,033,Castellet-en-Luberon
84,034,Caumont-sur-Durance
84,035,Cavaillon
84,036,Châteauneuf-de-Gadagne
84,037,Châteauneuf-du-Pape
84,038,Cheval-Blanc
84,039,Courthézon
84,040,Crestet
84,041,Crillon-le-Brave
84,042,Cucuron
84,043,Entraigues-sur-la-Sorgue
84,044,Entrechaux
84,045,Faucon
84,046,Flassan
84,047,Gargas
84,048,Gignac
84,049,Gigondas
84,050,Gordes
84,051,Goult
84,052,Grambois
84,053,Grillon
84,054,L'Isle-sur-la-Sorgue
84,055,Jonquerettes
84,056,Jonquières
84,057,Joucas
84,058,Lacoste
84,059,Lafare
84,060,Lagarde-d'Apt
84,061,Lagarde-Paréol
84,062,Lagnes
84,063,Lamotte-du-Rhône
84,064,Lapalud
84,065,Lauris
84,066,Lioux
84,067,Loriol-du-Comtat
84,068,Lourmarin
84,069,Malaucène
84,070,Malemort-du-Comtat
84,071,Maubec
84,072,Mazan
84,073,Ménerbes
84,074,Mérindol
84,075,Méthamis
84,076,Mirabeau
84,077,Modène
84,078,Mondragon
84,079,Monieux
84,080,Monteux
84,081,Morières-lès-Avignon
84,082,Mormoiron
84,083,Mornas
84,084,La Motte-d'Aigues
84,085,Murs
84,086,Oppède
84,087,Orange
84,088,Pernes-les-Fontaines
84,089,Pertuis
84,090,Peypin-d'Aigues
84,091,Piolenc
84,092,Le Pontet
84,093,Puget
84,094,Puyméras
84,095,Puyvert
84,096,Rasteau
84,097,Richerenches
84,098,Roaix
84,099,Robion
84,100,La Roque-Alric
84,101,La Roque-sur-Pernes
84,102,Roussillon
84,103,Rustrel
84,104,Sablet
84,105,Saignon
84,106,Sainte-Cécile-les-Vignes
84,107,Saint-Christol
84,108,Saint-Didier
84,109,Saint-Hippolyte-le-Graveyron
84,110,Saint-Léger-du-Ventoux
84,111,Saint-Marcellin-lès-Vaison
84,112,Saint-Martin-de-Castillon
84,113,Saint-Martin-de-la-Brasque
84,114,Saint-Pantaléon
84,115,Saint-Pierre-de-Vassols
84,116,Saint-Romain-en-Viennois
84,117,Saint-Roman-de-Malegarde
84,118,Saint-Saturnin-lès-Apt
84,119,Saint-Saturnin-lès-Avignon
84,120,Saint-Trinit
84,121,Sannes
84,122,Sarrians
84,123,Sault
84,124,Saumane-de-Vaucluse
84,125,Savoillan
84,126,Séguret
84,127,Sérignan-du-Comtat
84,128,Sivergues
84,129,Sorgues
84,130,Suzette
84,131,Taillades
84,132,Le Thor
84,133,La Tour-d'Aigues
84,134,Travaillan
84,135,Uchaux
84,136,Vacqueyras
84,137,Vaison-la-Romaine
84,138,Valréas
84,139,Fontaine-de-Vaucluse
84,140,Vaugines
84,141,Vedène
84,142,Velleron
84,143,Venasque
84,144,Viens
84,145,Villars
84,146,Villedieu
84,147,Villelaure
84,148,Villes-sur-Auzon
84,149,Violès
84,150,Visan
84,151,Vitrolles-en-Lubéron
85,001,L'Aiguillon-la-Presqu'île
85,002,L'Aiguillon-sur-Vie
85,003,Aizenay
85,004,Angles
85,005,Antigny
85,006,Apremont
85,008,Aubigny-Les Clouzeaux
85,009,Auchay-sur-Vendée
85,010,Avrillé
85,011,Barbâtre
85,012,La Barre-de-Monts
85,013,Bazoges-en-Paillers
85,014,Bazoges-en-Pareds
85,015,Beaufou
85,016,Beaulieu-sous-la-Roche
85,017,Beaurepaire
85,018,Beauvoir-sur-Mer
85,019,Bellevigny
85,020,Benet
85,022,Le Bernard
85,023,Bessay
85,024,Bois-de-Céné
85,025,La Boissière-de-Montaigu
85,026,La Boissière-des-Landes
85,028,Bouillé-Courdault
85,029,Bouin
85,031,Le Boupère
85,033,Bourneau
85,034,Bournezeau
85,035,Bretignolles-sur-Mer
85,036,La Bretonnière-la-Claye
85,038,Les Brouzils
85,039,La Bruffière
85,040,La Caillère-Saint-Hilaire
85,042,Chaillé-les-Marais
85,045,La Chaize-Giraud
85,046,La Chaize-le-Vicomte
85,047,Challans
85,049,Champagné-les-Marais
85,050,Le Champ-Saint-Père
85,051,Chantonnay
85,054,La Chapelle-Hermier
85,055,La Chapelle-Palluau
85,056,La Chapelle-Thémer
85,058,Chasnais
85,059,La Châtaigneraie
85,061,Château-Guibert
85,062,Châteauneuf
85,064,Chauché
85,065,Chavagnes-en-Paillers
85,066,Chavagnes-les-Redoux
85,067,Cheffois
85,070,Coëx
85,071,Commequiers
85,072,La Copechagnière
85,073,Corpe
85,074,La Couture
85,076,Cugand-la-Bernardière
85,077,Curzon
85,078,Damvix
85,080,Doix lès Fontaines
85,081,Dompierre-sur-Yon
85,082,Les Epesses
85,083,L'Épine
85,084,Essarts-en-Bocage
85,086,Falleron
85,087,Faymoreau
85,088,Le Fenouiller
85,089,La Ferrière
85,090,Sèvremont
85,092,Fontenay-le-Comte
85,093,Fougeré
85,094,Foussais-Payré
85,095,Froidfond
85,096,La Garnache
85,097,La Gaubretière
85,098,La Genétouze
85,099,Le Girouard
85,100,Givrand
85,101,Le Givre
85,102,Grand'Landes
85,103,Grosbreuil
85,104,Grues
85,105,Le Gué-de-Velluire
85,106,La Guérinière
85,108,L'Herbergement
85,109,Les Herbiers
85,110,L'Hermenault
85,111,L'Île-d'Elle
85,112,L'Île-d'Olonne
85,113,L'Île-d'Yeu
85,114,Jard-sur-Mer
85,115,La Jaudonnière
85,116,La Jonchère
85,117,Lairoux
85,118,Landeronde
85,119,Les Landes-Genusson
85,120,Landevieille
85,121,Le Langon
85,123,Liez
85,125,Loge-Fougereuse
85,126,Longèves
85,127,Longeville-sur-Mer
85,128,Luçon
85,129,Les Lucs-sur-Boulogne
85,130,Maché
85,131,Les Magnils-Reigniers
85,132,Maillé
85,133,Maillezais
85,134,Mallièvre
85,135,Mareuil-sur-Lay-Dissais
85,136,Marillet
85,137,Marsais-Sainte-Radégonde
85,138,Martinet
85,139,Le Mazeau
85,140,La Meilleraie-Tillay
85,141,Menomblet
85,142,La Merlatière
85,143,Mervent
85,144,Mesnard-la-Barotière
85,145,Monsireigne
85,146,Montaigu-Vendée
85,147,Montournais
85,148,Montreuil
85,149,Moreilles
85,151,Mortagne-sur-Sèvre
85,152,Les Achards
85,153,Mouchamps
85,154,Mouilleron-Saint-Germain
85,155,Mouilleron-le-Captif
85,156,Moutiers-les-Mauxfaits
85,157,Moutiers-sur-le-Lay
85,158,Mouzeuil-Saint-Martin
85,159,Nalliers
85,160,Nesmy
85,161,Nieul-le-Dolent
85,162,Rives-d'Autise
85,163,Noirmoutier-en-l'Île
85,164,Notre-Dame-de-Monts
85,165,L'Oie
85,167,L'Orbrie
85,169,Palluau
85,171,Péault
85,172,Le Perrier
85,174,Petosse
85,175,Les Pineaux
85,176,Pissotte
85,177,Les Velluire-sur-Vendée
85,178,Le Poiré-sur-Vie
85,179,Poiroux
85,181,Pouillé
85,182,Pouzauges
85,184,Puy-de-Serre
85,185,Puyravault
85,186,La Rabatelière
85,187,Réaumur
85,188,La Réorthe
85,189,Notre-Dame-de-Riez
85,190,Rocheservière
85,191,La Roche-sur-Yon
85,192,Rochetrejoux
85,193,Rosnay
85,194,Les Sables-d'Olonne
85,196,Saint-André-Goule-d'Oie
85,197,Montréverd
85,198,Saint-Aubin-des-Ormeaux
85,199,Saint-Aubin-la-Plaine
85,200,Saint-Avaugourd-des-Landes
85,201,Saint-Benoist-sur-Mer
85,202,Sainte-Cécile
85,204,Saint-Christophe-du-Ligneron
85,205,Saint-Cyr-des-Gâts
85,206,Saint-Cyr-en-Talmondais
85,207,Saint-Denis-du-Payré
85,208,Saint-Denis-la-Chevasse
85,209,Saint-Étienne-de-Brillouet
85,210,Saint-Étienne-du-Bois
85,211,Sainte-Flaive-des-Loups
85,212,Sainte-Florence
85,213,Rives de l'Yon
85,214,Sainte-Foy
85,215,Saint-Fulgent
85,216,Sainte-Gemme-la-Plaine
85,218,Saint-Georges-de-Pointindoux
85,220,Saint-Germain-de-Prinçay
85,221,Saint-Gervais
85,222,Saint-Gilles-Croix-de-Vie
85,223,Saint-Jean-d'Hermine
85,226,Saint-Hilaire-de-Riez
85,227,Saint-Hilaire-des-Loges
85,229,Saint-Hilaire-de-Voust
85,231,Saint-Hilaire-la-Forêt
85,232,Saint-Hilaire-le-Vouhis
85,234,Saint-Jean-de-Monts
85,235,Saint-Juire-Champgillon
85,236,Saint-Julien-des-Landes
85,237,Saint-Laurent-de-la-Salle
85,238,Saint-Laurent-sur-Sèvre
85,239,Saint-Maixent-sur-Vie
85,240,Saint-Malô-du-Bois
85,242,Saint-Mars-la-Réorthe
85,243,Brem-sur-Mer
85,244,Saint-Martin-de-Fraigneau
85,245,Saint-Martin-des-Fontaines
85,246,Saint-Martin-des-Noyers
85,247,Saint-Martin-des-Tilleuls
85,248,Saint-Martin-Lars-en-Sainte-Hermine
85,250,Saint-Mathurin
85,251,Saint-Maurice-des-Noues
85,252,Saint-Maurice-le-Girard
85,254,Saint-Mesmin
85,255,Saint-Michel-en-l'Herm
85,256,Saint-Michel-le-Cloucq
85,259,Saint-Paul-en-Pareds
85,260,Saint-Paul-Mont-Penit
85,261,Sainte-Pexine
85,262,Saint-Philbert-de-Bouaine
85,264,Saint-Pierre-du-Chemin
85,265,Saint-Pierre-le-Vieux
85,266,Saint-Prouant
85,267,Sainte-Radégonde-des-Noyers
85,268,Saint-Révérend
85,269,Saint-Sigismond
85,273,Saint-Urbain
85,274,Saint-Valérien
85,276,Saint-Vincent-Sterlanges
85,277,Saint-Vincent-sur-Graon
85,278,Saint-Vincent-sur-Jard
85,280,Sallertaine
85,281,Sérigné
85,282,Sigournais
85,284,Soullans
85,285,Le Tablier
85,286,La Taillée
85,287,Tallud-Sainte-Gemme
85,288,Talmont-Saint-Hilaire
85,289,Terval
85,290,Thiré
85,291,Thorigny
85,292,Rives-du-Fougerais
85,293,Tiffauges
85,294,La Tranche-sur-Mer
85,295,Treize-Septiers
85,296,Treize-Vents
85,297,Triaize
85,298,Vairé
85,300,Venansault
85,301,Vendrennes
85,302,Chanverrie
85,303,Vix
85,304,Vouillé-les-Marais
85,305,Vouvant
85,306,Xanton-Chassenon
86,001,Adriers
86,002,Amberre
86,003,Anché
86,004,Angles-sur-l'Anglin
86,005,Angliers
86,006,Antigny
86,007,Antran
86,008,Arçay
86,009,Archigny
86,010,Aslonnes
86,011,Asnières-sur-Blour
86,012,Asnois
86,013,Aulnay
86,014,Availles-en-Châtellerault
86,015,Availles-Limouzine
86,016,Avanton
86,017,Ayron
86,018,Basses
86,019,Beaumont Saint-Cyr
86,020,Bellefonds
86,022,Berrie
86,023,Berthegon
86,024,Béruges
86,025,Béthines
86,026,Beuxes
86,027,Biard
86,028,Bignoux
86,029,Blanzay
86,031,Bonnes
86,032,Bonneuil-Matours
86,034,Bouresse
86,035,Bourg-Archambault
86,036,Bournand
86,037,Brigueil-le-Chantre
86,038,Brion
86,039,Brux
86,040,La Bussière
86,041,Buxerolles
86,042,Buxeuil
86,044,Ceaux-en-Loudun
86,045,Celle-Lévescault
86,046,Cenon-sur-Vienne
86,047,Cernay
86,048,Chabournay
86,049,Chalais
86,050,Chalandray
86,051,Champagné-le-Sec
86,052,Champagné-Saint-Hilaire
86,053,Champigny en Rochereau
86,054,Champniers
86,055,La Chapelle-Bâton
86,058,La Chapelle-Moulière
86,059,Chapelle-Viviers
86,061,Charroux
86,062,Chasseneuil-du-Poitou
86,063,Chatain
86,064,Château-Garnier
86,065,Château-Larcher
86,066,Châtellerault
86,068,Chaunay
86,069,La Chaussée
86,070,Chauvigny
86,072,Chenevelles
86,073,Cherves
86,074,Chiré-en-Montreuil
86,075,Chouppes
86,076,Cissé
86,077,Civaux
86,078,Civray
86,079,La Roche-Rigault
86,080,Cloué
86,081,Colombiers
86,082,Valence-en-Poitou
86,083,Coulombiers
86,084,Coulonges-les-Hérolles
86,085,Coussay
86,086,Coussay-les-Bois
86,087,Craon
86,088,Croutelle
86,089,Cuhon
86,090,Curçay-sur-Dive
86,091,Curzay-sur-Vonne
86,092,Dangé-Saint-Romain
86,093,Dercé
86,094,Dienné
86,095,Dissay
86,096,Doussay
86,097,La Ferrière-Airoux
86,098,Fleix
86,099,Fleuré
86,100,Fontaine-le-Comte
86,102,Frozes
86,103,Gençay
86,104,Genouillé
86,105,Gizay
86,106,Glénouze
86,107,Gouex
86,108,La Grimaudière
86,109,Guesnes
86,110,Haims
86,111,Ingrandes
86,112,L'Isle-Jourdain
86,113,Iteuil
86,114,Jardres
86,115,Jaunay-Marigny
86,116,Jazeneuil
86,117,Jouhet
86,118,Journet
86,119,Joussé
86,120,Lathus-Saint-Rémy
86,121,Latillé
86,122,Lauthiers
86,123,Boivre-la-Vallée
86,124,Lavoux
86,125,Leigné-les-Bois
86,126,Leignes-sur-Fontaine
86,127,Leigné-sur-Usseau
86,128,Lencloître
86,129,Lésigny
86,130,Leugny
86,131,Lhommaizé
86,132,Liglet
86,133,Ligugé
86,134,Linazay
86,135,Liniers
86,136,Lizant
86,137,Loudun
86,138,Luchapt
86,139,Lusignan
86,140,Lussac-les-Châteaux
86,141,Magné
86,142,Maillé
86,143,Mairé
86,144,Maisonneuve
86,145,Marçay
86,147,Marigny-Chemereau
86,148,Marnay
86,149,Martaizé
86,150,Massognes
86,151,Maulay
86,152,Mauprévoir
86,153,Mazerolles
86,154,Mazeuil
86,156,Messemé
86,157,Mignaloux-Beauvoir
86,158,Migné-Auxances
86,159,Millac
86,160,Mirebeau
86,161,Moncontour
86,162,Mondion
86,163,Montamisé
86,164,Monthoiron
86,165,Montmorillon
86,167,Monts-sur-Guesnes
86,169,Morton
86,170,Moulismes
86,171,Moussac
86,172,Mouterre-sur-Blourde
86,173,Mouterre-Silly
86,174,Naintré
86,175,Nalliers
86,176,Nérignac
86,177,Neuville-de-Poitou
86,178,Nieuil-l'Espoir
86,180,Nouaillé-Maupertuis
86,181,Nueil-sous-Faye
86,182,Orches
86,183,Les Ormes
86,184,Ouzilly
86,186,Oyré
86,187,Paizay-le-Sec
86,189,Payroux
86,190,Persac
86,191,Pindray
86,192,Plaisance
86,193,Pleumartin
86,194,Poitiers
86,195,Port-de-Piles
86,196,Pouançay
86,197,Pouant
86,198,Pouillé
86,200,Pressac
86,201,Prinçay
86,202,La Puye
86,203,Queaux
86,204,Quinçay
86,205,Ranton
86,206,Raslay
86,207,La Roche-Posay
86,209,Roches-Prémarie-Andillé
86,210,Roiffé
86,211,Romagne
86,213,Rouillé
86,214,Saint-Benoît
86,217,Saint-Christophe
86,218,Saint-Clair
86,220,Saint-Gaudent
86,221,Saint-Genest-d'Ambière
86,222,Saint-Georges-lès-Baillargeaux
86,223,Saint-Germain
86,224,Saint-Gervais-les-Trois-Clochers
86,225,Saint-Jean-de-Sauves
86,226,Saint-Julien-l'Ars
86,227,Saint-Laon
86,228,Saint-Laurent-de-Jourdes
86,229,Saint-Léger-de-Montbrillais
86,230,Saint-Léomer
86,233,Valdivienne
86,234,Saint-Martin-l'Ars
86,235,Saint-Maurice-la-Clouère
86,236,Saint-Pierre-de-Maillé
86,237,Saint-Pierre-d'Exideuil
86,239,Sainte-Radégonde
86,241,Saint-Rémy-sur-Creuse
86,242,Saint-Romain
86,244,Saint-Sauvant
86,245,Senillé-Saint-Sauveur
86,246,Saint-Savin
86,247,Val-de-Comporté
86,248,Saint-Secondin
86,249,Saires
86,250,Saix
86,252,Sammarçolles
86,253,Sanxay
86,254,Saulgé
86,255,Savigné
86,256,Savigny-Lévescault
86,257,Savigny-sous-Faye
86,258,Scorbé-Clairvaux
86,260,Sérigny
86,261,Sèvres-Anxaumont
86,262,Sillars
86,263,Smarves
86,264,Sommières-du-Clain
86,265,Sossais
86,266,Surin
86,268,Tercé
86,269,Ternay
86,270,Thollet
86,271,Thurageau
86,272,Thuré
86,273,La Trimouille
86,274,Les Trois-Moutiers
86,275,Usseau
86,276,Usson-du-Poitou
86,279,Vaux-sur-Vienne
86,280,Vellèches
86,281,Saint-Martin-la-Pallu
86,284,Vernon
86,285,Verrières
86,286,Verrue
86,287,Vézières
86,288,Vicq-sur-Gartempe
86,289,Le Vigeant
86,290,La Villedieu-du-Clain
86,291,Villemort
86,292,Villiers
86,293,Vivonne
86,294,Vouillé
86,295,Voulême
86,296,Voulon
86,297,Vouneuil-sous-Biard
86,298,Vouneuil-sur-Vienne
86,299,Vouzailles
86,300,Yversay
87,001,Aixe-sur-Vienne
87,002,Ambazac
87,003,Arnac-la-Poste
87,004,Augne
87,005,Aureil
87,006,Azat-le-Ris
87,007,Balledent
87,008,La Bazeuge
87,009,Beaumont-du-Lac
87,011,Bellac
87,012,Berneuil
87,013,Bersac-sur-Rivalier
87,014,Bessines-sur-Gartempe
87,015,Beynac
87,016,Les Billanges
87,017,Blanzac
87,018,Blond
87,019,Boisseuil
87,020,Bonnac-la-Côte
87,021,Bosmie-l'Aiguille
87,022,Breuilaufa
87,023,Le Buis
87,024,Bujaleuf
87,025,Burgnac
87,027,Bussière-Galant
87,028,Val-d'Oire-et-Gartempe
87,029,Les Cars
87,030,Chaillac-sur-Vienne
87,031,Le Chalard
87,032,Châlus
87,033,Chamboret
87,034,Champagnac-la-Rivière
87,035,Champnétery
87,036,Champsac
87,037,La Chapelle-Montbrandeix
87,038,Chaptelat
87,039,Château-Chervix
87,040,Châteauneuf-la-Forêt
87,041,Châteauponsac
87,042,Le Châtenet-en-Dognon
87,043,Cheissoux
87,044,Chéronnac
87,045,Cieux
87,046,Cognac-la-Forêt
87,047,Compreignac
87,048,Condat-sur-Vienne
87,049,Coussac-Bonneval
87,050,Couzeix
87,051,La Croisille-sur-Briance
87,052,La Croix-sur-Gartempe
87,053,Cromac
87,054,Cussac
87,056,Dinsac
87,057,Dompierre-les-Églises
87,058,Domps
87,059,Le Dorat
87,060,Dournazac
87,061,Droux
87,062,Eybouleuf
87,063,Eyjeaux
87,064,Eymoutiers
87,065,Feytiat
87,066,Flavignac
87,067,Folles
87,068,Fromental
87,069,Gajoubert
87,070,La Geneytouse
87,071,Glandon
87,072,Glanges
87,073,Gorre
87,074,Les Grands-Chézeaux
87,075,Isle
87,076,Jabreilles-les-Bordes
87,077,Janailhac
87,078,Javerdat
87,079,La Jonchère-Saint-Maurice
87,080,Jouac
87,081,Jourgnac
87,082,Ladignac-le-Long
87,083,Laurière
87,084,Lavignac
87,085,Limoges
87,086,Linards
87,087,Lussac-les-Églises
87,088,Magnac-Bourg
87,089,Magnac-Laval
87,090,Mailhac-sur-Benaize
87,091,Maisonnais-sur-Tardoire
87,092,Marval
87,093,Masléon
87,094,Meilhac
87,095,Meuzac
87,096,La Meyze
87,097,Val d'Issoire
87,099,Moissannes
87,100,Montrol-Sénard
87,101,Mortemart
87,103,Nantiat
87,104,Nedde
87,105,Neuvic-Entier
87,106,Nexon
87,107,Nieul
87,108,Nouic
87,109,Oradour-Saint-Genest
87,110,Oradour-sur-Glane
87,111,Oradour-sur-Vayres
87,112,Pageas
87,113,Le Palais-sur-Vienne
87,114,Panazol
87,115,Pensol
87,116,Peyrat-de-Bellac
87,117,Peyrat-le-Château
87,118,Peyrilhac
87,119,Pierre-Buffière
87,120,La Porcherie
87,121,Rancon
87,122,Razès
87,123,Rempnat
87,124,Rilhac-Lastours
87,125,Rilhac-Rancon
87,126,Rochechouart
87,127,La Roche-l'Abeille
87,128,Saint-Pardoux-le-Lac
87,129,Royères
87,130,Roziers-Saint-Georges
87,131,Saillat-sur-Vienne
87,132,Saint-Amand-le-Petit
87,133,Saint-Amand-Magnazeix
87,134,Sainte-Anne-Saint-Priest
87,135,Saint-Auvent
87,137,Saint-Bazile
87,138,Saint-Bonnet-Briance
87,139,Saint-Bonnet-de-Bellac
87,140,Saint-Brice-sur-Vienne
87,141,Saint-Cyr
87,142,Saint-Denis-des-Murs
87,143,Saint-Gence
87,144,Saint-Genest-sur-Roselle
87,145,Saint-Georges-les-Landes
87,146,Saint-Germain-les-Belles
87,147,Saint-Gilles-les-Forêts
87,148,Saint-Hilaire-Bonneval
87,149,Saint-Hilaire-la-Treille
87,150,Saint-Hilaire-les-Places
87,151,Saint-Jean-Ligoure
87,152,Saint-Jouvent
87,153,Saint-Julien-le-Petit
87,154,Saint-Junien
87,155,Saint-Junien-les-Combes
87,156,Saint-Just-le-Martel
87,157,Saint-Laurent-les-Églises
87,158,Saint-Laurent-sur-Gorre
87,159,Saint-Léger-la-Montagne
87,160,Saint-Léger-Magnazeix
87,161,Saint-Léonard-de-Noblat
87,162,Sainte-Marie-de-Vaux
87,163,Saint-Martial-sur-Isop
87,164,Saint-Martin-de-Jussac
87,165,Saint-Martin-le-Mault
87,166,Saint-Martin-le-Vieux
87,167,Saint-Martin-Terressus
87,168,Saint-Mathieu
87,169,Saint-Maurice-les-Brousses
87,170,Saint-Méard
87,172,Saint-Ouen-sur-Gartempe
87,174,Saint-Paul
87,176,Saint-Priest-Ligoure
87,177,Saint-Priest-sous-Aixe
87,178,Saint-Priest-Taurion
87,179,Saint-Sornin-la-Marche
87,180,Saint-Sornin-Leulac
87,181,Saint-Sulpice-Laurière
87,182,Saint-Sulpice-les-Feuilles
87,183,Saint-Sylvestre
87,185,Saint-Victurnien
87,186,Saint-Vitte-sur-Briance
87,187,Saint-Yrieix-la-Perche
87,188,Saint-Yrieix-sous-Aixe
87,189,Les Salles-Lavauguyon
87,190,Sauviat-sur-Vige
87,191,Séreilhac
87,192,Solignac
87,193,Surdoux
87,194,Sussac
87,195,Tersannes
87,197,Thouron
87,198,Vaulry
87,199,Vayres
87,200,Verneuil-Moustiers
87,201,Verneuil-sur-Vienne
87,202,Veyrac
87,203,Vicq-sur-Breuilh
87,204,Videix
87,205,Le Vigen
87,206,Villefavard
88,001,Les Ableuvenettes
88,002,Ahéville
88,003,Aingeville
88,004,Ainvelle
88,005,Allarmont
88,006,Ambacourt
88,007,Ameuvelle
88,008,Anglemont
88,009,Anould
88,010,Aouze
88,011,Arches
88,012,Archettes
88,013,Aroffe
88,014,Arrentès-de-Corcieux
88,015,Attignéville
88,016,Attigny
88,017,Aulnois
88,019,Autigny-la-Tour
88,020,Autreville
88,021,Autrey
88,022,Auzainvilliers
88,023,Avillers
88,024,Avrainville
88,025,Avranville
88,026,Aydoilles
88,027,Badménil-aux-Bois
88,028,La Baffe
88,029,La Vôge-les-Bains
88,030,Bainville-aux-Saules
88,031,Balléville
88,032,Ban-de-Laveline
88,033,Ban-de-Sapt
88,035,Barbey-Seroux
88,036,Barville
88,037,Basse-sur-le-Rupt
88,038,Battexey
88,039,Baudricourt
88,040,Bayecourt
88,041,Bazegney
88,042,Bazien
88,043,Bazoilles-et-Ménil
88,044,Bazoilles-sur-Meuse
88,045,Beaufremont
88,046,Beauménil
88,047,Begnécourt
88,048,Bellefontaine
88,049,Belmont-lès-Darney
88,050,Belmont-sur-Buttant
88,051,Belmont-sur-Vair
88,052,Belrupt
88,053,Belval
88,054,Bertrimoutier
88,055,Bettegney-Saint-Brice
88,056,Bettoncourt
88,057,Le Beulay
88,058,Biécourt
88,059,Biffontaine
88,060,Blémerey
88,061,Bleurville
88,062,Blevaincourt
88,063,Bocquegney
88,064,Bois-de-Champ
88,065,Bonvillet
88,066,Boulaincourt
88,068,La Bourgonce
88,069,Bouxières-aux-Bois
88,070,Bouxurulles
88,071,Bouzemont
88,073,Brantigny
88,074,Brechainville
88,075,La Bresse
88,076,Brouvelieures
88,077,Brû
88,078,Bruyères
88,079,Bulgnéville
88,080,Bult
88,081,Bussang
88,082,Celles-sur-Plaine
88,083,Certilleux
88,084,Chamagne
88,085,Champdray
88,086,Champ-le-Duc
88,087,Chantraine
88,088,La Chapelle-aux-Bois
88,089,La Chapelle-devant-Bruyères
88,090,Charmes
88,091,Charmois-devant-Bruyères
88,092,Charmois-l'Orgueilleux
88,093,Châtas
88,094,Châtel-sur-Moselle
88,095,Châtenois
88,096,Châtillon-sur-Saône
88,097,Chauffecourt
88,098,Chaumousey
88,099,Chavelot
88,100,Chef-Haut
88,101,Cheniménil
88,102,Chermisey
88,103,Circourt
88,104,Circourt-sur-Mouzon
88,105,Claudon
88,106,Ban-sur-Meurthe-Clefcy
88,107,Clérey-la-Côte
88,108,Le Clerjus
88,109,Cleurie
88,110,Clézentaine
88,111,Coinches
88,113,Combrimont
88,114,Contrexéville
88,115,Corcieux
88,116,Cornimont
88,117,Courcelles-sous-Châtenois
88,118,Coussey
88,119,Crainvilliers
88,120,La Croix-aux-Mines
88,121,Damas-aux-Bois
88,122,Damas-et-Bettegney
88,123,Damblain
88,124,Darney
88,125,Darney-aux-Chênes
88,126,Darnieulles
88,127,Deinvillers
88,128,Denipaire
88,129,Derbamont
88,130,Destord
88,131,Deycimont
88,132,Deyvillers
88,133,Dignonville
88,134,Dinozé
88,135,Docelles
88,136,Dogneville
88,137,Dolaincourt
88,138,Dombasle-devant-Darney
88,139,Dombasle-en-Xaintois
88,140,Dombrot-le-Sec
88,141,Dombrot-sur-Vair
88,142,Domèvre-sur-Avière
88,143,Domèvre-sur-Durbion
88,144,Domèvre-sous-Montfort
88,145,Domfaing
88,146,Domjulien
88,147,Dommartin-aux-Bois
88,148,Dommartin-lès-Remiremont
88,149,Dommartin-lès-Vallois
88,150,Dommartin-sur-Vraine
88,151,Dompaire
88,152,Dompierre
88,153,Domptail
88,154,Domrémy-la-Pucelle
88,155,Domvallier
88,156,Doncières
88,157,Dounoux
88,158,Éloyes
88,159,Entre-deux-Eaux
88,160,Épinal
88,161,Escles
88,162,Esley
88,163,Essegney
88,164,Estrennes
88,165,Étival-Clairefontaine
88,166,Évaux-et-Ménil
88,167,Faucompierre
88,168,Fauconcourt
88,169,Fays
88,170,Ferdrupt
88,171,Fignévelle
88,172,Fiménil
88,173,Florémont
88,174,Fomerey
88,175,Fontenay
88,176,Fontenoy-le-Château
88,177,La Forge
88,178,Les Forges
88,179,Fouchécourt
88,180,Frain
88,181,Fraize
88,182,Frapelle
88,183,Frebécourt
88,184,Fremifontaine
88,185,Frenelle-la-Grande
88,186,Frenelle-la-Petite
88,187,Frénois
88,188,Fresse-sur-Moselle
88,189,Fréville
88,190,Frizon
88,192,Gelvécourt-et-Adompt
88,193,Gemaingoutte
88,194,Gemmelaincourt
88,195,Gendreville
88,196,Gérardmer
88,197,Gerbamont
88,198,Gerbépal
88,199,Gignéville
88,200,Gigney
88,201,Girancourt
88,202,Gircourt-lès-Viéville
88,203,Girecourt-sur-Durbion
88,205,Girmont-Val-d'Ajol
88,206,Gironcourt-sur-Vraine
88,208,Godoncourt
88,209,Golbey
88,210,Gorhey
88,212,Grand
88,213,La Grande-Fosse
88,214,Grandrupt-de-Bains
88,215,Grandrupt
88,216,Grandvillers
88,218,Granges-Aumontzey
88,219,Greux
88,220,Grignoncourt
88,221,Gruey-lès-Surance
88,222,Gugnécourt
88,223,Gugney-aux-Aulx
88,224,Hadigny-les-Verrières
88,225,Hadol
88,226,Hagécourt
88,227,Hagnéville-et-Roncourt
88,228,Haillainville
88,229,Harchéchamp
88,230,Hardancourt
88,231,Haréville
88,232,Harmonville
88,233,Harol
88,236,La Haye
88,237,Hennecourt
88,238,Hennezel
88,239,Hergugney
88,240,Herpelmont
88,241,Houécourt
88,242,Houéville
88,243,Housseras
88,244,La Houssière
88,245,Hurbache
88,246,Hymont
88,247,Igney
88,248,Isches
88,249,Jainvillotte
88,250,Jarménil
88,251,Jeanménil
88,252,Jésonville
88,253,Jeuxey
88,254,Jorxey
88,255,Jubainville
88,256,Jussarupt
88,257,Juvaincourt
88,258,Lamarche
88,259,Landaville
88,260,Langley
88,261,Laval-sur-Vologne
88,262,Laveline-devant-Bruyères
88,263,Laveline-du-Houx
88,264,Légéville-et-Bonfays
88,265,Lemmecourt
88,266,Lépanges-sur-Vologne
88,267,Lerrain
88,268,Lesseux
88,269,Liézey
88,270,Liffol-le-Grand
88,271,Lignéville
88,272,Lironcourt
88,273,Longchamp
88,274,Longchamp-sous-Châtenois
88,275,Lubine
88,276,Lusse
88,277,Luvigny
88,278,Maconcourt
88,279,Madecourt
88,280,Madegney
88,281,Madonne-et-Lamerey
88,283,Malaincourt
88,284,Mandray
88,285,Mandres-sur-Vair
88,286,Marainville-sur-Madon
88,287,Marey
88,288,Maroncourt
88,289,Martigny-les-Bains
88,290,Martigny-les-Gerbonvaux
88,291,Martinvelle
88,292,Mattaincourt
88,293,Maxey-sur-Meuse
88,294,Mazeley
88,295,Mazirot
88,296,Médonville
88,297,Méménil
88,298,Ménarmont
88,299,Ménil-en-Xaintois
88,300,Ménil-de-Senones
88,301,Ménil-sur-Belvitte
88,302,Le Ménil
88,303,Midrevaux
88,304,Mirecourt
88,305,Moncel-sur-Vair
88,306,Le Mont
88,307,Mont-lès-Lamarche
88,308,Mont-lès-Neufchâteau
88,309,Monthureux-le-Sec
88,310,Monthureux-sur-Saône
88,311,Montmotier
88,312,Morelmaison
88,313,Moriville
88,314,Morizécourt
88,315,Mortagne
88,316,Morville
88,317,Moussey
88,318,Moyemont
88,319,Moyenmoutier
88,320,Nayemont-les-Fosses
88,321,Neufchâteau
88,322,La Neuveville-devant-Lépanges
88,324,La Neuveville-sous-Châtenois
88,325,La Neuveville-sous-Montfort
88,326,Neuvillers-sur-Fave
88,327,Nomexy
88,328,Nompatelize
88,330,Nonville
88,331,Nonzeville
88,332,Norroy
88,333,Nossoncourt
88,334,Oëlleville
88,335,Offroicourt
88,336,Ollainville
88,338,Ortoncourt
88,340,Padoux
88,341,Pair-et-Grandrupt
88,342,Pallegney
88,343,Parey-sous-Montfort
88,344,Pargny-sous-Mureau
88,345,La Petite-Fosse
88,346,La Petite-Raon
88,347,Pierrefitte
88,348,Pierrepont-sur-l'Arentèle
88,349,Plainfaing
88,350,Pleuvezain
88,351,Plombières-les-Bains
88,352,Pompierre
88,353,Pont-lès-Bonfays
88,354,Pont-sur-Madon
88,355,Portieux
88,356,Les Poulières
88,357,Poussay
88,358,Pouxeux
88,359,Prey
88,360,Provenchères-lès-Darney
88,361,Provenchères-et-Colroy
88,362,Le Puid
88,363,Punerot
88,364,Puzieux
88,365,Racécourt
88,366,Rainville
88,367,Rambervillers
88,368,Ramecourt
88,369,Ramonchamp
88,370,Rancourt
88,371,Raon-aux-Bois
88,372,Raon-l'Étape
88,373,Raon-sur-Plaine
88,374,Rapey
88,375,Raves
88,376,Rebeuville
88,377,Regnévelle
88,378,Regney
88,379,Rehaincourt
88,380,Rehaupal
88,381,Relanges
88,382,Remicourt
88,383,Remiremont
88,385,Remoncourt
88,386,Remomeix
88,387,Removille
88,388,Renauvoid
88,389,Repel
88,390,Robécourt
88,391,Rochesson
88,394,Romain-aux-Bois
88,395,Romont
88,398,Les Rouges-Eaux
88,399,Le Roulier
88,400,Rouvres-en-Xaintois
88,401,Rouvres-la-Chétive
88,402,Roville-aux-Chênes
88,403,Rozerotte
88,404,Rozières-sur-Mouzon
88,406,Rugney
88,407,Ruppes
88,408,Rupt-sur-Moselle
88,409,Saint-Amé
88,410,Sainte-Barbe
88,411,Saint-Baslemont
88,412,Saint-Benoît-la-Chipotte
88,413,Saint-Dié-des-Vosges
88,415,Saint-Étienne-lès-Remiremont
88,416,Saint-Genest
88,417,Saint-Gorgon
88,418,Sainte-Hélène
88,419,Saint-Jean-d'Ormont
88,421,Saint-Julien
88,423,Saint-Léonard
88,424,Sainte-Marguerite
88,425,Saint-Maurice-sur-Mortagne
88,426,Saint-Maurice-sur-Moselle
88,427,Saint-Menge
88,428,Saint-Michel-sur-Meurthe
88,429,Saint-Nabord
88,430,Saint-Ouen-lès-Parey
88,431,Saint-Paul
88,432,Saint-Pierremont
88,433,Saint-Prancher
88,434,Saint-Remimont
88,435,Saint-Remy
88,436,Saint-Stail
88,437,Saint-Vallier
88,438,La Salle
88,439,Sanchey
88,440,Sandaucourt
88,441,Sans-Vallois
88,442,Sapois
88,443,Sartes
88,444,Le Saulcy
88,445,Saulcy-sur-Meurthe
88,446,Saulxures-lès-Bulgnéville
88,447,Saulxures-sur-Moselotte
88,448,Sauville
88,449,Savigny
88,450,Senaide
88,451,Senones
88,452,Senonges
88,453,Seraumont
88,454,Sercœur
88,455,Serécourt
88,456,Serocourt
88,457,Sionne
88,458,Socourt
88,459,Soncourt
88,460,Soulosse-sous-Saint-Élophe
88,461,Suriauville
88,462,Le Syndicat
88,463,Taintrux
88,464,Tendon
88,465,Thaon-les-Vosges
88,466,They-sous-Montfort
88,467,Thiéfosse
88,468,Le Thillot
88,469,Thiraucourt
88,470,Le Tholy
88,471,Les Thons
88,472,Thuillières
88,473,Tignécourt
88,474,Tilleux
88,475,Tollaincourt
88,476,Totainville
88,477,Trampot
88,478,Tranqueville-Graux
88,479,Trémonzey
88,480,Ubexy
88,481,Uriménil
88,482,Urville
88,483,Uxegney
88,484,Uzemain
88,485,La Vacheresse-et-la-Rouillie
88,486,Vagney
88,487,Le Val-d'Ajol
88,488,Valfroicourt
88,489,Valleroy-aux-Saules
88,490,Valleroy-le-Sec
88,491,Les Vallois
88,492,Le Valtin
88,493,Varmonzey
88,494,Vaubexy
88,495,Vaudéville
88,496,Vaudoncourt
88,497,Vaxoncourt
88,498,Vecoux
88,499,Velotte-et-Tatignécourt
88,500,Ventron
88,501,Le Vermont
88,502,Vervezelle
88,503,Vexaincourt
88,504,Vicherey
88,505,Vienville
88,506,Vieux-Moulin
88,507,Villers
88,508,Ville-sur-Illon
88,509,Villoncourt
88,510,Villotte
88,511,Villouxel
88,512,Viménil
88,513,Vincey
88,514,Viocourt
88,515,Vioménil
88,516,Vittel
88,517,Viviers-le-Gras
88,518,Viviers-lès-Offroicourt
88,519,La Voivre
88,520,Les Voivres
88,521,Vomécourt
88,522,Vomécourt-sur-Madon
88,523,Vouxey
88,524,Vrécourt
88,525,Vroville
88,526,Wisembach
88,527,Xaffévillers
88,528,Xamontarupt
88,529,Xaronval
88,530,Xertigny
88,531,Xonrupt-Longemer
88,532,Zincourt
89,002,Aigremont
89,003,Montholon
89,004,Aisy-sur-Armançon
89,005,Ancy-le-Franc
89,006,Ancy-le-Libre
89,007,Andryes
89,008,Angely
89,009,Annay-la-Côte
89,010,Annay-sur-Serein
89,011,Annéot
89,012,Annoux
89,013,Appoigny
89,014,Arces-Dilo
89,015,Arcy-sur-Cure
89,016,Argentenay
89,017,Argenteuil-sur-Armançon
89,018,Armeau
89,019,Arthonnay
89,020,Asnières-sous-Bois
89,021,Asquins
89,022,Athie
89,023,Augy
89,024,Auxerre
89,025,Avallon
89,027,Bagneaux
89,028,Baon
89,029,Bassou
89,030,Bazarnes
89,031,Beaumont
89,032,Beauvilliers
89,033,Beauvoir
89,034,Beine
89,035,Bellechaume
89,036,La Belliole
89,037,Béon
89,038,Bernouil
89,039,Béru
89,040,Bessy-sur-Cure
89,041,Beugnon
89,042,Bierry-les-Belles-Fontaines
89,043,Blacy
89,044,Blannay
89,045,Bleigny-le-Carreau
89,046,Bléneau
89,048,Bœurs-en-Othe
89,049,Bois-d'Arcy
89,050,Bonnard
89,051,Les Bordes
89,053,Branches
89,054,Brannay
89,055,Brienon-sur-Armançon
89,056,Brion
89,057,Brosses
89,058,Bussières
89,059,Bussy-en-Othe
89,060,Bussy-le-Repos
89,061,Butteaux
89,062,Carisey
89,063,La Celle-Saint-Cyr
89,064,Censy
89,065,Cérilly
89,066,Cerisiers
89,067,Cézy
89,068,Chablis
89,069,Chailley
89,071,Chamoux
89,072,Champcevrais
89,073,Champignelles
89,074,Champigny
89,075,Champlay
89,076,Champlost
89,077,Champs-sur-Yonne
89,079,Chamvres
89,080,La Chapelle-sur-Oreuse
89,081,La Chapelle-Vaupelteigne
89,083,Charbuy
89,084,Charentenay
89,085,Charmoy
89,086,Charny Orée de Puisaye
89,087,Chassignelles
89,088,Chassy
89,089,Chastellux-sur-Cure
89,091,Châtel-Censoir
89,092,Châtel-Gérard
89,093,Chaumont
89,094,Chaumot
89,095,Chemilly-sur-Serein
89,096,Chemilly-sur-Yonne
89,098,Cheney
89,099,Cheny
89,100,Chéroy
89,101,Chéu
89,102,Chevannes
89,104,Chichée
89,105,Chichery
89,108,Chitry
89,111,Les Clérimois
89,112,Collan
89,113,Collemiers
89,115,Compigny
89,116,Cornant
89,117,Coulangeron
89,118,Coulanges-la-Vineuse
89,119,Coulanges-sur-Yonne
89,120,Coulours
89,122,Courgenay
89,123,Courgis
89,124,Courlon-sur-Yonne
89,125,Courson-les-Carrières
89,126,Courtoin
89,127,Courtois-sur-Yonne
89,128,Coutarnoux
89,129,Crain
89,130,Deux Rivières
89,131,Cruzy-le-Châtel
89,132,Cry
89,133,Cudot
89,134,Cussy-les-Forges
89,136,Cuy
89,137,Dannemoine
89,139,Diges
89,141,Dissangis
89,142,Dixmont
89,143,Dollot
89,144,Domats
89,145,Domecy-sur-Cure
89,146,Domecy-sur-le-Vault
89,147,Dracy
89,148,Druyes-les-Belles-Fontaines
89,149,Dyé
89,150,Égleny
89,151,Égriselles-le-Bocage
89,152,Épineau-les-Voves
89,153,Épineuil
89,154,Escamps
89,155,Escolives-Sainte-Camille
89,156,Esnon
89,158,Étais-la-Sauvin
89,159,Étaule
89,160,Étigny
89,161,Étivey
89,162,Évry
89,163,La Ferté-Loupière
89,164,Festigny
89,165,Flacy
89,167,Fleury-la-Vallée
89,168,Fleys
89,169,Flogny-la-Chapelle
89,170,Foissy-lès-Vézelay
89,171,Foissy-sur-Vanne
89,172,Fontaine-la-Gaillarde
89,173,Fontaines
89,175,Fontenay-près-Chablis
89,176,Fontenay-près-Vézelay
89,177,Fontenay-sous-Fouronnes
89,179,Fontenoy
89,180,Fouchères
89,181,Fournaudin
89,182,Fouronnes
89,183,Fresnes
89,184,Fulvy
89,186,Germigny
89,187,Gigny
89,188,Girolles
89,189,Gisy-les-Nobles
89,190,Givry
89,191,Gland
89,194,Grimault
89,195,Gron
89,196,Valravillon
89,197,Guillon-Terre-Plaine
89,198,Gurgy
89,199,Gy-l'Évêque
89,200,Hauterive
89,201,Héry
89,202,Irancy
89,203,Island
89,204,L'Isle-sur-Serein
89,205,Jaulges
89,206,Joigny
89,207,Jouancy
89,208,Joux-la-Ville
89,209,Jouy
89,210,Jully
89,211,Junay
89,212,Jussy
89,214,Lailly
89,215,Lain
89,216,Lainsecq
89,217,Lalande
89,218,Laroche-Saint-Cydroine
89,219,Lasson
89,220,Lavau
89,221,Leugny
89,222,Levis
89,223,Lézinnes
89,224,Lichères-près-Aigremont
89,225,Lichères-sur-Yonne
89,226,Lignorelles
89,227,Ligny-le-Châtel
89,228,Lindry
89,229,Lixy
89,230,Looze
89,232,Lucy-le-Bois
89,233,Lucy-sur-Cure
89,234,Lucy-sur-Yonne
89,235,Magny
89,236,Maillot
89,237,Mailly-la-Ville
89,238,Mailly-le-Château
89,239,Malay-le-Grand
89,240,Malay-le-Petit
89,242,Maligny
89,244,Marmeaux
89,245,Marsangy
89,246,Massangis
89,247,Mélisey
89,248,Menades
89,249,Mercy
89,250,Méré
89,251,Merry-la-Vallée
89,252,Merry-Sec
89,253,Merry-sur-Yonne
89,254,Mézilles
89,255,Michery
89,256,Migé
89,257,Migennes
89,259,Môlay
89,261,Molinons
89,262,Molosmes
89,263,Monéteau
89,264,Montacher-Villegardin
89,265,Montigny-la-Resle
89,266,Montillot
89,267,Montréal
89,268,Mont-Saint-Sulpice
89,270,Mouffy
89,271,Moulins-en-Tonnerrois
89,272,Moulins-sur-Ouanne
89,273,Moutiers-en-Puisaye
89,274,Nailly
89,276,Neuvy-Sautour
89,277,Nitry
89,278,Noé
89,279,Noyers
89,280,Nuits
89,281,Les Ormes
89,282,Ormoy
89,283,Ouanne
89,284,Pacy-sur-Armançon
89,285,Pailly
89,286,Parly
89,287,Paron
89,288,Paroy-en-Othe
89,289,Paroy-sur-Tholon
89,290,Pasilly
89,291,Passy
89,292,Percey
89,295,Perrigny
89,296,Perrigny-sur-Armançon
89,297,Pierre-Perthuis
89,298,Piffonds
89,299,Pimelles
89,300,Pisy
89,302,Plessis-Saint-Jean
89,303,Poilly-sur-Serein
89,304,Poilly-sur-Tholon
89,306,Pontaubert
89,307,Pontigny
89,308,Pont-sur-Vanne
89,309,Pont-sur-Yonne
89,310,La Postolle
89,311,Pourrain
89,312,Précy-le-Sec
89,313,Précy-sur-Vrin
89,314,Prégilbert
89,315,Préhy
89,316,Provency
89,318,Quarré-les-Tombes
89,319,Quenne
89,320,Quincerot
89,321,Ravières
89,323,Roffey
89,324,Rogny-les-Sept-Écluses
89,325,Ronchères
89,326,Rosoy
89,327,Rousson
89,328,Rouvray
89,329,Rugny
89,331,Sainpuits
89,332,Saint-Agnan
89,333,Saint-André-en-Terre-Plaine
89,334,Le Val d'Ocre
89,335,Saint-Aubin-sur-Yonne
89,336,Saint-Brancher
89,337,Saint-Bris-le-Vineux
89,338,Saint-Clément
89,339,Sainte-Colombe
89,341,Saint-Cyr-les-Colons
89,342,Saint-Denis-lès-Sens
89,344,Saint-Fargeau
89,345,Saint-Florentin
89,346,Saint-Georges-sur-Baulche
89,347,Saint-Germain-des-Champs
89,348,Saint-Julien-du-Sault
89,349,Saint-Léger-Vauban
89,350,Saint-Loup-d'Ordon
89,351,Sainte-Magnance
89,352,Saint-Martin-des-Champs
89,353,Saint-Martin-d'Ordon
89,354,Saint-Martin-du-Tertre
89,355,Saint-Martin-sur-Armançon
89,359,Saint-Maurice-aux-Riches-Hommes
89,360,Saint-Maurice-le-Vieil
89,361,Saint-Maurice-Thizouaille
89,362,Saint-Moré
89,363,Sainte-Pallaye
89,364,Saint-Père
89,365,Saint-Privé
89,367,Saints-en-Puisaye
89,368,Saint-Sauveur-en-Puisaye
89,369,Saint-Sérotin
89,370,Saint-Valérien
89,371,Sainte-Vertu
89,373,Saligny
89,374,Sambourg
89,375,Santigny
89,376,Sarry
89,377,Sauvigny-le-Beuréal
89,378,Sauvigny-le-Bois
89,379,Savigny-en-Terre-Plaine
89,380,Savigny-sur-Clairis
89,382,Seignelay
89,383,Sementron
89,384,Senan
89,385,Sennevoy-le-Bas
89,386,Sennevoy-le-Haut
89,387,Sens
89,388,Sépeaux-Saint Romain
89,390,Serbonnes
89,391,Sergines
89,392,Sermizelles
89,393,Serrigny
89,394,Sery
89,395,Les Sièges
89,397,Sommecaise
89,398,Sormery
89,399,Soucy
89,400,Sougères-en-Puisaye
89,402,Soumaintrain
89,403,Stigny
89,404,Subligny
89,405,Les Hauts de Forterre
89,406,Talcy
89,407,Tanlay
89,408,Tannerre-en-Puisaye
89,409,Tharoiseau
89,410,Tharot
89,411,Les Vallées de la Vanne
89,412,Thizy
89,413,Thorey
89,414,Thorigny-sur-Oreuse
89,415,Thory
89,416,Thury
89,417,Tissey
89,418,Tonnerre
89,419,Toucy
89,420,Treigny-Perreuse-Sainte-Colombe
89,422,Trichey
89,423,Tronchoy
89,424,Trucy-sur-Yonne
89,425,Turny
89,426,Val-de-Mercy
89,427,Vallan
89,428,Vallery
89,430,Varennes
89,431,Vassy-sous-Pisy
89,432,Vaudeurs
89,433,Vault-de-Lugny
89,434,Vaumort
89,436,Venizy
89,437,Venouse
89,438,Venoy
89,439,Vergigny
89,440,Verlin
89,441,Vermenton
89,442,Vernoy
89,443,Véron
89,445,Vézannes
89,446,Vézelay
89,447,Vézinnes
89,449,Villeblevin
89,450,Villebougis
89,451,Villechétive
89,452,Villecien
89,453,Villefargeau
89,456,Villemanoche
89,458,Villenavotte
89,459,Villeneuve-la-Dondagre
89,460,Villeneuve-la-Guyard
89,461,Villeneuve-l'Archevêque
89,462,Villeneuve-les-Genêts
89,463,Villeneuve-Saint-Salves
89,464,Villeneuve-sur-Yonne
89,465,Villeperrot
89,466,Villeroy
89,467,Villethierry
89,468,Villevallier
89,469,Perceneige
89,470,Villiers-les-Hauts
89,471,Villiers-Louis
89,472,Villiers-Saint-Benoît
89,474,Villiers-Vineux
89,475,Villon
89,477,Villy
89,478,Vincelles
89,479,Vincelottes
89,480,Vinneuf
89,481,Vireaux
89,482,Viviers
89,483,Voisines
89,485,Voutenay-sur-Cure
89,486,Yrouerre
90,001,Andelnans
90,002,Angeot
90,003,Anjoutey
90,004,Argiésans
90,005,Auxelles-Bas
90,006,Auxelles-Haut
90,007,Banvillars
90,008,Bavilliers
90,009,Beaucourt
90,010,Belfort
90,011,Bermont
90,012,Bessoncourt
90,013,Bethonvilliers
90,014,Boron
90,015,Botans
90,016,Bourg-sous-Châtelet
90,017,Bourogne
90,018,Brebotte
90,019,Bretagne
90,020,Buc
90,021,Charmois
90,022,Châtenois-les-Forges
90,023,Chaux
90,024,Chavanatte
90,025,Chavannes-les-Grands
90,026,Chèvremont
90,027,Courcelles
90,028,Courtelevant
90,029,Cravanche
90,030,Croix
90,031,Cunelières
90,032,Danjoutin
90,033,Delle
90,034,Denney
90,035,Dorans
90,036,Eguenigue
90,037,Éloie
90,039,Essert
90,041,Étueffont
90,042,Évette-Salbert
90,043,Faverois
90,044,Felon
90,045,Fêche-l'Église
90,046,Florimont
90,047,Fontaine
90,048,Fontenelle
90,049,Foussemagne
90,050,Frais
90,051,Froidefontaine
90,052,Giromagny
90,053,Grandvillars
90,054,Grosmagny
90,055,Grosne
90,056,Joncherey
90,057,Lachapelle-sous-Chaux
90,058,Lachapelle-sous-Rougemont
90,059,Lacollonge
90,060,Lagrange
90,061,Lamadeleine-Val-des-Anges
90,062,Larivière
90,063,Lebetain
90,064,Lepuix-Neuf
90,065,Lepuix
90,066,Leval
90,067,Menoncourt
90,068,Meroux-Moval
90,069,Méziré
90,070,Montbouton
90,071,Montreux-Château
90,072,Morvillars
90,074,Novillard
90,075,Offemont
90,076,Pérouse
90,077,Petit-Croix
90,078,Petitefontaine
90,079,Petitmagny
90,080,Phaffans
90,081,Réchésy
90,082,Autrechêne
90,083,Recouvrance
90,084,Reppe
90,085,Riervescemont
90,086,Romagny-sous-Rougemont
90,087,Roppe
90,088,Rougegoutte
90,089,Rougemont-le-Château
90,090,Saint-Dizier-l'Évêque
90,091,Saint-Germain-le-Châtelet
90,093,Sermamagny
90,094,Sevenans
90,095,Suarce
90,096,Thiancourt
90,097,Trévenans
90,098,Urcerey
90,099,Valdoie
90,100,Vauthiermont
90,101,Vellescot
90,102,Vescemont
90,103,Vétrigne
90,104,Vézelois
90,105,Villars-le-Sec
91,001,Abbéville-la-Rivière
91,016,Angerville
91,017,Angervilliers
91,021,Arpajon
91,022,Arrancourt
91,027,Athis-Mons
91,035,Authon-la-Plaine
91,037,Auvernaux
91,038,Auvers-Saint-Georges
91,041,Avrainville
91,044,Ballainvilliers
91,045,Ballancourt-sur-Essonne
91,047,Baulne
91,064,Bièvres
91,067,Blandy
91,069,Boigneville
91,075,Bois-Herpin
91,079,Boissy-la-Rivière
91,080,Boissy-le-Cutté
91,081,Boissy-le-Sec
91,085,Boissy-sous-Saint-Yon
91,086,Bondoufle
91,093,Boullay-les-Troux
91,095,Bouray-sur-Juine
91,097,Boussy-Saint-Antoine
91,098,Boutervilliers
91,099,Boutigny-sur-Essonne
91,100,Bouville
91,103,Brétigny-sur-Orge
91,105,Breuillet
91,106,Breux-Jouy
91,109,Brières-les-Scellés
91,111,Briis-sous-Forges
91,112,Brouy
91,114,Brunoy
91,115,Bruyères-le-Châtel
91,121,Buno-Bonnevaux
91,122,Bures-sur-Yvette
91,129,Cerny
91,130,Chalo-Saint-Mars
91,131,Chalou-Moulineux
91,132,Chamarande
91,135,Champcueil
91,136,Champlan
91,137,Champmotteux
91,145,Chatignonville
91,148,Chauffour-lès-Étréchy
91,156,Cheptainville
91,159,Chevannes
91,161,Chilly-Mazarin
91,174,Corbeil-Essonnes
91,175,Corbreuse
91,179,Le Coudray-Montceaux
91,180,Courances
91,184,Courdimanche-sur-Essonne
91,186,Courson-Monteloup
91,191,Crosne
91,195,Dannemois
91,198,D'Huison-Longueville
91,200,Dourdan
91,201,Draveil
91,204,Écharcon
91,207,Égly
91,215,Épinay-sous-Sénart
91,216,Épinay-sur-Orge
91,223,Étampes
91,225,Étiolles
91,226,Étréchy
91,228,Évry-Courcouronnes
91,232,La Ferté-Alais
91,235,Fleury-Mérogis
91,240,Fontaine-la-Rivière
91,243,Fontenay-lès-Briis
91,244,Fontenay-le-Vicomte
91,247,La Forêt-le-Roi
91,248,La Forêt-Sainte-Croix
91,249,Forges-les-Bains
91,272,Gif-sur-Yvette
91,273,Gironville-sur-Essonne
91,274,Gometz-la-Ville
91,275,Gometz-le-Châtel
91,284,Les Granges-le-Roi
91,286,Grigny
91,292,Guibeville
91,293,Guigneville-sur-Essonne
91,294,Guillerval
91,312,Igny
91,315,Itteville
91,318,Janville-sur-Juine
91,319,Janvry
91,326,Juvisy-sur-Orge
91,330,Lardy
91,332,Leudeville
91,333,Leuville-sur-Orge
91,338,Limours
91,339,Linas
91,340,Lisses
91,345,Longjumeau
91,347,Longpont-sur-Orge
91,359,Maisse
91,363,Marcoussis
91,374,Marolles-en-Beauce
91,376,Marolles-en-Hurepoix
91,377,Massy
91,378,Mauchamps
91,386,Mennecy
91,390,Le Mérévillois
91,393,Mérobert
91,399,Mespuits
91,405,Milly-la-Forêt
91,408,Moigny-sur-École
91,411,Les Molières
91,412,Mondeville
91,414,Monnerville
91,421,Montgeron
91,425,Montlhéry
91,432,Morangis
91,433,Morigny-Champigny
91,434,Morsang-sur-Orge
91,435,Morsang-sur-Seine
91,441,Nainville-les-Roches
91,457,La Norville
91,458,Nozay
91,461,Ollainville
91,463,Oncy-sur-École
91,468,Ormoy
91,469,Ormoy-la-Rivière
91,471,Orsay
91,473,Orveau
91,477,Palaiseau
91,479,Paray-Vieille-Poste
91,482,Pecqueuse
91,494,Le Plessis-Pâté
91,495,Plessis-Saint-Benoist
91,507,Prunay-sur-Essonne
91,508,Puiselet-le-Marais
91,511,Pussay
91,514,Quincy-sous-Sénart
91,519,Richarville
91,521,Ris-Orangis
91,525,Roinville
91,526,Roinvilliers
91,533,Saclas
91,534,Saclay
91,538,Saint-Aubin
91,540,Saint-Chéron
91,544,Saint-Cyr-la-Rivière
91,546,Saint-Cyr-sous-Dourdan
91,547,Saint-Escobille
91,549,Sainte-Geneviève-des-Bois
91,552,Saint-Germain-lès-Arpajon
91,553,Saint-Germain-lès-Corbeil
91,556,Saint-Hilaire
91,560,Saint-Jean-de-Beauregard
91,568,Saint-Maurice-Montcouronne
91,570,Saint-Michel-sur-Orge
91,573,Saint-Pierre-du-Perray
91,577,Saintry-sur-Seine
91,578,Saint-Sulpice-de-Favières
91,579,Saint-Vrain
91,581,Saint-Yon
91,587,Saulx-les-Chartreux
91,589,Savigny-sur-Orge
91,593,Sermaise
91,599,Soisy-sur-École
91,600,Soisy-sur-Seine
91,602,Souzy-la-Briche
91,613,Congerville-Thionville
91,617,Tigery
91,619,Torfou
91,629,Valpuiseaux
91,630,Le Val-Saint-Germain
91,631,Varennes-Jarcy
91,634,Vaugrigneuse
91,635,Vauhallan
91,639,Vayres-sur-Essonne
91,645,Verrières-le-Buisson
91,648,Vert-le-Grand
91,649,Vert-le-Petit
91,654,Videlles
91,657,Vigneux-sur-Seine
91,659,Villabé
91,661,Villebon-sur-Yvette
91,662,Villeconin
91,665,La Ville-du-Bois
91,666,Villejust
91,667,Villemoisson-sur-Orge
91,671,Villeneuve-sur-Auvers
91,679,Villiers-le-Bâcle
91,685,Villiers-sur-Orge
91,687,Viry-Châtillon
91,689,Wissous
91,691,Yerres
91,692,Les Ulis
92,002,Antony
92,004,Asnières-sur-Seine
92,007,Bagneux
92,009,Bois-Colombes
92,012,Boulogne-Billancourt
92,014,Bourg-la-Reine
92,019,Châtenay-Malabry
92,020,Châtillon
92,022,Chaville
92,023,Clamart
92,024,Clichy
92,025,Colombes
92,026,Courbevoie
92,032,Fontenay-aux-Roses
92,033,Garches
92,035,La Garenne-Colombes
92,036,Gennevilliers
92,040,Issy-les-Moulineaux
92,044,Levallois-Perret
92,046,Malakoff
92,047,Marnes-la-Coquette
92,048,Meudon
92,049,Montrouge
92,050,Nanterre
92,051,Neuilly-sur-Seine
92,060,Le Plessis-Robinson
92,062,Puteaux
92,063,Rueil-Malmaison
92,064,Saint-Cloud
92,071,Sceaux
92,072,Sèvres
92,073,Suresnes
92,075,Vanves
92,076,Vaucresson
92,077,Ville-d'Avray
92,078,Villeneuve-la-Garenne
93,001,Aubervilliers
93,005,Aulnay-sous-Bois
93,006,Bagnolet
93,007,Le Blanc-Mesnil
93,008,Bobigny
93,010,Bondy
93,013,Le Bourget
93,014,Clichy-sous-Bois
93,015,Coubron
93,027,La Courneuve
93,029,Drancy
93,030,Dugny
93,031,Épinay-sur-Seine
93,032,Gagny
93,033,Gournay-sur-Marne
93,039,L'Île-Saint-Denis
93,045,Les Lilas
93,046,Livry-Gargan
93,047,Montfermeil
93,048,Montreuil
93,049,Neuilly-Plaisance
93,050,Neuilly-sur-Marne
93,051,Noisy-le-Grand
93,053,Noisy-le-Sec
93,055,Pantin
93,057,Les Pavillons-sous-Bois
93,061,Le Pré-Saint-Gervais
93,062,Le Raincy
93,063,Romainville
93,064,Rosny-sous-Bois
93,066,Saint-Denis
93,070,Saint-Ouen-sur-Seine
93,071,Sevran
93,072,Stains
93,073,Tremblay-en-France
93,074,Vaujours
93,077,Villemomble
93,078,Villepinte
93,079,Villetaneuse
94,001,Ablon-sur-Seine
94,002,Alfortville
94,003,Arcueil
94,004,Boissy-Saint-Léger
94,011,Bonneuil-sur-Marne
94,015,Bry-sur-Marne
94,016,Cachan
94,017,Champigny-sur-Marne
94,018,Charenton-le-Pont
94,019,Chennevières-sur-Marne
94,021,Chevilly-Larue
94,022,Choisy-le-Roi
94,028,Créteil
94,033,Fontenay-sous-Bois
94,034,Fresnes
94,037,Gentilly
94,038,L'Haÿ-les-Roses
94,041,Ivry-sur-Seine
94,042,Joinville-le-Pont
94,043,Le Kremlin-Bicêtre
94,044,Limeil-Brévannes
94,046,Maisons-Alfort
94,047,Mandres-les-Roses
94,048,Marolles-en-Brie
94,052,Nogent-sur-Marne
94,053,Noiseau
94,054,Orly
94,055,Ormesson-sur-Marne
94,056,Périgny
94,058,Le Perreux-sur-Marne
94,059,Le Plessis-Trévise
94,060,La Queue-en-Brie
94,065,Rungis
94,067,Saint-Mandé
94,068,Saint-Maur-des-Fossés
94,069,Saint-Maurice
94,070,Santeny
94,071,Sucy-en-Brie
94,073,Thiais
94,074,Valenton
94,075,Villecresnes
94,076,Villejuif
94,077,Villeneuve-le-Roi
94,078,Villeneuve-Saint-Georges
94,079,Villiers-sur-Marne
94,080,Vincennes
94,081,Vitry-sur-Seine
95,002,Ableiges
95,008,Aincourt
95,011,Ambleville
95,012,Amenucourt
95,014,Andilly
95,018,Argenteuil
95,019,Arnouville
95,023,Arronville
95,024,Arthies
95,026,Asnières-sur-Oise
95,028,Attainville
95,039,Auvers-sur-Oise
95,040,Avernes
95,042,Baillet-en-France
95,046,Banthelu
95,051,Beauchamp
95,052,Beaumont-sur-Oise
95,054,Le Bellay-en-Vexin
95,055,Bellefontaine
95,056,Belloy-en-France
95,058,Bernes-sur-Oise
95,059,Berville
95,060,Bessancourt
95,061,Béthemont-la-Forêt
95,063,Bezons
95,074,Boisemont
95,078,Boissy-l'Aillerie
95,088,Bonneuil-en-France
95,091,Bouffémont
95,094,Bouqueval
95,101,Bray-et-Lû
95,102,Bréançon
95,110,Brignancourt
95,116,Bruyères-sur-Oise
95,119,Buhy
95,120,Butry-sur-Oise
95,127,Cergy
95,134,Champagne-sur-Oise
95,139,La Chapelle-en-Vexin
95,141,Charmont
95,142,Chars
95,144,Châtenay-en-France
95,149,Chaumontel
95,150,Chaussy
95,151,Chauvry
95,154,Chennevières-lès-Louvres
95,157,Chérence
95,166,Cléry-en-Vexin
95,169,Commeny
95,170,Condécourt
95,176,Cormeilles-en-Parisis
95,177,Cormeilles-en-Vexin
95,181,Courcelles-sur-Viosne
95,183,Courdimanche
95,197,Deuil-la-Barre
95,199,Domont
95,203,Eaubonne
95,205,Écouen
95,210,Enghien-les-Bains
95,211,Ennery
95,212,Épiais-lès-Louvres
95,213,Épiais-Rhus
95,214,Épinay-Champlâtreux
95,218,Éragny-sur-Oise
95,219,Ermont
95,229,Ézanville
95,241,Fontenay-en-Parisis
95,250,Fosses
95,252,Franconville
95,253,Frémainville
95,254,Frémécourt
95,256,Frépillon
95,257,La Frette-sur-Seine
95,258,Frouville
95,268,Garges-lès-Gonesse
95,270,Genainville
95,271,Génicourt
95,277,Gonesse
95,280,Goussainville
95,287,Grisy-les-Plâtres
95,288,Groslay
95,295,Guiry-en-Vexin
95,298,Haravilliers
95,301,Haute-Isle
95,303,Le Heaulme
95,304,Hédouville
95,306,Herblay-sur-Seine
95,308,Hérouville-en-Vexin
95,309,Hodent
95,313,L'Isle-Adam
95,316,Jagny-sous-Bois
95,323,Jouy-le-Moutier
95,328,Labbeville
95,331,Lassy
95,341,Livilliers
95,348,Longuesse
95,351,Louvres
95,352,Luzarches
95,353,Maffliers
95,355,Magny-en-Vexin
95,365,Mareil-en-France
95,369,Margency
95,370,Marines
95,371,Marly-la-Ville
95,379,Maudétour-en-Vexin
95,387,Menouville
95,388,Menucourt
95,392,Mériel
95,394,Méry-sur-Oise
95,395,Le Mesnil-Aubry
95,409,Moisselles
95,422,Montgeroult
95,424,Montigny-lès-Cormeilles
95,426,Montlignon
95,427,Montmagny
95,428,Montmorency
95,429,Montreuil-sur-Epte
95,430,Montsoult
95,436,Mours
95,438,Moussy
95,445,Nerville-la-Forêt
95,446,Nesles-la-Vallée
95,447,Neuilly-en-Vexin
95,450,Neuville-sur-Oise
95,452,Nointel
95,456,Noisy-sur-Oise
95,459,Nucourt
95,462,Omerville
95,476,Osny
95,480,Parmain
95,483,Le Perchay
95,487,Persan
95,488,Pierrelaye
95,489,Piscop
95,491,Le Plessis-Bouchard
95,492,Le Plessis-Gassot
95,493,Le Plessis-Luzarches
95,500,Pontoise
95,504,Presles
95,509,Puiseux-en-France
95,510,Puiseux-Pontoise
95,523,La Roche-Guyon
95,527,Roissy-en-France
95,529,Ronquerolles
95,535,Sagy
95,539,Saint-Brice-sous-Forêt
95,541,Saint-Clair-sur-Epte
95,543,Saint-Cyr-en-Arthies
95,554,Saint-Gervais
95,555,Saint-Gratien
95,563,Saint-Leu-la-Forêt
95,566,Saint-Martin-du-Tertre
95,572,Saint-Ouen-l'Aumône
95,574,Saint-Prix
95,580,Saint-Witz
95,582,Sannois
95,584,Santeuil
95,585,Sarcelles
95,592,Seraincourt
95,594,Seugy
95,598,Soisy-sous-Montmorency
95,604,Survilliers
95,607,Taverny
95,610,Théméricourt
95,611,Theuville
95,612,Le Thillay
95,625,Us
95,627,Vallangoujard
95,628,Valmondois
95,633,Vaudherland
95,637,Vauréal
95,641,Vémars
95,651,Vétheuil
95,652,Viarmes
95,656,Vienne-en-Arthies
95,658,Vigny
95,660,Villaines-sous-Bois
95,675,Villeron
95,676,Villers-en-Arthies
95,678,Villiers-Adam
95,680,Villiers-le-Bel
95,682,Villiers-le-Sec
95,690,Wy-dit-Joli-Village
